Time_s,RawTarget_deg,Reference_deg,ReferenceRate_rad_s,ReferenceAccel_rad_s2,ActualFFOn_deg,ActualRateFFOn_rad_s,CurrentFFOn_count,ErrorFFOn_deg,ActualFFOff_deg,ActualRateFFOff_rad_s,CurrentFFOff_count,ErrorFFOff_deg
0,-0.078125,0,2.33658493,-5.89224351,0,2.33658493,640.461251086957,0,0,2.33658493,0,0
0.001,0.0218750000000001,0.133612704315551,2.3306926868,-13.4407603676,0.133603900367782,2.3270709798485,1399.96907308297,8.80394776979919e-06,0.133772700710275,2.3329632233585,39.390402492159,-0.000159996394723298
0.002,0.121875,0.266763648032591,2.3196403236,-20.99764794,0.266462937678552,2.31058430435737,2127.77545696129,0.000300710354029313,0.267327671976894,2.32898473865937,161.403257159472,-0.0005640239443007
0.003,0.221875,0.399320899551545,2.3019535204,-28.56529786,0.39818626906674,2.28742736448157,2852.08397650357,0.00113463048479512,0.400622711743496,2.32388990234858,378.733573387124,-0.00130181219194384
0.004,0.321875,0.53002954385996,2.2739203252,-36.160259876,0.528392934621989,2.25764267948279,3644.39841251649,0.00163660923797765,0.53356878541901,2.31680352412478,747.839819756057,-0.00353924155905572
0.005,0.421875,0.659482395476255,2.24069869,-42.8411394,0.656685563141797,2.22061486793444,4297.85937658421,0.00279683233445565,0.666011872336928,2.30633235232063,1152.92946513964,-0.0065294768606802
0.006,0.521875000000001,0.78675349400748,2.19931421,-47.50245364,0.782686071972245,2.17763260862457,4768.11986046935,0.00406742203523051,0.797748704604002,2.29215058609524,1643.9722427361,-0.010995210596525
0.007,0.621875000000001,0.911001380274331,2.1524672532,-49.307246744,0.906101845215799,2.13039057536489,4951.4069662047,0.00489953505853851,0.92854419172862,2.27347320805363,2166.8917528599,-0.0175428114542794
0.008,0.721875000000001,1.0334134171756,2.10354968,-50,1.02676463982707,2.08153552588399,5014.6385144555,0.00664877734853248,1.05813255230126,2.25001392045483,2648.9227513283,-0.024719135125669
0.009,0.821875000000001,1.15223696898569,2.05354968,-50,1.14461375032211,2.03217447148588,5018.0772414924,0.00762321866358206,1.18625079202338,2.22215630956591,3091.06816377699,-0.0340138230376955
0.01,0.921875000000001,1.26826287330638,2.00354968,-50,1.25963596625447,1.98285829043334,5022.05138430815,0.00862690705191818,1.31265761310609,2.19027414017933,3473.66725002049,-0.0443947397997089
0.011,1.021875,1.38233042461368,1.95354968,-50,1.37183371557041,1.93358198734754,5020.20039750413,0.0104967090432701,1.4371382981051,2.15492147656186,3798.13425120302,-0.0548078734914282
0.012,1.121875,1.49220150812465,1.90354968,-50,1.48121081661295,1.88439909161011,5030.23920843029,0.0109906915116906,1.55950947777916,2.11663851316213,4088.96588881624,-0.0673079696545186
0.013,1.221875,1.59983447547757,1.85354968,-50,1.58776948339919,1.83520007230055,5035.65441838731,0.01206499207838,1.67961225339188,2.07573923728961,4335.5639904886,-0.0797777779143167
0.014,1.321875,1.70522932667244,1.80354968,-50,1.69151001143142,1.78602749153933,5037.16413851722,0.0137193152410055,1.79730849567265,2.03263465275932,4543.80566687201,-0.0920791690002195
0.015,1.421875,1.80642771007097,1.75354968,-50,1.79243494368609,1.73691723885308,5050.07879686322,0.0139927663848867,1.91248205690982,1.98768105691232,4733.5004218621,-0.10605434683884
0.016,1.521875,1.90566774183122,1.70354968,-50,1.89054484263901,1.68776429220172,5055.85020551495,0.0151228991921941,2.02503196690004,1.94105194739298,4890.02327061687,-0.119364225068819
0.017,1.621875,2.0021101283939,1.65354968,-50,1.98583914668104,1.63863443565807,5061.87536641014,0.0162709817128659,2.13487104298831,1.89305510278484,5024.19190240086,-0.132760914594416
0.018,1.721875,2.09491557619976,1.60354968,-50,2.0783191108735,1.58952529891182,5074.41854984381,0.0165964653262686,2.24192687215029,1.84389830187344,5145.25278253178,-0.147011295950541
0.019,1.821875,2.18576267236733,1.55354968,-50,2.16798420355946,1.54037688403995,5079.87715147222,0.0177784688078737,2.34613649997906,1.79370393390624,5242.20288644733,-0.160373827611716
0.02,1.921875,2.27325259429783,1.50354968,-50,2.25483404322874,1.49125443007614,5089.83684036802,0.01841855106909,2.44744687898401,1.74269542625337,5328.89361466609,-0.174194284686191
0.021,2.021875,2.35766510399,1.45354968,-50,2.33886892986982,1.44211648677814,5101.50445031363,0.0187961741201747,2.54581410251555,1.69096842708775,5404.50624525183,-0.188148998525543
0.022,2.121875,2.44011926135633,1.40354968,-50,2.42008752655636,1.39294736528075,5106.21308596862,0.0200317347999799,2.64119995569634,1.63862596856945,5462.09418481278,-0.201080694340006
0.023,2.221875,2.51865671865464,1.35354968,-50,2.4984898824049,1.34381113647365,5119.72845266073,0.0201668362497504,2.73357395323012,1.58583483181789,5518.92171576332,-0.21491723457549
0.024,2.321875,2.5946762932125,1.30354968,-50,2.57407555946,1.29462672744764,5130.1924490496,0.0206007337524941,2.82291060808473,1.53260270804355,5564.43588045755,-0.228234314872216
0.025,2.421875,2.66873751452779,1.25354968,-50,2.64684260355881,1.24542228548884,5133.8673688268,0.0218949109689828,2.90918765490407,1.47903436374587,5596.03537322025,-0.240450140376283
0.026,2.521875,2.73832250352699,1.20354968,-50,2.7167916571214,1.19626030115312,5150.69328703304,0.0215308464055913,2.99238951195985,1.42525833504844,5634.64947395929,-0.254067008432856
0.027,2.621875,2.80594914088789,1.15354968,-50,2.78392168482022,1.14701971944563,5159.74211591444,0.022027456067673,3.07250244026039,1.37121040946869,5660.21090813042,-0.2665532993725
0.028,2.721875,2.871057897571,1.10354968,-50,2.84823023658186,1.09777221141408,5166.39747081746,0.0228276609891398,3.14951431350368,1.31701109297921,5678.85212252273,-0.278456415932697
0.029,2.821875,2.93224995097752,1.05354968,-50,2.90971754669015,1.04853980775486,5181.52287505442,0.0225324042873643,3.22341828824912,1.26272428625788,5702.08781039895,-0.291168337271586
0.03,2.921875,2.99148365274575,1.0035496798,-50,2.96838224752002,0.999244560602344,5189.10929785288,0.0231014052257404,3.29420814463847,1.20830785575851,5714.47494595196,-0.302724491892719
0.031,3.021875,3.04763994479666,0.95354967916,-50,3.0242227281734,0.949955925993163,5198.70587989509,0.0234172166232524,3.36187932078299,1.15386180907933,5726.05441461368,-0.314239375986319
0.032,3.121875,3.10043906261051,0.903549679,-50,3.07723883742876,0.900655400212839,5212.09848103524,0.0232002251817505,3.42643033398481,1.09939362266081,5739.03907633454,-0.325991271374294
0.033,3.221875,3.15127982809851,0.853549679,-50,3.12742889401917,0.851308078316985,5218.19619123443,0.0238509340793501,3.4878595463599,1.04489040304341,5742.70857962317,-0.33657971826137
0.034,3.321875,3.19848365185031,0.803549679,-50,3.17479214144838,0.801981145836237,5230.71286909022,0.0236915104019176,3.54616740731805,0.990437903986157,5751.09814500906,-0.347683755467741
0.035,3.421875,3.24288983269639,0.753549679,-50,3.21932805525159,0.752615516664561,5242.35598734536,0.0235617774447949,3.60135557665875,0.935992622300896,5757.19373195882,-0.358465743962365
0.036,3.521875,3.28533766305008,0.703549679,-50,3.2610346502259,0.703219287530153,5246.95212656587,0.0243030128241905,3.65342507218879,0.881575651402308,5755.06304796451,-0.368087409138713
0.037,3.621875,3.3235890221697,0.653549679,-50,3.29991203178727,0.653857338070076,5262.3793230287,0.0236769903824186,3.70237968286042,0.827262629101361,5762.79270841636,-0.378790660690722
0.038,3.721875,3.35960226513126,0.603549679,-50,3.33595930785443,0.604429969424203,5272.26623167927,0.0236429572768319,3.74822276107565,0.772962679108823,5764.19159764985,-0.38862049594439
0.039,3.821875,3.39337739193478,0.553549679,-50,3.3691741932905,0.554988253640146,5277.45474576598,0.0242031986442928,3.79095672378389,0.718734024257826,5760.25715090853,-0.397579331849122
0.04,3.921875,3.42295605094196,0.503549679,-50,3.39955710501372,0.505575438185957,5293.36310840904,0.0233989459282333,3.83058705838721,0.664625620731868,5766.54166068097,-0.407631007445242
0.041,4.021875,3.45057635831085,0.453549679,-50,3.42710687227816,0.456092855659405,5301.53701749305,0.0234694860326985,3.86711795612516,0.610543267741468,5764.70616832487,-0.416541597814296
0.042,4.121875,3.47539902048219,0.403549679,-50,3.45182153932009,0.406611771172197,5309.45520983083,0.0235774811620933,3.90055304853927,0.55656162892788,5762.32847887024,-0.42515402805707
0.043,4.221875,3.49658474389669,0.353549679,-50,3.47370125930118,0.357134534996436,5323.45309163375,0.0228834845955188,3.93089824455643,0.502685536397436,5765.82891138589,-0.434313500659743
0.044,4.321875,3.51581211567291,0.303549679,-50,3.49274465017602,0.307605208024161,5329.9899498898,0.0230674654968882,3.95815803760526,0.44886074783127,5761.73935907666,-0.442345921932356
0.045,4.421875,3.53168231321205,0.253549679,-50,3.50895069610663,0.258092512412738,5340.70528233477,0.022731617105426,3.98233736532912,0.395157011568626,5761.76123133972,-0.45065505211707
0.046,4.521875,3.54447509851287,0.203549679,-50,3.52231924798016,0.208557980421018,5352.85272014702,0.0221558505327077,4.00344207452938,0.341536314872369,5763.20078205052,-0.458966976016515
0.047,4.621875,3.55530953102948,0.153549678992,-50,3.5328486781873,0.158988470526013,5357.80603772366,0.0224608528421821,4.02147654569126,0.287985486389452,5757.47634474703,-0.466167014661777
0.048,4.721875,3.56222726026951,0.103549678928,-50,3.54053888028152,0.10945022284964,5371.36628158477,0.0216883799879989,4.03644666701096,0.234570326513876,5760.42652971939,-0.474219406741456
0.049,4.821875,3.56662711089439,0.0535496788856,-50,3.54538937562129,0.059864005213643,5381.70595002854,0.0212377352731042,4.04835791941428,0.181210818434361,5760.25533466498,-0.481730808519891
0.05,4.921875,3.56906861148526,0.00354967886,-50,3.5473982666772,0.0102595212652992,5385.11394644994,0.0216703448080668,4.05721431171585,0.12793559258687,5753.27790931559,-0.488145700230602
0.051,5.021875,3.5670338760931,-0.0464503211144,-50,3.54656633459328,-0.0392994293000015,5401.55345703769,0.0204675414998291,4.0630224630434,0.0748071356526565,5759.47914000813,-0.495988586950307
0.052,5.121875,3.56304078906265,-0.0964503210720001,-50,3.54289275162483,-0.0889328069893333,5410.11633327642,0.0201480374378244,4.06578730274475,0.02170397650432,5757.96864795353,-0.502746513682112
0.053,5.221875,3.5565298213544,-0.146450321008,-50,3.536375332687,-0.138568031404643,5416.20347312649,0.02015448866739,4.06551231165911,-0.0313029762204342,5754.16170669684,-0.508982490304706
0.054,5.321875,3.54610215036957,-0.196450321,-50,3.52701462455872,-0.188182322908729,5430.69334211155,0.0190875258108539,4.06220360299003,-0.0841927443089035,5758.94823014751,-0.516101452620458
0.055,5.421875,3.53371612774644,-0.246450321,-50,3.51480961104973,-0.237853019055647,5437.58980650074,0.0189065166967041,4.05586562082052,-0.137044569272582,5756.34101221717,-0.522149493074082
0.056,5.521875,3.51825269540601,-0.296450321,-50,3.49975906423883,-0.287510173095918,5446.4531289314,0.0184936311671779,4.04650248614545,-0.189790487502607,5755.90707614314,-0.528249790739444
0.057,5.621875,3.4994320860783,-0.346450321,-50,3.48186324104398,-0.337171901113788,5459.07878635812,0.0175688450343223,4.03411968947954,-0.242450657347495,5759.44680012168,-0.534687603401248
0.058,5.721875,3.47865312488312,-0.396450321,-50,3.46112088799547,-0.386872809501557,5464.38406943249,0.0175322368876473,4.0187210927356,-0.295061769389726,5755.88078424194,-0.540067967852486
0.059,5.821875,3.4542372279105,-0.446450321,-50,3.43753169132537,-0.436545490085608,5476.08985813766,0.0167055365851188,4.00031137733326,-0.347558526862198,5758.9318586804,-0.546074149422753
0.06,5.921875,3.42702368344849,-0.496450321,-50,3.41109558019328,-0.486248871270842,5486.90975901435,0.0159281032552109,3.97889534622471,-0.400001984245421,5761.31442297141,-0.551871662776208
0.061,6.021875,3.39785178620227,-0.546450321,-50,3.38181103043265,-0.535974755303304,5490.67549247888,0.0160407557696265,3.95447622710628,-0.452386073861178,5756.86000876602,-0.556624440904011
0.062,6.121875,3.36448342459746,-0.596450321,-50,3.34967861292503,-0.58565820896339,5505.26941831664,0.0148048116724278,3.92705922082236,-0.50464798752734,5763.44995757398,-0.562575796224913
0.063,6.221875,3.32887694500114,-0.646450321,-50,3.31469790298288,-0.63539891738801,5514.3239930815,0.0141790420182667,3.89664841125532,-0.556889522756354,5764.71501019721,-0.567771466254183
0.064,6.321875,3.2910323474133,-0.696450321,-50,3.27686708264679,-0.685145829802408,5518.68425605719,0.014165264766501,3.86324636853147,-0.609061722089896,5761.49790710643,-0.572214021118162
0.065,6.421875,3.24899128202913,-0.746450321,-50,3.23618703396538,-0.73485574892194,5533.77108101857,0.0128042480637419,3.82685824354575,-0.661123457166036,5769.21673926746,-0.577866961516615
0.066,6.521875,3.20499186500667,-0.796450321,-50,3.1926570477567,-0.784627416456482,5541.13237773935,0.01233481724998,3.78748747824733,-0.713175509808689,5769.41623533906,-0.582495613240669
0.067,6.621875,3.15819480278665,-0.846450321,-50,3.14627562498381,-0.834389661836177,5548.24871830254,0.0119191778028329,3.74513660876946,-0.765148717133605,5769.57346202461,-0.586941805982815
0.068,6.721875,3.1077608018098,-0.896450321,-50,3.09704336963883,-0.884140246068714,5561.45701843472,0.0107174321709559,3.69981016025557,-0.817042812472674,5776.02156930608,-0.592049358445764
0.069,6.821875,3.05536844827793,-0.94645032084,-50,3.04495934373804,-0.933935233256907,5567.21779737001,0.0104091045398843,3.65151100394746,-0.868915794550958,5775.21710537282,-0.596142555669518
0.07,6.921875,2.9996189177588,-0.9964503202,-50,2.99002296802421,-0.983706037381163,5577.1715457439,0.00959594973459511,3.60024226010028,-0.920700972438834,5778.79643189665,-0.60062334234148
0.071,7.021875,2.94079198004336,-1.04645032,-50,2.93223452190952,-1.03349127124407,5588.57262578419,0.0085574581338324,3.5460078002303,-0.972438813105003,5784.00966491519,-0.605215820186936
0.072,7.121875,2.88000669137718,-1.09645032,-50,2.87159279781202,-1.08330422793085,5592.79543272095,0.00841389356516791,3.48880990382521,-1.02414442186191,5782.22687112041,-0.608803212448038
0.073,7.221875,2.81530469622586,-1.14645032,-50,2.80809810047176,-1.13307882435859,5605.64148923404,0.00720659575409405,3.42865226008307,-1.07575348522233,5789.24519212456,-0.613347563857223
0.074,7.321875,2.74808482245938,-1.19645032,-50,2.74175035331764,-1.18289445388179,5615.2835754175,0.00633446914174618,3.36553807673363,-1.12734712308778,5793.23299985242,-0.617453254274245
0.075,7.421875,2.67890659865889,-1.24645032,-50,2.67254805158879,-1.23272157637211,5618.01078997257,0.00635854707011255,3.29946903563155,-1.17889747864564,5790.47497934361,-0.620562436972663
0.076,7.521875,2.60525213887538,-1.29645032,-50,2.60049235978466,-1.28249655719648,5633.78641849517,0.00475977909072466,3.23044939268291,-1.2303425573637,5800.93001533588,-0.625197253807528
0.077,7.621875,2.52963932745358,-1.34645032,-50,2.52558282403972,-1.33233952258299,5641.7023285683,0.00405650341387687,3.15848169269066,-1.28180408254088,5803.68560278139,-0.628842365237076
0.078,7.721875,2.45150863535398,-1.39645032,-50,2.44781762365626,-1.38217805774581,5647.15936554951,0.00369101169771302,3.08356702334356,-1.33321119375853,5804.13825556413,-0.632058387989588
0.079,7.821875,2.36946123997779,-1.44645032,-50,2.36719766033274,-1.43198954791936,5661.03588242335,0.00226357964506472,3.00570910687845,-1.38454278835939,5813.16204712604,-0.636247866900666
0.08,7.921875,2.2854554918174,-1.49645032,-50,2.28372226338892,-1.48185149423838,5667.33559476858,0.00173322842848818,2.92491000771113,-1.43587783787099,5814.75647433803,-0.639454515893719
0.081,8.021875,2.19837233141868,-1.54645032,-50,2.19739054108812,-1.53169411189418,5675.61857322031,0.000981790330548121,2.84117148613082,-1.4871479867862,5818.47745725421,-0.642799154712138
0.082,8.121875,2.10793199953309,-1.59645032,-50,2.10820307731213,-1.58153567689437,5687.6799968989,-0.000271077779042715,2.75449669730968,-1.53837290001342,5826.11609843558,-0.646564697776586
0.083,8.221875,2.01553331692594,-1.64645032,-50,2.01615893647768,-1.63141095256666,5692.43693361906,-0.00062561955175043,2.66488719851272,-1.58958869012401,5826.58546785247,-0.649353881586779
0.084,8.321875,1.91949769556196,-1.69645032,-50,1.9212581137773,-1.68125268537947,5703.61001043644,-0.00176041821532067,2.57234540158841,-1.64072941395856,5833.60227709043,-0.652847706026445
0.085,8.421875,1.8206644267086,-1.74645032,-50,1.82350083854417,-1.73111995581315,5713.9125049488,-0.00283641183556582,2.47687387853719,-1.69185542431616,5839.87597341733,-0.656209451828587
0.086,8.521875,1.71987280484184,-1.79645032,-50,1.72288587816557,-1.78100471492717,5717.17582291095,-0.00301307332372426,2.37847366758115,-1.74295990736391,5839.2342194046,-0.658600862739295
0.087,8.621875,1.61488471517875,-1.84645032,-50,1.61941408664,-1.83084217518981,5731.28202108763,-0.00452937146125071,2.2771478238285,-1.79397927432601,5849.55541712896,-0.662263108649759
0.088,8.721875,1.50765851119107,-1.89645032,-50,1.51308531413587,-1.88073216441227,5739.86316439378,-0.00542680294479954,2.17289833089024,-1.8450145162884,5854.46806610501,-0.665239819699156
0.089,8.821875,1.39819419287882,-1.94645032,-50,1.4038980094847,-1.93062377066986,5743.76395759432,-0.00570381660586826,2.06572570538104,-1.89601584999631,5854.81339530297,-0.667531512502233
0.09,8.921875,1.28453340333248,-1.99645032,-50,1.29185331366481,-1.98047393223519,5758.40498965718,-0.00731991033233962,1.95563309236059,-1.94694130866561,5866.00860741314,-0.671099689028118
0.091,9.021875,1.16891426054356,-2.04645032,-50,1.1769507687382,-2.03038152354507,5765.33380847447,-0.00803650819464449,1.84262197617768,-1.99789082882538,5869.5979531429,-0.673707715634127
0.092,9.121875,1.05049747026526,-2.09645032,-50,1.05918911940844,-2.08027550322154,5772.03064633875,-0.0086916491431843,1.72669298388551,-2.04879439920961,5873.05845597795,-0.676195513620245
0.093,9.221875,0.928443744209511,-2.14645032,-50,0.938569206101298,-2.13015375813786,5784.83203564296,-0.0101254618917891,1.60784878012983,-2.09965090568583,5882.72352693059,-0.679405035920316
0.094,9.321875,0.804431667203022,-2.19645032,-50,0.815090320161771,-2.18007247454066,5790.19817413882,-0.0106586529587473,1.48609042410448,-2.15051750322978,5885.05032864608,-0.681658756901456
0.095,9.421875,0.677062415959462,-2.24645032,-50,0.68875210475317,-2.2299631854072,5799.76921588324,-0.0116896887937062,1.3614192721605,-2.20132666412332,5891.67606503521,-0.684356856201026
0.096,9.521875,0.546615753738081,-2.29645032,-50,0.559555054984196,-2.27986461925595,5810.79922800641,-0.012939301246127,1.23383747959538,-2.25211802759225,5899.85193659469,-0.687221725857296
0.097,9.621875,0.414210739259614,-2.34645032,-48,0.427498172422283,-2.32979018199376,5597.27095783027,-0.0132874331626623,1.10334565678162,-2.30290588246616,5900.94921031887,-0.689134917522006
0.098,9.721875,0.27788902118371,-2.39645032,-32,0.292639260367769,-2.37767390002371,3904.70747316337,-0.0147502391840506,0.969945870230496,-2.35362511108327,5910.76635574668,-0.692056849046777
0.099,9.821875,0.13967889249632,-2.43238782,-7.00000000000003,0.155485032625787,-2.40991181423177,1834.70747316337,-0.0158061401294688,0.833639750675104,-2.40435604263396,5676.22096050699,-0.693960858178783
0.1,9.921875,-3.36691530453939e-15,-2.45738782,25,0.0170307103716298,-2.42305575967282,-235.29252683663,-0.0170307103716318,0.694491032440756,-2.45285052360454,5285.02011284825,-0.694491032440747
0.101,-9.978125,-0.139678892496322,-2.43238782,41,-0.121630550423161,-2.41713533199843,-2305.29252683663,-0.0180483420731499,0.552669043601718,-2.49767079033116,4094.56994208284,-0.69234793609803
0.102,-9.878125,-0.27788902118371,-2.39645032,50,-0.2594072881788,-2.39218008098693,-4375.29252683663,-0.0184817330049037,0.408594788596314,-2.53146944407331,2877.62671950641,-0.68648380978003
0.103,-9.778125,-0.414210739259614,-2.34645032,50,-0.395209733080951,-2.34821951061451,-5322.03230009089,-0.0190010061786653,0.262906252450004,-2.55401983225445,1587.0777844295,-0.677116991709625
0.104,-9.678125,-0.546615753738081,-2.29645032,50,-0.528245851581811,-2.29561707321222,-5282.99260136717,-0.0183699021562567,0.116266813400417,-2.56466221713121,460.314275689758,-0.662882567138502
0.105,-9.578125,-0.677062415959462,-2.24645032,50,-0.658280697523966,-2.24345533481616,-5243.54352756557,-0.0187817184354855,-0.0306849463692888,-2.564921882031,-508.841995901829,-0.646377469590182
0.106,-9.478125,-0.804431667203022,-2.19645032,50,-0.785339609426744,-2.19173737859359,-5212.31994988916,-0.0190920577762732,-0.177396140916987,-2.55626490675156,-1349.29680472338,-0.627035526286045
0.107,-9.378125,-0.928443744209511,-2.14645032,50,-0.909445826513325,-2.14038684211779,-5190.30997968392,-0.018997917696182,-0.323390200962419,-2.53988916554264,-2079.72234481814,-0.605053543247105
0.108,-9.278125,-1.05049747026526,-2.09645032,50,-1.03061795572574,-2.08931839069942,-5165.72662505739,-0.0198795145395298,-0.468254215919145,-2.51681889176372,-2703.75816495722,-0.582243254346112
0.109,-9.178125,-1.16891426054356,-2.04645032,50,-1.14887282506417,-2.0385552622433,-5151.6763927033,-0.0200414354793924,-0.611632954727559,-2.48804324736388,-3247.9671605712,-0.557281305816009
0.11,-9.078125,-1.28453340333248,-1.99645032,50,-1.26422513857225,-1.98800007877396,-5140.33697944145,-0.0203082647602317,-0.753220816277741,-2.45430548245321,-3716.26409498388,-0.531312587054737
0.111,-8.978125,-1.39819419287882,-1.94645032,50,-1.37668608692137,-1.937627578441,-5125.07268023258,-0.0215081059574386,-0.892753719773436,-2.41631167928155,-4112.24992696929,-0.505440473105375
0.112,-8.878125,-1.50765851119107,-1.89645032,50,-1.48626716341758,-1.88747358703627,-5123.35823455447,-0.0213913477735052,-1.03000705952745,-2.37473369685055,-4462.32672533055,-0.477651451663619
0.113,-8.778125,-1.61488471517875,-1.84645032,50,-1.5929773067902,-1.83741310721847,-5118.47049451177,-0.0219074083885465,-1.16478773615973,-2.32999945374739,-4757.55609643796,-0.450096979019025
0.114,-8.678125,-1.71987280484184,-1.79645032,50,-1.6968227070615,-1.78747518835277,-5110.94449577229,-0.0230500977803502,-1.29692950502608,-2.28261843850685,-5005.26079781714,-0.422943299815758
0.115,-8.578125,-1.8206644267086,-1.74645032,50,-1.79781107635556,-1.73768391244972,-5115.93084646624,-0.0228533503530417,-1.42629336041137,-2.23303198058725,-5226.50915164064,-0.394371066297245
0.116,-8.478125,-1.91949769556196,-1.69645032,50,-1.89594751242151,-1.68792393859793,-5114.74182026186,-0.0235501831404507,-1.55276001053956,-2.18148689682225,-5407.77199982016,-0.366737685022398
0.117,-8.378125,-2.01553331692594,-1.64645032,50,-1.9912354349308,-1.63825203174669,-5114.65258403412,-0.0242978819951327,-1.67622785999064,-2.12835408973383,-5560.82068698602,-0.339305456935309
0.118,-8.278125,-2.10793199953309,-1.59645032,50,-2.08367959597903,-1.58865793732437,-5121.82100547128,-0.0242524035540628,-1.79661344556158,-2.07389559057447,-5695.73131110285,-0.31131855397151
0.119,-8.178125,-2.19837233141868,-1.54645032,50,-2.17328253760227,-1.53907476427118,-5122.5515835805,-0.0250897938164189,-1.91384565003662,-2.01828032434693,-5802.22235083461,-0.284526681382077
0.12,-8.078125,-2.2854554918174,-1.49645032,50,-2.26004658182568,-1.48956172381762,-5128.34886262664,-0.0254089099917146,-2.02786573719254,-1.96177154421651,-5894.77239716482,-0.257589754624859
0.121,-7.978125,-2.36946123997779,-1.44645032,50,-2.34397440845436,-1.44007209360954,-5136.34886878982,-0.0254868315234389,-2.13862622642595,-1.90449889226906,-5973.10772164283,-0.23083501355184
0.122,-7.878125,-2.45150863535398,-1.39645032,50,-2.42506677720503,-1.39058557227158,-5137.82285263038,-0.0264418581489411,-2.24608713146521,-1.84659432794693,-6030.755005694,-0.205421503888762
0.123,-7.778125,-2.52963932745358,-1.34645032,50,-2.50332558606704,-1.34116219439036,-5148.48251608398,-0.0263137413865323,-2.35021772700985,-1.78824916068623,-6085.38931860738,-0.179421600443728
0.124,-7.678125,-2.60525213887538,-1.29645032,50,-2.57875202910703,-1.29171735384108,-5156.42252980262,-0.0265001097683473,-2.45099358203614,-1.72949179275598,-6126.81394330154,-0.154258556839257
0.125,-7.578125,-2.67890659865889,-1.24645032,50,-2.65134559435021,-1.24227610466844,-5157.86397904715,-0.0275610043086825,-2.548394579042,-1.67044439219883,-6152.73638046271,-0.130512019616904
0.126,-7.478125,-2.74808482245938,-1.19645032,50,-2.72110820017329,-1.19289822809897,-5172.7109771844,-0.026976622286083,-2.64240819902629,-1.61125002869067,-6184.35337442501,-0.105676623433087
0.127,-7.378125,-2.81530469622586,-1.14645032,50,-2.78803994157064,-1.14346029485532,-5180.00393894174,-0.0272647546552157,-2.73302452729724,-1.55185654010149,-6201.82898039921,-0.0822801689286255
0.128,-7.278125,-2.88000669137718,-1.09645032,50,-2.85213937116132,-1.09403189516003,-5185.09899697104,-0.0278673202158654,-2.8202358907826,-1.49239433584466,-6211.4956169627,-0.0597708005945713
0.129,-7.178125,-2.94079198004336,-1.04645032,50,-2.91340761403488,-1.0446332349504,-5198.83570273935,-0.0273843660084724,-2.90404041355245,-1.43293536494804,-6225.04064663261,-0.0367515664909102
0.13,-7.078125,-2.9996189177588,-0.9964503202,50,-2.97184409522004,-0.995184764971027,-5205.18399907582,-0.0277748225387676,-2.98443725852954,-1.37344394118335,-6227.16982255257,-0.0151816592292456
0.131,-6.978125,-3.05536844827793,-0.94645032084,50,-3.02744791033249,-0.945754535793825,-5213.67466379477,-0.0279205379454493,-3.06142757651165,-1.31402514070703,-6228.05210679294,0.00605912823371952
0.132,-6.878125,-3.1077608018098,-0.896450321,50,-3.08021953903937,-0.896322809356432,-5226.07759718582,-0.0275412627704256,-3.13501585391341,-1.25469032235644,-6230.01050021867,0.0272550521036015
0.133,-6.778125,-3.15819480278665,-0.846450321,50,-3.13015786450067,-0.84685359510782,-5231.28783285141,-0.0280369382859897,-3.20520661520706,-1.19542945575478,-6222.41899656788,0.0470118124204151
0.134,-6.678125,-3.20499186500667,-0.796450321,50,-3.17726263619925,-0.79741312397317,-5243.00693833684,-0.0277292288074249,-3.2720066112084,-1.13633028532993,-6219.39353069997,0.0670147462017353
0.135,-6.578125,-3.24899128202913,-0.746450321,50,-3.22153378423638,-0.747941469798313,-5253.93170556838,-0.0274574977927543,-3.33542389581833,-1.07735055290523,-6213.98899865458,0.0864326137892011
0.136,-6.478125,-3.2910323474133,-0.696450320999999,50,-3.26296973269638,-0.698445988828896,-5257.8793212669,-0.0280626147169166,-3.39546593405469,-1.01851196076061,-6200.33169471156,0.104433586641394
0.137,-6.378125,-3.32887694500114,-0.646450320999999,50,-3.30157095636463,-0.648990907790556,-5272.71957564266,-0.0273059886364961,-3.45214298149804,-0.95989021563008,-6196.55785906835,0.123266036496896
0.138,-6.278125,-3.36448342459746,-0.596450320999999,50,-3.33733689732252,-0.599475951787568,-5282.07398048643,-0.0271465272749357,-3.50546484804544,-0.901394053492425,-6186.5183253418,0.140981423447985
0.139,-6.178125,-3.39785178620227,-0.546450320999999,50,-3.37026557349969,-0.549951683441822,-5286.7781335137,-0.0275862127025662,-3.55544037488702,-0.843080924116367,-6171.24570782288,0.157588588684764
0.14,-6.078125,-3.42702368344849,-0.496450320999999,50,-3.40035767737481,-0.500460899504161,-5302.24472395755,-0.0266660060736847,-3.60208142013473,-0.784998688172016,-6166.32161343878,0.175057736686244
0.141,-5.978125,-3.4542372279105,-0.446450320999999,50,-3.42761228942198,-0.45090453364952,-5310.01465835653,-0.0266249384885167,-3.64539847529226,-0.727051781361712,-6153.43143588006,0.191161247381761
0.142,-5.878125,-3.47865312488312,-0.396450320999999,50,-3.45202768352144,-0.401353496765483,-5317.5624464037,-0.0266254413616918,-3.6854013876842,-0.669313281890505,-6140.17294028647,0.206748262801069
0.143,-5.778125,-3.4994320860783,-0.346450320999999,50,-3.4736042233131,-0.351809824338583,-5331.21973867628,-0.0258278627652131,-3.72210218599144,-0.611786255252939,-6132.98259011395,0.22267009991314
0.144,-5.678125,-3.51825269540601,-0.296450320999999,50,-3.49234072019775,-0.302217297515036,-5337.44259175379,-0.0259119752082546,-3.75551137800058,-0.554414546728249,-6118.40524389026,0.237258682594573
0.145,-5.578125,-3.53371612774644,-0.246450321,50,-3.50823633661914,-0.252644388859753,-5347.86766125252,-0.0254797911273134,-3.78563980280821,-0.497265875937029,-6108.15246794209,0.25192367506177
0.146,-5.478125,-3.54610215036957,-0.196450321,50,-3.52129108820577,-0.203052407573497,-5359.74602254466,-0.0248110621638031,-3.81249908984503,-0.44030011112426,-6099.53820461653,0.266396939475455
0.147,-5.378125,-3.5565298213544,-0.146450321008,50,-3.53150349999284,-0.153428012934347,-5364.44925438364,-0.0250263213615652,-3.83609927888249,-0.383501894469545,-6083.98646592531,0.279569457528092
0.148,-5.278125,-3.56304078906265,-0.0964503210720001,50,-3.53887360735265,-0.10383726637397,-5377.77646834465,-0.0241671817099868,-3.85645179072816,-0.326934791046604,-6077.3397657958,0.293411001665526
0.149,-5.178125,-3.5670338760931,-0.0464503211144,50,-3.54340106374221,-0.0542007751023191,-5387.89847005827,-0.0236328123508999,-3.87356750991522,-0.270516516275161,-6067.80450334249,0.30653363382212
0.15,-5.078125,-3.56906861148526,0.00354967886,50,-3.54508409498149,-0.00454809797637436,-5391.10264907206,-0.0239845165037617,-3.88745571839982,-0.214273414244183,-6051.69691705521,0.318387106914563
0.151,-4.978125,-3.56662711089439,0.0535496788856,50,-3.54392359767348,0.045057095946952,-5407.35084930552,-0.0227035132209187,-3.89812817726779,-0.158265678815197,-6049.00188200233,0.331501066373404
0.152,-4.878125,-3.56222726026951,0.103549678928,50,-3.53991885240696,0.094734885261845,-5415.73373533322,-0.0223084078625671,-3.90559482656092,-0.102369549698612,-6038.82808284658,0.34336756629141
0.153,-4.778125,-3.55530953102948,0.153549678992,50,-3.53306777598274,0.144412796554755,-5421.65116650537,-0.0222417550467404,-3.90986402700155,-0.0466536585343904,-6026.58909001917,0.354554495972054
0.154,-4.678125,-3.54447509851287,0.203549679,50,-3.52337101121415,0.194068147451944,-5435.98070549425,-0.0211040872987329,-3.91094664176397,0.0088632742645143,-6023.17247901487,0.366471543251098
0.155,-4.578125,-3.53168231321205,0.253549679,50,-3.5108276326148,0.243778364313941,-5442.72541533474,-0.0208546805972697,-3.9088517362561,0.0642627229963411,-6012.5881585514,0.377169423044055
0.156,-4.478125,-3.51581211567291,0.303549679,50,-3.49543649809475,0.293473581670334,-5451.44484587012,-0.0203756175781552,-3.90358792572807,0.11947892683437,-6004.399818697,0.387775810055148
0.157,-4.378125,-3.49658474389669,0.353549679,50,-3.4771979459378,0.34317199020075,-5463.93379007196,-0.0193867979588946,-3.89516506971599,0.174534212829789,-6000.40408832146,0.398580325819288
0.158,-4.278125,-3.47539902048219,0.403549679,50,-3.4561107999496,0.392908264484601,-5469.10899016013,-0.0192882205325705,-3.88359127598107,0.22946740241246,-5989.51758955433,0.408192255498895
0.159,-4.178125,-3.45057635831085,0.453549679,50,-3.43217481987839,0.442615059384123,-5480.6908412922,-0.01840153843245,-3.86887535084579,0.284215289762621,-5985.45894379234,0.418298992534949
0.16,-4.078125,-3.42295605094196,0.503549679,50,-3.40539000491876,0.492351361781966,-5491.39245214353,-0.0175660460232042,-3.85102610356489,0.338840978346378,-5980.93809448239,0.428070052622914
0.161,-3.978125,-3.39337739193478,0.553549679000001,50,-3.37575489772249,0.542109027730925,-5495.0451478346,-0.0176224942123063,-3.83005065200442,0.393340405299179,-5969.78203728957,0.436673260069629
0.162,-3.878125,-3.35960226513126,0.603549679000001,50,-3.3432701330131,0.59182317409802,-5509.5309588882,-0.0163321321181538,-3.80595797359568,0.44765272241403,-5969.86750583035,0.44635570846442
0.163,-3.778125,-3.3235890221697,0.653549679000001,50,-3.30793534716428,0.64159353299994,-5518.48197008485,-0.0156536750054163,-3.77875581781112,0.501881641747927,-5964.82049076438,0.455166795641419
0.164,-3.678125,-3.28533766305008,0.703549679000001,50,-3.2697487806862,0.69136909714857,-5522.74292778636,-0.0155888823638899,-3.74845031200878,0.55598007371825,-5955.47899423383,0.46311264895871
0.165,-3.578125,-3.24288983269639,0.753549679000001,50,-3.22871137168456,0.741106709983625,-5537.73448074843,-0.0141784610118143,-3.71505005862573,0.609908711350938,-5957.25639765993,0.472160225929341
0.166,-3.478125,-3.19848365185031,0.803549679000001,50,-3.1848224647623,0.790905151806036,-5545.0042586534,-0.0136611870880095,-3.67856184811753,0.663770111706816,-5951.692649734,0.480078196267219
0.167,-3.378125,-3.15127982809851,0.853549679000001,50,-3.13808061253178,0.840693288000348,-5552.03260760796,-0.0131992155667268,-3.6389914647489,0.717496840411223,-5946.26009611347,0.487711636650386
0.168,-3.278125,-3.10043906261051,0.903549679000001,50,-3.08848646863555,0.89046891339394,-5565.1562864056,-0.0119525939749558,-3.59634658407945,0.77109031319283,-5947.28725661285,0.49590752146893
0.169,-3.178125,-3.04763994479666,0.953549679160001,50,-3.03603914284544,0.940288124413111,-5570.83561008559,-0.0116008019512305,-3.55063313266798,0.824610165968219,-5941.22603814406,0.502993187871316
0.17,-3.078125,-2.99148365274575,1.0035496798,50,-2.98073810186304,0.990082365433058,-5580.71089459283,-0.0107455508827002,-3.50185719357842,0.877991299761894,-5939.7082387188,0.510373540832681
0.171,-2.978125,-2.93224995097752,1.05354968,50,-2.92258366936527,1.03989027799689,-5592.03635931111,-0.0096662816122419,-3.45002551119706,0.931275729043476,-5939.97950060269,0.517775560219542
0.172,-2.878125,-2.871057897571,1.10354968,50,-2.86157468042708,1.08972518257166,-5596.18625315954,-0.00948321714391404,-3.39514315046416,0.984480063069003,-5933.40547945378,0.524085252893168
0.173,-2.778125,-2.80594914088789,1.15354968,50,-2.79771148091638,1.13952102206774,-5608.96194757734,-0.00823765997150865,-3.33721650109011,1.03754144938222,-5935.77897377088,0.531267360202209
0.174,-2.678125,-2.73832250352699,1.20354968,50,-2.73099403394161,1.18935721440125,-5618.53614666447,-0.00732846958538178,-3.27625138881559,1.09054242669437,-5935.26416579127,0.53792888528861
0.175,-2.578125,-2.66873751452779,1.25354968,50,-2.66142087303531,1.23920424326824,-5621.1978321598,-0.00731664149248287,-3.21225203338165,1.14345651625827,-5928.14159227645,0.543514518853853
0.176,-2.478125,-2.59467629321251,1.30354968,50,-2.58899319965716,1.28899849674704,-5636.91014532182,-0.00568309355533212,-3.14522515077793,1.19622306130702,-5934.36604791609,0.550548857565422
0.177,-2.378125,-2.51865671865464,1.35354968,50,-2.51371059563966,1.33886012241405,-5644.76490192562,-0.00494612301499014,-3.07517567038001,1.24896508320282,-5933.02111813529,0.556518951725381
0.178,-2.278125,-2.44011926135633,1.40354968,50,-2.43557127477457,1.38871672632202,-5650.16285893353,-0.00454798658176772,-3.00210699116378,1.3016129816107,-5929.49946036824,0.561987729807441
0.179,-2.178125,-2.35766510399,1.45354968,50,-2.35457617208006,1.43854571369841,-5663.98224341208,-0.00308893190994808,-2.92602507552808,1.35414687652459,-5934.6713448099,0.568359971538075
0.18,-2.078125,-2.27325259429783,1.50354968,50,-2.27072464908417,1.48842460448157,-5670.22671685244,-0.00252794521366945,-2.84693415905463,1.40664692523823,-5932.53262817708,0.573681564756811
0.181,-1.978125,-2.18576267236733,1.55354968,50,-2.18401584519623,1.53828363213966,-5678.45627950701,-0.00174682717108803,-2.76483810627127,1.45904592268334,-5932.63566542986,0.579075433903937
0.182,-1.878125,-2.09491557619976,1.60354968,50,-2.09445037441619,1.58814109028131,-5690.46606096063,-0.000465201783581046,-2.67974211166411,1.51136464962513,-5936.7681059584,0.584826535464358
0.183,-1.778125,-2.0021101283939,1.65354968,50,-2.00202733028434,1.63803175935221,-5695.17304578007,-8.27981095563333e-05,-2.59164970883798,1.56364030099303,-5933.83962332461,0.589539580444077
0.184,-1.678125,-1.90566774183122,1.70354968,50,-1.90674673615867,1.68788840214639,-5706.29779079082,0.00107899432745971,-2.50056522490978,1.61580798306108,-5937.56363533669,0.594897483078561
0.185,-1.578125,-1.80642771007097,1.75354968,50,-1.80860884862168,1.73777011479834,-5716.55349746917,0.00218113855071038,-2.40649308793501,1.66792906613243,-5940.64637812167,0.600065377864034
0.186,-1.478125,-1.70522932667244,1.80354968,50,-1.70761246143379,1.78766886329712,-5719.77152512948,0.00238313476135658,-2.30943613478363,1.71999772275865,-5936.91242005099,0.604206808111189
0.187,-1.378125,-1.59983447547756,1.85354968,50,-1.60375845412414,1.8375198745902,-5733.83388879027,0.00392397864656449,-2.20939916355538,1.77195132055284,-5944.23715953969,0.60956468807781
0.188,-1.278125,-1.49220150812465,1.90354968,50,-1.49704670157386,1.88742299056146,-5742.37261576145,0.00484519344922099,-2.10638584688984,1.82389177787375,-5946.24618088824,0.614184338765197
0.189,-1.178125,-1.38233042461368,1.95354968,50,-1.38747567653139,1.93732731299109,-5746.23235966882,0.00514525191770423,-2.00039833811095,1.87577021048222,-5943.7778669908,0.618067913497265
0.19,-1.078125,-1.26826287330638,2.00354968,50,-1.27504654312084,1.98718979336491,-5760.83362129436,0.0067836698144616,-1.89144136826791,1.92754552303228,-5952.24661838043,0.623178494961516
0.191,-0.978124999999999,-1.15223696898568,2.05354968,49.680267728,-1.15975886581676,2.0371093185011,-5732.97042460858,0.00752189683107304,-1.77951795854654,1.97931849636068,-5953.19403489667,0.627280989560858
0.192,-0.878125000000001,-1.0334134171756,2.10354968,48.827648336,-1.04162057068555,2.08669512696382,-5652.40055026516,0.00820715350993855,-1.66463022519793,2.03101993781237,-5954.09454173447,0.631216808022319
0.193,-0.778124999999998,-0.911001380274329,2.1524672532,44.8804643799999,-0.92066465486855,2.13546283457947,-5236.8005052044,0.00966327459422163,-1.54678227588394,2.08264952669272,-5942.70922662291,0.635780895609611
0.194,-0.678125000000001,-0.78675349400748,2.19931421,39.484762764,-0.797026256512432,2.18033143183375,-4688.15838359763,0.0102727625049388,-1.42598146232152,2.13409434481128,-5891.22634401618,0.639227968314029
0.195,-0.578124999999998,-0.659482395476252,2.24069869,31.8858990199999,-0.670963669695387,2.22008297524351,-3898.72479934687,0.0114812742191328,-1.30224893102928,2.18498578094177,-5757.85869832276,0.642766535553025
0.196,-0.478125,-0.530029543859961,2.2739203252,24.30849478,-0.542833315926357,2.25251011478587,-3098.37609268019,0.0128037720664065,-1.17563794548321,2.23457135300588,-5503.93135781605,0.645608401623242
0.197,-0.378124999999998,-0.399320899551542,2.3019535204,16.7432364927999,-0.413057404195944,2.27752378416061,-2333.84935492495,0.0137365046444016,-1.04625504298084,2.28174393590063,-5191.94995859895,0.646934143429301
0.198,-0.278125,-0.266763648032591,2.3196403236,9.19471963520001,-0.282050924607761,2.29546503636047,-1520.70939420333,0.0152872765751717,-0.914253671232364,2.32597317241909,-4749.67534450446,0.647490023199764
0.199,-0.178124999999998,-0.133612704315548,2.3306926868,1.64982818279984,-0.150231595301172,2.30589759198078,-721.02480720459,0.0166188909856118,-0.779836681021807,2.36606492717129,-4251.73739335518,0.64622397670627
0.2,-0.078125,0,2.33658493,-5.89224351,-0.0180257531757663,2.3089568789395,40.5637631777568,0.0180257531757561,-0.643255619532218,2.40151351055304,-3732.33698702093,0.643255619532212
0.201,0.0218750000000023,0.133612704315554,2.3306926868,-13.4407603676002,0.114154512605695,2.3050048091559,882.94511247602,0.0194581917098602,-0.504781971367493,2.43212866489227,-3081.82534124723,0.638394675683038
0.202,0.121875,0.266763648032591,2.3196403236,-20.99764794,0.245886498434974,2.29330895666693,1682.88022061074,0.0208771495976244,-0.36472701274272,2.45671165860117,-2430.65832697022,0.631490660775298
0.203,0.221875000000002,0.399320899551548,2.3019535204,-28.5652978600002,0.37673804925847,2.27427182975448,2469.94561480028,0.022582850293081,-0.223436265879226,2.47526581213846,-1755.58396750173,0.622757165430774
0.204,0.321875,0.530029543859961,2.2739203252,-36.160259876,0.506292258968449,2.2480232087622,3316.84320973216,0.0237372848915108,-0.081261191202106,2.48758052263066,-990.933635053241,0.611290735062063
0.205,0.421875000000003,0.659482395476258,2.24069869,-42.8411394000001,0.634120490201113,2.21402381525908,4017.75917226374,0.0253619052751478,0.0614173858973948,2.49284136226307,-244.465085531505,0.59806500957886
0.206,0.521875000000001,0.78675349400748,2.19931421,-47.50245364,0.75981747557525,2.1736286939606,4529.25888281805,0.026936018432225,0.204200413612836,2.49122653693846,540.80042269028,0.582553080394634
0.207,0.621875000000003,0.911001380274335,2.1524672532,-49.307246744,0.883066973536957,2.12859038776304,4748.36560832555,0.0279344067373699,0.346684025320275,2.48238977191745,1316.90031553077,0.564317354954062
0.208,0.721875000000001,1.0334134171756,2.10354968,-50,1.00368021863147,2.08160610906541,4842.69189834514,0.029733198544127,0.488457170734835,2.46642658486809,2016.40196322821,0.544956246440771
0.209,0.821874999999999,1.15223696898568,2.05354968,-50,1.12157868846158,2.03382685413158,4873.10668880885,0.0306582805241132,0.629132040672897,2.44405272559985,2644.95916696165,0.523104928312797
0.21,0.921875000000001,1.26826287330638,2.00354968,-50,1.23673371409669,1.98584184097064,4900.46715216484,0.0315291592097007,0.768360313492643,2.41593081953912,3186.96714042225,0.499902559813744
0.211,1.021875,1.38233042461368,1.95354968,-50,1.34913432059556,1.93767948831722,4918.87424636031,0.0331961040181218,0.905835716575834,2.38286602907695,3647.37692875736,0.476494708037857
0.212,1.121875,1.49220150812465,1.90354968,-50,1.45877271478359,1.88942244204381,4946.44555140377,0.0334287933410623,1.04129676905809,2.34561671898732,4053.76903890358,0.45090473906657
0.213,1.221875,1.59983447547756,1.85354968,-50,1.56564105999602,1.84098653818573,4967.01896038891,0.0341934154815451,1.17451813836673,2.30468633791497,4398.23378245877,0.425316337110834
0.214,1.321875,1.70522932667244,1.80354968,-50,1.66973096075972,1.79243643461596,4981.61905244859,0.0354983659127224,1.3053053997385,2.26065032329258,4688.99182570431,0.399923926933937
0.215,1.421875,1.80642771007097,1.75354968,-50,1.77103745331507,1.74382726285978,5005.82360530587,0.0353902567559131,1.43349490635092,2.214007590495,4947.89526316195,0.372932803720054
0.216,1.521875,1.90566774183122,1.70354968,-50,1.86955462456983,1.69507075343353,5021.31764210232,0.0361131172613992,1.55894581562205,2.16505524230864,5162.09910448881,0.346721926209166
0.217,1.621875,2.0021101283939,1.65354968,-50,1.96527633498847,1.64624727145837,5035.70158340002,0.0368337934054146,1.68153767994623,2.11420809492177,5343.97192337029,0.320572448447679
0.218,1.721875,2.09491557619976,1.60354968,-50,2.0581990428779,1.59736713362033,5055.41711897517,0.0367165333218611,1.80117054064657,2.06176653067963,5504.11118381021,0.293745035553188
0.219,1.821875,2.18576267236733,1.55354968,-50,2.14831809941392,1.54838137706865,5067.0163755268,0.0374445729534077,1.91775884327473,2.00793296966602,5632.69047894999,0.268003829092593
0.22,1.921875,2.27325259429783,1.50354968,-50,2.23562959691118,1.49936483527934,5082.21995423187,0.0376229973866406,2.03123121206407,1.9529999211567,5744.58570436129,0.242021382233756
0.221,2.021875,2.35766510399,1.45354968,-50,2.32013082291523,1.45028439620573,5098.35234391316,0.0375342810747694,2.14152909710657,1.89712258279878,5839.86993540369,0.216136006883433
0.222,2.121875,2.44011926135633,1.40354968,-50,2.4018178744207,1.40113161382761,5106.84922821688,0.0383013869356183,2.24860281451312,1.84045523938973,5912.37263012679,0.191516446843204
0.223,2.221875,2.51865671865464,1.35354968,-50,2.48068862209219,1.35197684692658,5123.56573635959,0.0379680965624578,2.35241313972312,1.78320870557151,5980.03317005904,0.166243578931529
0.224,2.321875,2.59467629321251,1.30354968,-50,2.55674078594415,1.30274447803933,5136.72171232258,0.0379355072683456,2.45292818949025,1.72542842691333,6032.88565407843,0.141748103722247
0.225,2.421875,2.66873751452779,1.25354968,-50,2.6299708615721,1.25346738434501,5142.6473797406,0.0387666529556918,2.55012130900827,1.6672514648341,6068.8390560513,0.118616205519521
0.226,2.521875,2.73832250352699,1.20354968,-50,2.70037819404368,1.20421215400566,5161.34200520975,0.0379443094833238,2.64397424153772,1.60883390574793,6109.26598911227,0.0943482619892723
0.227,2.621875,2.80594914088789,1.15354968,-50,2.76796066967196,1.15486127871902,5171.92906861939,0.0379884712159247,2.7344720335226,1.55013496609419,6134.48414391577,0.0714771073653063
0.228,2.721875,2.871057897571,1.10354968,-50,2.83271494948598,1.10548949630571,5179.83710167853,0.0383429480850122,2.82160258397294,1.49129500277272,6150.96004968869,0.0494553135980654
0.229,2.821875,2.93224995097752,1.05354968,-50,2.89464054261079,1.05612148625099,5195.96874161658,0.0376094083667165,2.90536012320209,1.43239466306128,6170.49813068978,0.026889827775423
0.23,2.921875,2.99148365274575,1.0035496798,-50,2.95373549760047,1.00668158552443,5204.34900991624,0.0377481551452678,2.98574038750999,1.37340586853119,6177.9064394303,0.00574326523575351
0.231,3.021875,3.04763994479666,0.95354967916,-50,3.00999774157123,0.957241218175635,5214.55668433094,0.0376422032254465,3.06274150966652,1.31444035019221,6183.44325914213,-0.0151015648698614
0.232,3.121875,3.10043906261051,0.903549678999999,-50,3.06342676617607,0.907783572791618,5228.4034107758,0.0370122964344283,3.13636531551636,1.2555152896653,6189.50950507595,-0.0359262529058464
0.233,3.221875,3.15127982809851,0.853549679,-50,3.11402062311305,0.858275196874654,5234.82070659339,0.0372592049854759,3.20661398178901,1.19662575351962,6185.54732313495,-0.055334153690503
0.234,3.321875,3.19848365185032,0.803549678999999,-50,3.16177836609445,0.808784519818839,5247.54192872373,0.0367052857558633,3.27349218540248,1.13786394822883,6185.73217494174,-0.075008533552171
0.235,3.421875,3.24288983269639,0.753549679,-50,3.20669934693792,0.759253518068861,5259.29149412765,0.0361904857584536,3.33700614612923,1.07919152309961,6183.17088485567,-0.0941163134328346
0.236,3.521875,3.28533766305008,0.703549678999998,-50,3.24878151308967,0.70969119336988,5263.91070062235,0.0365561499604234,3.39716170488121,1.02063360409813,6172.03516131259,-0.111824041831118
0.237,3.621875,3.3235890221697,0.653549678999999,-50,3.28802495054937,0.660163193574431,5279.29036024662,0.0355640716203298,3.4539676771744,0.962268898527704,6170.50094793707,-0.130378655004714
0.238,3.721875,3.35960226513126,0.603549678999998,-50,3.32442878843361,0.610570469310122,5289.07021131418,0.035173476697663,3.50743259416382,0.904008773013965,6162.45369568934,-0.147830329032565
0.239,3.821875,3.39337739193478,0.553549678999999,-50,3.35799079706637,0.560964639138601,5294.1017553975,0.0353865948684267,3.55756415978188,0.845912985415452,6148.95631146545,-0.164186767847097
0.24,3.921875,3.42295605094196,0.503549679,-50,3.38871147758299,0.511389407798279,5309.81155853492,0.0342445733589597,3.60437321904021,0.788031422222575,6145.61691774313,-0.181417168098263
0.241,4.021875,3.45057635831085,0.453549678999999,-50,3.41658976744045,0.46174648787767,5317.75252158027,0.0339865908704044,3.64786935933473,0.730270297874894,6134.14401136032,-0.19729300102388
0.242,4.121875,3.47539902048219,0.403549679,-50,3.44162383893447,0.412107457622921,5325.40960871726,0.0337751815477037,3.68806161962833,0.672704254008673,6122.15558303977,-0.212662599146152
0.243,4.221875,3.49658474389669,0.353549679000001,-50,3.46381398957227,0.362474922663407,5339.12360386222,0.0327707543244283,3.72496130441811,0.615337731050993,6116.10583073725,-0.228376560521418
0.244,4.321875,3.51581211567291,0.303549679,-50,3.48315899485622,0.312793149377746,5345.35843190062,0.0326531208166823,3.75857827134957,0.558115783925081,6102.55505905147,-0.242766155676657
0.245,4.421875,3.53168231321206,0.253549678999999,-50,3.49965800703809,0.263131022422725,5355.75758448616,0.0320243061739706,3.78892277456097,0.501107197916724,6093.22835268544,-0.257240461348908
0.246,4.521875,3.54447509851287,0.203549679,-50,3.51331105334551,0.213450199560697,5367.578126325,0.0311640451673575,3.81600591597259,0.444272780915247,6085.45154199528,-0.271530817459729
0.247,4.621875,3.55530953102948,0.153549678992001,-50,3.5241166887899,0.163737632989188,5372.19677785392,0.0311928422395851,3.83983725850819,0.387598003918472,6070.65899329887,-0.2845277274787
0.248,4.721875,3.56222726026951,0.103549678928,-50,3.53207499413469,0.114059629301798,5385.41710772692,0.0301522661348352,3.86042779084962,0.331147164274048,6064.70228943656,-0.298200530580095
0.249,4.821875,3.56662711089439,0.0535496788855989,-50,3.53718568108912,0.0643369994852929,5395.4137679141,0.0294414298052762,3.87778800493783,0.274838625106607,6055.79576138629,-0.311160894043451
0.25,4.921875,3.56906861148526,0.00354967886,-50,3.5394470443782,0.0145994704712809,5398.47749536664,0.0296215671070476,3.89192682512822,0.218699304232938,6040.26261932221,-0.322858213642956
0.251,5.021875,3.5670338760931,-0.0464503211143989,-50,3.53886005825021,-0.0350891516653227,5414.57303186397,0.028173817842895,3.9028556859151,0.162789904213613,6038.09385606052,-0.335821809822013
0.252,5.121875,3.56304078906265,-0.0964503210720001,-50,3.5354240880199,-0.08484883537339,5422.79354326165,0.0276167010427351,3.9105842282601,0.106987116386325,6028.40352271405,-0.347543439197461
0.253,5.221875,3.5565298213544,-0.146450321008001,-50,3.52913714086082,-0.134607020276568,5428.54103269797,0.0273926804935833,3.91512053824724,0.0513599739469566,6016.60988736554,-0.358590716892827
0.254,5.321875,3.54610215036957,-0.196450321,-50,3.51999995437271,-0.184340956895961,5442.69488959623,0.0261021959968526,3.91647522616404,-0.0040724449764242,6013.60463276063,-0.370373075794477
0.255,5.421875,3.53371612774645,-0.246450320999999,-50,3.50801170121603,-0.234128021397058,5449.2597471664,0.0257044265304061,3.91465712392883,-0.0593912953081086,6003.40127809894,-0.380940996182401
0.256,5.521875,3.51825269540601,-0.296450321,-50,3.49317133990762,-0.283898312637823,5457.79649921969,0.0250813554983961,3.90967463063514,-0.114530530558891,5995.56668652862,-0.391421935229124
0.257,5.621875,3.4994320860783,-0.346450321000001,-50,3.47547931102601,-0.333669998046056,5470.10113657168,0.0239527750522992,3.90153740518078,-0.169512221752588,5991.90032804116,-0.402105319102485
0.258,5.721875,3.47865312488312,-0.396450321,-50,3.45493454168716,-0.383477740005544,5475.09136249475,0.0237185831959646,3.89025336859773,-0.224374960826851,5981.32126544229,-0.411600243714599
0.259,5.821875,3.4542372279105,-0.446450320999999,-50,3.43153689539447,-0.433254190043487,5486.48838234439,0.0227003325160387,3.87583115297477,-0.279055335279638,5977.55026570323,-0.421593925064266
0.26,5.921875,3.42702368344849,-0.496450321,-50,3.40528647507512,-0.483058339166488,5497.00605296288,0.0217372083733753,3.85827940460024,-0.333616261954424,5973.29922854498,-0.431255721151742
0.261,6.021875,3.39785178620227,-0.546450321000002,-50,3.37618192668021,-0.532882054428039,5500.47628059227,0.0216698595220614,3.83760508854266,-0.388053509651009,5962.39682645767,-0.439753302340387
0.262,6.121875,3.36448342459746,-0.596450321000001,-50,3.34422398744959,-0.582660469025124,5514.78155558295,0.0202594371478574,3.81381703863126,-0.44230607751446,5962.72124919876,-0.449333614033797
0.263,6.221875,3.32887694500114,-0.646450320999999,-50,3.30941239521717,-0.632493335609498,5523.55441780479,0.0194645497839562,3.78692286909194,-0.496477538586942,5957.89985083896,-0.458045924090801
0.264,6.321875,3.2910323474133,-0.696450321000001,-50,3.27174549065776,-0.682329671583108,5527.63994957022,0.0192868567555561,3.75692857963565,-0.55052067702985,5948.77179978888,-0.46589623222235
0.265,6.421875,3.24899128202913,-0.746450321000002,-50,3.23122431053959,-0.7321263481282,5542.4590334434,0.017766971489532,3.72384265197333,-0.604396070538512,5950.75147234731,-0.4748513699442
0.266,6.521875,3.20499186500667,-0.796450321000001,-50,3.18784829647822,-0.781982175396281,5549.55955899484,0.0171435685284489,3.68767176217501,-0.658206170174772,5945.37977659088,-0.482679897168349
0.267,6.621875,3.15819480278665,-0.846450321,-50,3.14161609632116,-0.831826050967169,5556.42205366748,0.0165787064654974,3.64842158593564,-0.711883444555638,5940.12988417529,-0.490226783148995
0.268,6.721875,3.1077608018098,-0.896450321000001,-50,3.09252845705507,-0.881655803481911,5569.38336805859,0.0152323447547239,3.60609969558118,-0.765429220150989,5941.33100245839,-0.498338893771373
0.269,6.821875,3.05536844827793,-0.946450320840002,-50,3.04058457983584,-0.931527563972653,5574.90393920165,0.0147838684420907,3.5607119193658,-0.818903050082372,5935.43571235878,-0.505343471087858
0.27,6.921875,2.9996189177588,-0.996450320200001,-50,2.98578402073572,-0.981372812489151,5584.62416142084,0.0138348970230774,3.51226424661127,-0.872239758908446,5934.07640311788,-0.512645328852479
0.271,7.021875,2.94079198004336,-1.04645032,-50,2.92812719073919,-1.03123022691486,5595.79828907948,0.0126647893041579,3.46076333218366,-0.925481290190822,5934.49922968427,-0.519971352140308
0.272,7.121875,2.88000669137718,-1.09645032,-50,2.86761301013906,-1.08111316432268,5599.80060020001,0.0123936812381179,3.40621415542749,-0.978644187104121,5928.07032291224,-0.526207464050314
0.273,7.221875,2.81530469622586,-1.14645032,-50,2.80424190791766,-1.13095560443982,5612.43249281601,0.0110627883081877,3.34862302411539,-1.0316655355849,5930.58292549118,-0.533318327889548
0.274,7.321875,2.74808482245938,-1.19645032,-50,2.73801392818303,-1.18083700218684,5621.8666165775,0.0100708942763525,3.28799568546035,-1.08462781691926,5930.20155705437,-0.539910863000962
0.275,7.421875,2.67890659865889,-1.24645032,-50,2.66892768336312,-1.23072787770597,5624.39193535489,0.00997891529576573,3.22433628387443,-1.13750449812794,5923.20710501611,-0.545429685215528
0.276,7.521875,2.60525213887538,-1.29645032,-50,2.59698445173112,-1.28056465530079,5639.9715967351,0.00826768714427636,3.15765146303074,-1.19023487152199,5929.5547177323,-0.552399324155351
0.277,7.621875,2.52963932745358,-1.34645032,-50,2.52218388985741,-1.33046751877503,5647.69732815197,0.00745543759617029,3.08794608281047,-1.24294191087427,5928.32822033685,-0.558306755356887
0.278,7.721875,2.45150863535398,-1.39645032,-50,2.4445242842209,-1.38036410953993,5652.969833556,0.00698435113306627,3.01522347535652,-1.29555597053951,5924.92052769626,-0.563714840002551
0.279,7.821875,2.36946123997779,-1.44645032,-50,2.3640066405165,-1.43023186763886,5666.66732402151,0.00545459946129117,2.93948953876092,-1.34805712763998,5930.20218833771,-0.570028298783138
0.28,7.921875,2.2854554918174,-1.49645032,-50,2.28063038896,-1.48014834762502,5672.79337335184,0.00482510285740291,2.86074844667976,-1.40052549922485,5928.16925082123,-0.57529295486236
0.281,8.021875,2.19837233141868,-1.54645032,-50,2.19439473568981,-1.53004381672104,5680.90791108139,0.0039775957288588,2.77900400396865,-1.4528938418086,5928.37426530394,-0.580631672549982
0.282,8.121875,2.10793199953309,-1.59645032,-50,2.10530035952112,-1.57993660158707,5692.80597635791,0.00263164001197187,2.69426134758954,-1.5051828995946,5932.60504408643,-0.586329348056447
0.283,8.221875,2.01553331692594,-1.64645032,-50,2.01334641694105,-1.6298615148371,5697.40449853143,0.00218689998488445,2.60652395567335,-1.55742983250582,5929.7714472344,-0.590990638747397
0.284,8.321875,1.91949769556196,-1.69645032,-50,1.91853299242728,-1.67975135087559,5708.42396801517,0.000964703134683755,2.51579610181807,-1.60956971357999,5933.58705707312,-0.596298406256098
0.285,8.42187500000001,1.82066442670859,-1.74645032,-50,1.82086040188979,-1.72966523678747,5718.57752784559,-0.000195975181202028,2.42208216241978,-1.66166388144902,5936.75827218179,-0.601417735711195
0.286,8.521875,1.71987280484184,-1.79645032,-50,1.72032749665989,-1.77959516892663,5721.69645150835,-0.000454691818060212,2.32538492445941,-1.71370647853684,5933.10978663302,-0.605512119617559
0.287,8.621875,1.61488471517875,-1.84645032,-50,1.61693521212185,-1.82947640376867,5735.66266596067,-0.00205049694310892,2.2257091378394,-1.76563484353213,5940.51711355726,-0.610824422660643
0.288,8.721875,1.50765851119107,-1.89645032,-50,1.51068347734458,-1.87940881186967,5744.10810890472,-0.00302496615350594,2.12305842862774,-1.81755086696939,5942.60594221924,-0.615399917436659
0.289,8.821875,1.39819419287882,-1.94645032,-50,1.40157081764639,-1.92934152281319,5747.87736058947,-0.00337662476756746,2.01743490514211,-1.869405637794,5940.21476900071,-0.619240712263298
0.29,8.921875,1.28453340333248,-1.99645032,-50,1.28959844814886,-1.97923151517026,5762.39088824045,-0.00506504481638405,1.90884325493076,-1.92115803493023,5948.75814048558,-0.624309851598276
0.291,9.021875,1.16891426054357,-2.04645032,-50,1.17476598278212,-2.02917770249356,5769.19612083367,-0.00585172223855639,1.79728645711312,-1.97290881486855,5949.77772645364,-0.628372196569563
0.292,9.121875,1.05049747026526,-2.09645032,-50,1.05707223590985,-2.07910908136636,5775.77317460658,-0.00657476564458743,1.68276658724932,-2.02458876128888,5950.74804324411,-0.63226911698406
0.293,9.221875,0.928443744209514,-2.14645032,-50,0.936518115475134,-2.12902357549662,5788.4584687745,-0.00807437126563093,1.5652877136411,-2.07619753070673,5958.00006703023,-0.636843969431587
0.294,9.321875,0.804431667203022,-2.19645032,-50,0.8131029782613,-2.17897740686733,5793.71209079283,-0.0086713110582848,1.44485225565935,-2.12779302515081,5957.98859639348,-0.640420588456322
0.295,9.421875,0.677062415959465,-2.24645032,-50,0.686826530853094,-2.22890214312198,5803.17408729482,-0.0097641148936271,1.32146288768543,-2.17930844104865,5962.3485403802,-0.644400471725957
0.296,9.521875,0.546615753738081,-2.29645032,-50,0.55768932982428,-2.27883654640325,5814.09842084138,-0.0110735760862035,1.19512304219365,-2.23078411953652,5968.32887221579,-0.648507288455557
0.297,9.621875,0.414210739259617,-2.34645032,-48.0000000000004,0.42569043630988,-2.32879405522807,5600.46773701192,-0.0114796970502573,1.06583456713499,-2.28223502977562,5967.29869759119,-0.651623827875372
0.298,9.721875,0.27788902118371,-2.39645032,-32,0.290887711337666,-2.37670872762297,3907.80500466535,-0.0129986901539509,0.933600728218967,-2.33359671349731,5975.05438907467,-0.655711707035267
0.299,9.821875,0.139678892496323,-2.43238782,-7.00000000000074,0.153787924655794,-2.40897663513808,1837.80500466535,-0.0141090321594663,0.798424318178384,-2.38495013897088,5738.51150001844,-0.658745425682064
0.3,9.921875,-3.36691530453939e-15,-2.45738782,25,0.015386326303671,-2.42215052739654,-232.194995334655,-0.0153863263036629,0.660370197286294,-2.43404777205564,5345.37514545804,-0.660370197286293
0.301,-9.978125,-0.139678892496319,-2.43238782,40.9999999999997,-0.123223925085568,-2.41626000012199,-2302.19499533466,-0.0164549674107408,0.519608784624805,-2.47945244934717,4153.04954093246,-0.659287677121125
0.302,-9.878125,-0.27788902118371,-2.39645032,50,-0.260951365274668,-2.39133460316472,-4372.19499533466,-0.0169376559090487,0.376562141778798,-2.51381735382726,2934.28910179788,-0.654451162962515
0.303,-9.778125,-0.414210739259611,-2.34645032,50,-0.396706221795943,-2.34740384057274,-5319.53643854192,-0.0175045174636791,0.231869278105044,-2.53691639666537,1641.97936767179,-0.646080017364665
0.304,-9.678125,-0.546615753738081,-2.29645032,50,-0.529696299875866,-2.29482562938527,-5280.5589202656,-0.0169194538622058,0.086194564371574,-2.54809038643312,513.509732379888,-0.632810318109643
0.305,-9.578125,-0.677062415959459,-2.24645032,50,-0.659686475992885,-2.24268750759328,-5241.17205276656,-0.0173759399665772,-0.059822455525418,-2.54886513587204,-457.29968513632,-0.617239960434042
0.306,-9.478125,-0.804431667203022,-2.19645032,50,-0.786702053758459,-2.19099255907105,-5210.01045733022,-0.0177296134445745,-0.205627963794547,-2.54070723780818,-1299.35629949513,-0.598803703408484
0.307,-9.378125,-0.928443744209509,-2.14645032,50,-0.910766237594249,-2.13966442439706,-5188.06203483729,-0.0176775066152622,-0.35074448824557,-2.52481506363423,-2031.33389483281,-0.577699255963942
0.308,-9.278125,-1.05049747026526,-2.09645032,50,-1.03189759986828,-2.08861777381874,-5163.53961712609,-0.0185998703969868,-0.494758243425091,-2.50221332845313,-2656.87356131818,-0.555739226840175
0.309,-9.178125,-1.16891426054356,-2.04645032,50,-1.15011293433584,-2.03787585179176,-5149.54956423737,-0.0188013262077293,-0.637313150580775,-2.4738916610299,-3202.53968850626,-0.53160110996278
0.31,-9.078125,-1.28453340333248,-1.99645032,50,-1.26542691120934,-1.9873412882305,-5138.26945196387,-0.01910649212313,-0.778102787242034,-2.44059376382105,-3672.24848795841,-0.506430616090438
0.311,-8.978125,-1.39819419287882,-1.94645032,50,-1.37785068781258,-1.93698883027567,-5123.06347638814,-0.0203435050662376,-0.916862276767701,-2.40302615739791,-4069.60232215654,-0.48133191611111
0.312,-8.878125,-1.50765851119107,-1.89645032,50,-1.4873957246448,-1.88685431360597,-5121.40629723319,-0.0202627865462789,-1.05336624235022,-2.3618611254901,-4421.00462040351,-0.454292268840859
0.313,-8.778125,-1.61488471517875,-1.84645032,50,-1.5940709282156,-1.83681275148534,-5116.57470333477,-0.020813786963151,-1.18742083744685,-2.31752699823788,-4717.51830765055,-0.427463877731892
0.314,-8.678125,-1.71987280484184,-1.79645032,50,-1.69788245695136,-1.78689320444986,-5109.10368128553,-0.0219903478904754,-1.31885909346518,-2.27053366296023,-4966.46741934063,-0.401013711376662
0.315,-8.578125,-1.8206644267086,-1.74645032,50,-1.79883799203272,-1.73711976611513,-5114.14380233583,-0.0218264346758669,-1.44754130323598,-2.2213228355247,-5188.92151612432,-0.373123123472629
0.316,-8.478125,-1.91949769556196,-1.69645032,50,-1.89694260093956,-1.68737710749616,-5113.00731373532,-0.0225550946224176,-1.57334749532518,-2.1701417071813,-5371.35264014072,-0.346150200236778
0.317,-8.378125,-2.01553331692594,-1.64645032,50,-1.99219967376378,-1.63772200569318,-5112.96936489094,-0.0233336431621469,-1.69617541577423,-2.11736154324587,-5525.53329915539,-0.319357901151705
0.318,-8.278125,-2.10793199953309,-1.59645032,50,-2.08461393372174,-1.58814421842736,-5120.1878136603,-0.0233180658113647,-1.81594096330546,-2.06324472650161,-5661.54071830094,-0.291991036227629
0.319,-8.178125,-2.19837233141868,-1.54645032,50,-2.1741878946766,-1.53857686700312,-5120.96715571923,-0.0241844367420933,-1.93257240245703,-2.00796052256716,-5769.09446853754,-0.265799928961641
0.32,-8.078125,-2.2854554918174,-1.49645032,50,-2.2609238511894,-1.48907917502665,-5126.81193750972,-0.0245316406280124,-2.04601039797247,-1.95177251464664,-5862.67419933414,-0.239445093844942
0.321,-7.978125,-2.36946123997779,-1.44645032,50,-2.34482445630904,-1.43960443248027,-5134.85819203937,-0.02463678366876,-2.15620688883132,-1.89481066461506,-5942.0072079501,-0.213254351146472
0.322,-7.878125,-2.45150863535398,-1.39645032,50,-2.42589044370053,-1.39013235024316,-5136.37718060096,-0.0256181916534562,-2.26312132638293,-1.83720724177177,-6000.62116974584,-0.188387308971063
0.323,-7.778125,-2.52963932745358,-1.34645032,50,-2.50412368600027,-1.34072297503876,-5147.08061912377,-0.0255156414533005,-2.36672244042559,-1.77915385578536,-6056.19211714638,-0.162916887027993
0.324,-7.678125,-2.60525213887539,-1.29645032,50,-2.57952535261311,-1.29129171273151,-5155.0631949546,-0.0257267862622704,-2.46698527196919,-1.72067919983115,-6098.52426635081,-0.138266866906187
0.325,-7.578125,-2.67890659865889,-1.24645032,50,-2.65209490758448,-1.24186362918319,-5156.54601226864,-0.0268116910744163,-2.56388919195411,-1.66190572382098,-6125.32602238855,-0.115017406704788
0.326,-7.478125,-2.74808482245938,-1.19645032,50,-2.72183424598285,-1.19249851724509,-5171.43320514856,-0.0262505764765331,-2.65742118572072,-1.60297677054308,-6157.79500589069,-0.0906636367386711
0.327,-7.378125,-2.81530469622586,-1.14645032,50,-2.78874344015445,-1.14307295905599,-5178.76521047965,-0.0265612560714067,-2.7475708583238,-1.54384044249455,-6176.09612118119,-0.0677338379020561
0.328,-7.278125,-2.88000669137718,-1.09645032,50,-2.85282102071792,-1.09365655603304,-5183.89818420316,-0.0271856706592531,-2.8343300713642,-1.48462740549381,-6186.56260960511,-0.045676620012977
0.329,-7.178125,-2.94079198004336,-1.04645032,50,-2.91406809139718,-1.04426952507652,-5197.67170194031,-0.0267238886461813,-2.91769649804775,-1.42540985700693,-6200.88263091537,-0.0230954819956047
0.33,-7.078125,-2.9996189177588,-0.996450320199999,50,-2.97248405647659,-0.994832327654801,-5204.05573131142,-0.0271348612822121,-2.99766886444628,-1.36615235152415,-6203.7627107466,-0.0019500533125091
0.331,-6.978125,-3.05536844827793,-0.94645032084,50,-3.0280679914349,-0.945413024818871,-5212.58107536079,-0.0273004568430263,-3.07424789808449,-1.30696019844042,-6205.37255968065,0.0188794498065554
0.332,-6.878125,-3.1077608018098,-0.896450320999999,50,-3.0808203563956,-0.895991888737082,-5225.01765988065,-0.0269404454142007,-3.14743767525991,-1.24784498258377,-6208.03590385566,0.0396768734500983
0.333,-6.778125,-3.15819480278665,-0.846450321,50,-3.13074001555402,-0.846532938838638,-5230.26054410579,-0.0274547872326329,-3.21724232307478,-1.1887968925453,-6201.12743976292,0.0590475202881308
0.334,-6.678125,-3.20499186500667,-0.796450320999998,50,-3.17782669999303,-0.797102415777664,-5242.0113212216,-0.0271651650136493,-3.2836682073259,-1.12990388491603,-6198.76378319257,0.0786763423192343
0.335,-6.578125,-3.24899128202913,-0.746450321,50,-3.22208032196408,-0.74764040287797,-5252.96680869996,-0.0269109600650547,-3.34672300886234,-1.07112390708904,-6194.00048996759,0.0977317268332093
0.336,-6.478125,-3.2910323474133,-0.696450320999998,50,-3.26349928823762,-0.69815426561347,-5256.94421862654,-0.0275330591756845,-3.40641383124538,-1.01247886052535,-6180.96449365936,0.115381483832083
0.337,-6.378125,-3.32887694500114,-0.646450320999999,50,-3.30208405680678,-0.648708239690405,-5271.81336632309,-0.0267928881943574,-3.46275057983389,-0.95404464494987,-6177.79265389912,0.133873634832749
0.338,-6.278125,-3.36448342459746,-0.596450320999998,50,-3.33783405346825,-0.599202058948712,-5281.19578837858,-0.0266493711292108,-3.515742725189,-0.895730183334326,-6168.33640449591,0.151259300591533
0.339,-6.178125,-3.39785178620227,-0.546450320999999,50,-3.37074728036054,-0.549686294504259,-5285.92710694306,-0.0271045058417241,-3.56539877971231,-0.837593106628795,-6153.62894128757,0.167546993510025
0.34,-6.078125,-3.42702368344849,-0.496450320999998,50,-3.40082441465106,-0.500203751363901,-5301.42003528108,-0.0261992687974356,-3.61173028294685,-0.779681451053675,-6149.25243468156,0.184706599498372
0.341,-5.978125,-3.4542372279105,-0.446450320999999,50,-3.42806452196898,-0.450655371224701,-5309.21550352575,-0.0261727059415172,-3.6547474177294,-0.721899822405471,-6136.89282434078,0.200510189818907
0.342,-5.878125,-3.47865312488313,-0.396450320999998,50,-3.45246586180267,-0.401112072766866,-5316.7880445028,-0.0261872630804557,-3.69445973231182,-0.664321463696808,-6124.14840441459,0.215806607428687
0.343,-5.778125,-3.4994320860783,-0.346450320999999,50,-3.4740287838402,-0.351575899044651,-5330.46933143922,-0.0254033022381006,-3.73087896559837,-0.606949600107463,-6117.45615093148,0.231446879520062
0.344,-5.678125,-3.51825269540601,-0.296450320999998,50,-3.49275208595783,-0.301990638551891,-5336.71544306693,-0.0255006094481845,-3.76401534460607,-0.549728231638727,-6103.36141906436,0.245762649200059
0.345,-5.578125,-3.53371612774645,-0.246450320999999,50,-3.50863491748959,-0.25242477098592,-5347.16305664693,-0.0250812102568399,-3.79387943638909,-0.492725227824295,-6093.57625635208,0.260163308642647
0.346,-5.478125,-3.54610215036957,-0.196450320999998,50,-3.52167728135691,-0.20283961246974,-5359.06326867924,-0.0244248690126616,-3.82048260679164,-0.435900602162728,-6085.4150714008,0.274380456422064
0.347,-5.378125,-3.5565298213544,-0.146450321007999,50,-3.53187769027865,-0.153221828998563,-5363.78767852718,-0.0246521310757438,-3.84383464019175,-0.379239137572489,-6070.30232799171,0.287304818837348
0.348,-5.278125,-3.56304078906265,-0.0964503210719979,50,-3.5392361676899,-0.103637488521165,-5377.13541785384,-0.0238046213727569,-3.86394670994197,-0.322804535491727,-6064.08097778221,0.300905920879327
0.349,-5.178125,-3.5670338760931,-0.0464503211143989,50,-3.54375235547827,-0.0540072045697018,-5387.27731185899,-0.0232815206148387,-3.88082946081217,-0.266514643466119,-6054.95784401362,0.313795584719075
0.35,-5.078125,-3.56906861148526,0.00354967886000222,50,-3.54542446825116,-0.00436054213351599,-5390.50076914144,-0.0236441432340974,-3.8944919424478,-0.210395933603821,-6039.24957612135,0.325423330962539
0.351,-4.978125,-3.56662711089439,0.0535496788856012,50,-3.54425339174503,0.0452388237828922,-5406.76765216012,-0.0223737191493594,-3.90494569084493,-0.154508723806419,-6036.94144734815,0.338318579950554
0.352,-4.878125,-3.56222726026951,0.103549678927998,50,-3.54023839601776,0.0949109660059019,-5415.16864352173,-0.0219888642517644,-3.91220042795216,-0.0987293739689158,-6027.14252815592,0.349973167682633
0.353,-4.778125,-3.55530953102948,0.153549678991999,50,-3.53337738766471,0.144583405528993,-5421.10362010929,-0.021932143364779,-3.91626430317762,-0.0431266321802294,-6015.26676278538,0.360954772148129
0.354,-4.678125,-3.54447509851287,0.203549679,50,-3.52367099960936,0.194233454555428,-5435.45016163593,-0.0208040989035179,-3.9171479749498,0.0122806683172755,-6012.20208892206,0.372672876436938
0.355,-4.578125,-3.53168231321206,0.253549678999999,50,-3.51111829678143,0.243938534187918,-5442.21134769325,-0.0205640164306334,-3.91486031029497,0.0675738924994667,-6001.95876621778,0.383177997082921
0.356,-4.478125,-3.51581211567291,0.303549678999998,50,-3.49571812780379,0.293628773858705,-5450.94674420773,-0.0200939878691242,-3.90940973224795,0.122687173615296,-5994.10082476793,0.393597616575028
0.357,-4.378125,-3.49658474389669,0.353549678999999,50,-3.47747082196059,0.343322359305935,-5463.45115976923,-0.0191139219361165,-3.90080591410429,0.177642736084057,-5990.42522290107,0.404221170207586
0.358,-4.278125,-3.47539902048219,0.403549679,50,-3.45637519433665,0.393053960318888,-5468.64135176099,-0.019023826145545,-3.88905678317357,0.232479301893817,-5979.84890196533,0.413657762691397
0.359,-4.178125,-3.45057635831085,0.453549678999999,50,-3.4324309962296,0.442756227116594,-5480.23773005963,-0.0181453620812579,-3.87417097093574,0.287133568873963,-5976.09079265457,0.423594612624893
0.36,-4.078125,-3.42295605094196,0.503549678999998,50,-3.4056382186454,0.492488142081112,-5490.95341762557,-0.0173178322965569,-3.85615711723764,0.34166854713463,-5971.86113809925,0.433201066295669
0.361,-3.978125,-3.39337739193478,0.553549678999999,50,-3.37599539630109,0.542241556903042,-5494.6197534404,-0.0173819956336867,-3.83502217580328,0.396080083357085,-5960.9872243336,0.441644783868499
0.362,-3.878125,-3.35960226513126,0.603549679000001,50,-3.34350315623152,0.591951584221494,-5509.11878147489,-0.0160991088997431,-3.81077496502394,0.45030724169175,-5961.34606631751,0.451172699892686
0.363,-3.778125,-3.3235890221697,0.653549678999999,50,-3.30816112736026,0.64171795205552,-5518.08259955611,-0.0154278948094507,-3.78342308027561,0.504453649277249,-5956.56392730985,0.459834058105912
0.364,-3.678125,-3.28533766305008,0.703549678999998,50,-3.26996754297846,0.69148964914575,-5522.35596669959,-0.0153701200716251,-3.75297249960967,0.55847213425212,-5947.47907357865,0.467634836559598
0.365,-3.578125,-3.24288983269639,0.753549679,50,-3.22892333419688,0.74122351508321,-5537.35954393323,-0.0139664984995125,-3.71943168079754,0.612323309920953,-5949.50514246175,0.476541848101147
0.366,-3.478125,-3.19848365185031,0.803549679000001,50,-3.1850278388406,0.791018326439017,-5544.64097284126,-0.0134558130097205,-3.68280727412581,0.666109656101224,-5944.18233061217,0.484323622275488
0.367,-3.378125,-3.15127982809851,0.853549679,50,-3.13827960295451,0.840802944983176,-5551.68061107049,-0.0130002251439895,-3.64310492804717,0.719763663575899,-5938.98322394209,0.491825099948661
0.368,-3.278125,-3.10043906261051,0.903549678999999,50,-3.08867927381762,0.890575162040301,-5564.81522860397,-0.0117597887928867,-3.6003321865307,0.773286675557623,-5940.23657505257,0.49989312392019
0.369,-3.178125,-3.04763994479666,0.95354967916,50,-3.03622595503578,0.940391070642295,-5570.50515132992,-0.0114139897608965,-3.55449484863499,0.826738257700993,-5934.3945164069,0.506854903838322
0.37,-3.078125,-2.99148365274575,1.0035496798,50,-2.98091910733608,0.990182111875035,-5580.39070571079,-0.0105645454096493,-3.50559887388687,0.8800532429525,-5933.08906455726,0.514115221141123
0.371,-2.978125,-2.93224995097752,1.05354968,50,-2.9227590486065,1.03998692409417,-5591.72612132586,-0.00949090237101351,-3.45365088697551,0.93327357981985,-5933.56607351681,0.521400935997989
0.372,-2.878125,-2.871057897571,1.10354968,50,-2.86174460831282,1.08981882467802,-5595.88565697797,-0.00931328925817181,-3.39865583686466,0.986415813647484,-5927.19140410934,0.527597939293655
0.373,-2.778125,-2.80594914088789,1.15354968,50,-2.79787612688806,1.13961175354397,-5608.67069368662,-0.00807301399984816,-3.34062000089311,1.03941703005414,-5929.75805362258,0.534670860005228
0.374,-2.678125,-2.73832250352699,1.20354968,50,-2.73115356217454,1.18944512570789,-5618.25394483793,-0.00716894135245571,-3.27954909592291,1.09235970775088,-5929.43039690295,0.541226592395922
0.375,-2.578125,-2.66873751452779,1.25354968,50,-2.66157544260231,1.23928942205555,-5620.92440117071,-0.00716207192549504,-3.21544723620076,1.14521730985537,-5922.48915733554,0.546709721672978
0.376,-2.478125,-2.59467629321251,1.30354968,50,-2.58914296468707,1.28908102794214,-5636.64521266699,-0.00553332852544233,-3.14832103550108,1.19792912327258,-5928.88931043119,0.553644742288562
0.377,-2.378125,-2.51865671865464,1.35354968,50,-2.51385570547095,1.33894008830536,-5644.5082035566,-0.00480101318368066,-3.07817532416145,1.25061811478748,-5927.71461681711,0.559518605506818
0.378,-2.278125,-2.44011926135633,1.40354968,50,-2.43571187410419,1.38879420664121,-5649.91413899488,-0.00440738725214598,-3.00501340519821,1.30321463118428,-5924.35790368304,0.564894143841887
0.379,-2.178125,-2.35766510399,1.45354968,50,-2.35471240110762,1.43862078569967,-5663.74125398948,-0.00295270288237494,-2.92884114803338,1.35569874121982,-5929.68960570249,0.571176044043389
0.38,-2.078125,-2.27325259429783,1.50354968,50,-2.27085664365172,1.48849734301854,-5669.9932177268,-0.00239595064612014,-2.84966269816196,1.4081505525434,-5927.70573895929,0.576410103864135
0.381,-1.978125,-2.18576267236733,1.55354968,50,-2.18414373692367,1.53835410973995,-5678.23003791714,-0.0016189354436605,-2.76748183282521,1.46050281198538,-5927.95881282649,0.581719160457882
0.382,-1.878125,-2.09491557619976,1.60354968,50,-2.09457429083245,1.58820937721869,-5690.24685137253,-0.000341285367304445,-2.68230366193588,1.51277625370481,-5932.23662630718,0.587388085736117
0.383,-1.778125,-2.0021101283939,1.65354968,50,-2.00214739495454,1.63809792371662,-5694.96064966232,3.72665606275965e-05,-2.59413163715427,1.56500802747359,-5929.44899792646,0.592021508760372
0.384,-1.678125,-1.90566774183122,1.70354968,50,-1.90686306880725,1.68795250991176,-5706.09199639921,0.00119532697602584,-2.50297000619984,1.61713319581193,-5933.30948594891,0.597302264368628
0.385,-1.578125,-1.80642771007097,1.75354968,50,-1.80872156525182,1.73783222988827,-5716.35409963595,0.00229385518085917,-2.40882312019865,1.66921308662915,-5936.52446259288,0.602395410127684
0.386,-1.478125,-1.70522932667243,1.80354968,50,-1.70772167444301,1.78772904764859,-5719.57832505908,0.00249234777058269,-2.31169374148241,1.72124183140073,-5932.91862809041,0.606464414809978
0.387,-1.378125,-1.59983447547756,1.85354968,50,-1.6038642724164,1.83757818821528,-5733.64669386265,0.00402979693884133,-2.21158659592954,1.77315675794049,-5940.36750861862,0.611752120451976
0.388,-1.278125,-1.49220150812465,1.90354968,50,-1.49714923066809,1.88747949160708,-5742.1912393399,0.00494772254344489,-2.1085052862032,1.82505974604497,-5942.49681226898,0.616303778078556
0.389,-1.178125,-1.38233042461368,1.95354968,50,-1.38757501866673,1.93738205779702,-5746.05662091533,0.00524459405303443,-2.00245189782601,1.87690187411148,-5940.14504187868,0.620121473212322
0.39,-1.078125,-1.26826287330637,2.00354968,50,-1.27514279735856,1.98724283651985,-5760.66334498915,0.00687992405217431,-1.89343109615335,1.92864201059189,-5948.72671419573,0.625168222846978
0.391,-0.978124999999999,-1.15223696898568,2.05354968,49.680267728,-1.15985212813903,2.03716071289715,-5732.80544097579,0.00761515915333678,-1.78144583871923,1.98038090124607,-5949.78354166147,0.629208869733552
0.392,-0.878125000000001,-1.0334134171756,2.10354968,48.827648336,-1.04171093409114,2.08674492384913,-5652.24069480427,0.00829751691553609,-1.66649818010141,2.03204931943243,-5950.7900585736,0.633084762925802
0.393,-0.778124999999998,-0.911001380274329,2.1524672532,44.8804643799999,-0.920752209465576,2.13551108360937,-5236.64561852616,0.00975082919124411,-1.5485921682055,2.08364691152618,-5939.50745837234,0.637590787931175
0.394,-0.678124999999996,-0.786753494007475,2.19931421,39.4847627639997,-0.797111089608164,2.18037818112021,-4688.00831126583,0.0103575956006808,-1.42773509684959,2.13506072743034,-5888.12409793711,0.640981602842128
0.395,-0.578124999999998,-0.659482395476252,2.24069869,31.8858990199999,-0.671045865883327,2.22012827140312,-3898.57939172413,0.0115634704070872,-1.30394805645315,2.18592212500385,-5754.85288091729,0.644465660976902
0.396,-0.478125,-0.530029543859961,2.2739203252,24.30849478,-0.542912957170583,2.25255400298631,-3098.23520477894,0.0128834133106124,-1.17728425613679,2.23547859221453,-5501.01897174381,0.647254712276842
0.397,-0.378124999999998,-0.399320899551542,2.3019535204,16.7432364927999,-0.413134569912833,2.27756630816565,-2333.71284626409,0.0138136703612993,-1.04785018053219,2.28262297493664,-5189.12809968669,0.648529280980654
0.398,-0.278124999999996,-0.266763648032585,2.3196403236,9.19471963519968,-0.282125691745182,2.29550623857362,-1520.57712866682,0.0153620437126076,-0.915799226320763,2.32682488784261,-4746.94119885141,0.649035578288184
0.399,-0.178124999999998,-0.133612704315548,2.3306926868,1.64982818279984,-0.150304038415208,2.30593751348757,-720.896652906654,0.0166913340996551,-0.78133419484389,2.36689016829589,-4249.08823452561,0.64772149052833
0.4,-0.078125,0,2.33658493,-5.89224351,-0.0180959445050573,2.3089955595484,40.6879340240387,0.0180959445050477,-0.644706585378829,2.40231310029266,-3729.77017332728,0.644706585378818
0.401,0.0218749999999979,0.133612704315548,2.3306926868,-13.4407603675998,0.11408650306792,2.30504228743808,883.065423686137,0.0195262012476203,-0.506187836112768,2.43290340058182,-3079.33831311419,0.639800540428309
0.402,0.121875000000005,0.266763648032597,2.3196403236,-20.9976479400003,0.245820602871103,2.29334526999464,1682.99679215192,0.0209430451614972,-0.366089178286879,2.45746231279157,-2428.24860438328,0.632852826319471
0.403,0.221875000000002,0.399320899551548,2.3019535204,-28.5652978600002,0.376674201958888,2.27430701433835,2470.05856291136,0.0226466975926647,-0.224756090546518,2.47599313336707,-1753.24914753359,0.624076990098069
0.404,0.321875,0.530029543859961,2.2739203252,-36.160259876,0.506230396266012,2.24805729968734,3316.95264703929,0.0237991475939531,-0.0825399910953055,2.48828523616766,-988.671389468304,0.612569534955271
0.405,0.421875000000007,0.659482395476264,2.24069869,-42.8411394000003,0.634060550407665,2.21405684652006,4017.86520789264,0.0254218450686045,0.0601783355845981,2.49352417083471,-242.273158463669,0.599304059891661
0.406,0.521875000000005,0.786753494007486,2.19931421,-47.5024536400002,0.759759398920108,2.17366069849535,4529.36162250259,0.0269940950873844,0.202999877324239,2.49188812142778,542.924216986724,0.583753616683238
0.407,0.621875000000003,0.911001380274335,2.1524672532,-49.307246744,0.883010702107313,2.12862139748565,4748.46515451351,0.0279906781670184,0.34552080590509,2.48303079204329,1318.958094861,0.565480574369251
0.408,0.721875000000001,1.0334134171756,2.10354968,-50,1.00362569631465,2.08163615489803,4842.78835029991,0.0297877208609588,0.487330108253913,2.4670476798429,2018.39577956853,0.546083308921703
0.409,0.821874999999999,1.15223696898568,2.05354968,-50,1.12152586088905,2.03385596603518,4873.20014270869,0.0307111080966319,0.628040011242062,2.44465451476711,2646.89100850595,0.524196957743632
0.41,0.921875000000005,1.26826287330638,2.00354968,-50,1.23668252858991,1.9858700479749,4900.55770119855,0.0315803447164666,0.767302228161976,2.41651390299097,3188.83893356431,0.500960645144398
0.411,1.021875,1.38233042461368,1.95354968,-50,1.34908472611342,1.93770681854951,4918.96198082009,0.0332456985002692,0.904810520243793,2.38343098825254,3649.19054001166,0.477519904369892
0.412,1.121875,1.49220150812465,1.90354968,-50,1.45872466187149,1.88944892275722,4946.53055877563,0.0334768462531633,1.04030343941938,2.34616411725264,4055.52627676698,0.45189806870527
0.413,1.22187500000001,1.59983447547757,1.85354968,-50,1.56559450073659,1.84101219578621,4967.10132543939,0.0342399747409968,1.1735556848929,2.30521672112464,4399.9363992138,0.426278790584665
0.414,1.32187500000001,1.70522932667244,1.80354968,-50,1.66968584872503,1.7924612946887,4981.69885730971,0.0355434779474301,1.30437286269018,2.26116422033413,4690.64151916616,0.40085646398227
0.415,1.421875,1.80642771007098,1.75354968,-50,1.77099374352031,1.74385135019468,5005.90092955667,0.0354339665506753,1.43259135582081,2.21450551381629,4949.49367837228,0.37383635425016
0.416,1.521875,1.90566774183122,1.70354968,-50,1.86951227342849,1.69509409204996,5021.39256284837,0.0361554684027153,1.55807035060762,2.16553768842885,5163.6478353551,0.347597391223587
0.417,1.621875,2.0021101283939,1.65354968,-50,1.96523530026887,1.64626988462907,5035.77417534989,0.0368748281250205,1.68068942745127,2.11467554492652,5345.4725142561,0.321420700942622
0.418,1.721875,2.09491557619976,1.60354968,-50,2.05815928366104,1.59738904389468,5055.48745451581,0.0367562925387123,1.80034865481065,2.06221945070072,5505.56513107456,0.294566921389105
0.419,1.82187499999999,2.18576267236733,1.55354968,-50,2.14827957605272,1.5484026062951,5067.08452479493,0.0374830963145941,1.91696250452971,2.00837181134625,5634.09923244005,0.268800167837613
0.42,1.921875,2.27325259429783,1.50354968,-50,2.23559227099093,1.49938540462723,5082.28598518403,0.0376603233069016,2.03045962631689,1.95342512210022,5745.9506688581,0.242792967980935
0.421,2.021875,2.35766510399,1.45354968,-50,2.32009465721528,1.45030432618636,5098.41632239407,0.0375704467747116,2.14078149494733,1.89753456700747,5841.19247202244,0.216883609042663
0.422,2.121875,2.44011926135633,1.40354968,-50,2.40178283287735,1.40115092431475,5106.91121802408,0.0383364284789661,2.2478784504479,1.840854417686,5913.65405767433,0.192240810908436
0.423,2.221875,2.51865671865464,1.35354968,-50,2.48065466976271,1.35199555717624,5123.62579930786,0.0380020488919297,2.35171129143055,1.78359547600798,5981.27476634971,0.166945427224085
0.424,2.321875,2.59467629321251,1.30354968,-50,2.55670788897197,1.30276260670898,5136.77990830514,0.0379684042405393,2.45224815710124,1.72580317516975,6034.08865720696,0.142428136111251
0.425,2.421875,2.66873751452779,1.25354968,-50,2.62993898715303,1.25348494951218,5142.70376678936,0.0387985273747719,2.54946241440811,1.66761456460193,6070.00466562826,0.11927510011969
0.426,2.521875,2.73832250352699,1.20354968,-50,2.70034731039318,1.20422917318597,5161.3966395525,0.0379751931338199,2.6433358276899,1.60918571910302,6110.39536746045,0.0949866758370971
0.427,2.621875,2.80594914088789,1.15354968,-50,2.76793074599348,1.15487776888365,5171.98200473613,0.0380183948944099,2.73385346381358,1.55047584385777,6135.57841722881,0.0720956770743022
0.428,2.721875,2.871057897571,1.10354968,-50,2.83268595594023,1.10550547389831,5179.88839235613,0.0383719416307637,2.82100324157737,1.49162528486129,6152.02030915369,0.0500546559936337
0.429,2.821875,2.93224995097752,1.05354968,-50,2.89461245028599,1.05613696720409,5196.01843800075,0.0376375006915359,2.90477941046772,1.43271467882554,6171.52543357647,0.0274705405097924
0.43,2.921875,2.99148365274575,1.0035496798,-50,2.95370827848351,1.00669658527531,5204.39716156327,0.0377753742622341,2.98517772536169,1.37371593708446,6178.90181014446,0.00630592738406746
0.431,3.021875,3.04763994479666,0.953549679160002,-50,3.00997136851976,0.957255751681755,5214.60333925673,0.0376685762769044,3.06219633702883,1.31474078072865,6184.40769024761,-0.01455639223216
0.432,3.121875,3.10043906261051,0.903549678999999,-50,3.06340121289142,0.907797654545486,5228.44861550341,0.0370378497190868,3.13583708875403,1.25580638176824,6190.44395828435,-0.0353980261435173
0.433,3.221875,3.15127982809851,0.853549679,-50,3.11399586411398,0.858288840918309,5234.86450620011,0.0372839639845398,3.20610217416488,1.19690779746028,6186.45273026416,-0.054822346066364
0.434,3.321875,3.19848365185031,0.803549679000001,-50,3.1617543766918,0.808797739757845,5247.5843668856,0.0367292751585027,3.27299628655221,1.13813722525579,6186.60943884569,-0.0745126347018992
0.435,3.421875,3.24288983269638,0.753549679000002,-50,3.20667610320994,0.759266327085873,5259.33261316284,0.0362137294864599,3.3365256615524,1.07945630571926,6184.02088032457,-0.093635828856027
0.436,3.521875,3.28533766305008,0.703549678999998,-50,3.24875899185817,0.709703604237791,5263.95054153437,0.0365786711919234,3.3966961554482,1.02089015634641,6172.85873594469,-0.111358492398127
0.437,3.621875,3.3235890221697,0.653549678999999,-50,3.28800312935663,0.660175218669107,5279.32896276373,0.0355858928130676,3.45351659864863,0.962517476233384,6171.29892298433,-0.129927576478929
0.438,3.721875,3.35960226513126,0.603549679000001,-50,3.32440764551998,0.610582120622743,5289.10761393002,0.0351946196112888,3.50699553673879,0.904249624053766,6163.22686687675,-0.147393271607526
0.439,3.821875,3.39337739193478,0.553549679000002,-50,3.35797031134855,0.560975928287622,5294.13799540924,0.035407080586227,3.55714068763267,0.846146349961217,6149.70544978396,-0.163763295697883
0.44,3.921875,3.42295605094196,0.503549678999998,-50,3.38869162863305,0.511400346041011,5309.8466720801,0.0342644223089246,3.60396290988885,0.788257532980764,6146.34277021832,-0.181006858946879
0.441,4.021875,3.45057635831085,0.453549678999999,-50,3.4165705354654,0.46175708612151,5317.78654367371,0.0340058228454566,3.64747180402914,0.730489380318636,6134.84730179792,-0.196895445718277
0.442,4.121875,3.47539902048219,0.403549679,-50,3.44160520475657,0.412117726436224,5325.44257328482,0.0337938157256209,3.6876764217343,0.672916526602601,6122.83701274695,-0.21227740125212
0.443,4.221875,3.49658474389669,0.353549679000001,-50,3.46379593460989,0.362484872286027,5339.15554377582,0.0327888092867998,3.72458807982401,0.615543405469095,6116.76607922204,-0.228003335927313
0.444,4.321875,3.51581211567291,0.303549678999998,-50,3.48314150110532,0.312802789731246,5345.38937900987,0.032670614567585,3.75821664788329,0.558315065261775,6103.19478470057,-0.242404532210382
0.445,4.421875,3.53168231321206,0.253549678999999,-50,3.49964105705424,0.263140363120272,5355.78756965094,0.0320412561578053,3.78857239161881,0.501300284891374,6093.84819342027,-0.256890078406756
0.446,4.521875,3.54447509851287,0.203549679,-50,3.51329463022654,0.213459249916647,5367.60717944579,0.0311804682863298,3.8156664241597,0.444459866070326,6086.05211590863,-0.271191325646827
0.447,4.621875,3.55530953102948,0.153549678992001,-50,3.524100776159,0.163746402028375,5372.22492790213,0.0312087548704728,3.83950831929011,0.387779273811557,6071.24089927126,-0.284198788260624
0.448,4.721875,3.56222726026951,0.103549678927998,-50,3.53205957612409,0.114068125768531,5385.44438277299,0.0301676841454257,3.86010907621473,0.331322799663854,6065.26610773294,-0.297881815945222
0.449,4.821875,3.56662711089439,0.0535496788855989,-50,3.5371707423243,0.0643452318520786,5395.44019515617,0.0294563685700908,3.87747919707028,0.275008801133232,6056.34205423476,-0.310852086175899
0.45,4.921875,3.56906861148526,0.00354967886,-50,3.53943256996253,0.0146074469472711,5398.50310115738,0.0296360415227358,3.89162761609097,0.218864190592515,6040.79193147536,-0.32255900460572
0.451,5.021875,3.5670338760931,-0.0464503211143989,-50,3.53884603375008,-0.0350814231261451,5414.59784173725,0.0281878423430175,3.90256577734289,0.162949665327523,6038.60671533749,-0.335531901249778
0.452,5.121875,3.56304078906265,-0.0964503210720023,-50,3.53541049945036,-0.0848413470642823,5422.81758195701,0.0276302896122927,3.91030333106188,0.107141911565161,6028.90044052821,-0.347262541999231
0.453,5.221875,3.5565298213544,-0.146450321008001,-50,3.52912397467162,-0.134599764730337,5428.56432418659,0.027405846682782,3.91484837231794,0.0515099575493751,6017.09135923338,-0.358318550963537
0.454,5.321875,3.54610215036957,-0.196450321,-50,3.51998719743479,-0.184333926877522,5442.71745710382,0.0261149529347678,3.91621152010525,-0.00392712338977361,6014.0711387962,-0.370109369735691
0.455,5.421875,3.53371612774645,-0.246450320999999,-50,3.50799934080844,-0.234121209896217,5449.28161319678,0.0257167869380097,3.91440161477813,-0.0592504908254446,6003.85328349256,-0.380685487031685
0.456,5.521875,3.51825269540601,-0.296450321000003,-50,3.49315936370479,-0.283891712862288,5457.81768557734,0.0250933317012281,3.90942706360391,-0.114394102772797,5996.00464201133,-0.391174368197892
0.457,5.621875,3.4994320860783,-0.346450321000001,-50,3.47546770708552,-0.333663603414663,5470.12166438317,0.0239643789927826,3.90129753340012,-0.169380034620003,5992.32467033325,-0.401865447321832
0.458,5.721875,3.47865312488312,-0.396450321,-50,3.45492329843778,-0.383471544141696,5475.11125222987,0.023729826445339,3.8900209528723,-0.224246882533408,5981.73241768945,-0.41136782798918
0.459,5.821875,3.4542372279105,-0.446450320999999,-50,3.43152600162467,-0.433248186768791,5486.50765383689,0.0227112262858358,3.87560596154426,-0.278931238108224,5977.94863789817,-0.421368733633754
0.46,5.92187500000001,3.42702368344849,-0.496450321000003,-50,3.40527591992185,-0.483052522494599,5497.02472542998,0.0217477635266395,3.85806121290826,-0.33349602215782,5973.6852179367,-0.431037529459765
0.461,6.021875,3.39785178620227,-0.546450321000002,-50,3.37617169961808,-0.532876418558688,5500.49437265362,0.0216800865841897,3.83739367901281,-0.387937007328493,5962.77081794693,-0.439541892810543
0.462,6.121875,3.36448342459746,-0.596450321000001,-50,3.34421407828037,-0.582655008338335,5514.79908527956,0.020269346317082,3.81361220045018,-0.442193196492245,5963.08361572232,-0.449128775852713
0.463,6.221875,3.32887694500114,-0.646450320999999,-50,3.30940279405965,-0.632488044659983,5523.57140261698,0.0194741509414972,3.78672439799909,-0.496368166302328,5958.25095374168,-0.457847452997963
0.464,6.32187500000001,3.2910323474133,-0.696450321000003,-50,3.27173618793784,-0.682324545094836,5527.65640643515,0.0192961594754684,3.75673627771963,-0.550414704418983,5949.11198918332,-0.465703930306319
0.465,6.421875,3.24899128202913,-0.746450321000002,-50,3.2312152969808,-0.732121380989143,5542.47497877126,0.017775985048323,3.7236563274745,-0.60429339192762,5951.0810874636,-0.474665045445363
0.466,6.521875,3.20499186500667,-0.796450321000001,-50,3.18783956309241,-0.781977362653305,5549.57500868601,0.0171523019142646,3.68749122929432,-0.658106683174797,5945.69914611481,-0.482499364287659
0.467,6.621875,3.15819480278665,-0.846450321,-50,3.14160763439958,-0.831821387821104,5556.43702312821,0.016587168387078,3.64824666464929,-0.711787049960133,5940.43932657561,-0.490051861862655
0.468,6.72187500000001,3.1077608018098,-0.896450321000003,-50,3.09252025815965,-0.881651285282761,5569.39787221594,0.0152405436501573,3.60593021146118,-0.76533582183719,5941.63082630497,-0.498169409651378
0.469,6.821875,3.05536844827793,-0.946450320840002,-50,3.04057663579081,-0.931523186214959,5574.91799251896,0.0147918124871327,3.56054770340597,-0.818812554915348,5935.72621662988,-0.50517925512803
0.47,6.921875,2.9996189177588,-0.996450320200001,-50,2.98577632361944,-0.981368570807501,5584.63777791185,0.0138425941393702,3.51210513505873,-0.872152076648224,5934.35787749842,-0.512486217299925
0.471,7.021875,2.94079198004336,-1.04645032,-50,2.92811973287625,-1.03122611707954,5595.81148232222,0.0126722471671178,3.46060916637555,-0.925396333402405,5934.7719548551,-0.519817186332193
0.472,7.12187500000001,2.88000669137718,-1.09645032,-50,2.86760578409262,-1.08110918223543,5599.81338335082,0.0124009072845432,3.40606478163275,-0.978561871070298,5928.33457082943,-0.52605809025557
0.473,7.221875,2.81530469622586,-1.14645032,-50,2.80423490648206,-1.13095174612979,5612.44487862154,0.0110697897437905,3.34847829338146,-1.03158577822177,5930.83895965728,-0.533173597155599
0.474,7.321875,2.74808482245938,-1.19645032,-50,2.73800714437658,-1.18083326380661,5621.87861738884,0.0100776780828066,3.28785545346464,-1.08455053869437,5930.4496327819,-0.539770631005254
0.475,7.421875,2.67890659865889,-1.24645032,-50,2.66892111042113,-1.23072425552769,5624.40356313895,0.00998548823775467,3.22420041078039,-1.13742962198099,5923.44746968098,-0.545293812121489
0.476,7.52187500000001,2.60525213887538,-1.29645032,-50,2.59697808309919,-1.2805611457125,5639.98286308706,0.00827405577618544,3.15751981334843,-1.19016232278799,5929.78761102145,-0.552267674473055
0.477,7.621875,2.52963932745358,-1.34645032,-50,2.52217771918488,-1.33046411827704,5647.70824430609,0.00746160826870211,3.08781852526147,-1.24287161720906,5928.55387448669,-0.558179197807898
0.478,7.721875,2.45150863535398,-1.39645032,-50,2.44451830535448,-1.38036081474133,5652.98041039766,0.00699032999950002,3.01509988274298,-1.29548786184766,5925.13916772445,-0.563591247389005
0.479,7.821875,2.36946123997779,-1.44645032,-50,2.3640008474942,-1.43022867525414,5666.67757209807,0.00546039248358933,2.93936978783877,-1.34799113600487,5930.41403226799,-0.569908547860984
0.48,7.921875,2.2854554918174,-1.49645032,-50,2.28062477600513,-1.4801452544708,5672.80330288229,0.00483071581226701,2.86063241803576,-1.40046155884092,5928.3745099,-0.57517692621836
0.481,8.021875,2.19837233141869,-1.54645032,-50,2.19438929720524,-1.53004081971288,5680.91753196697,0.0039830342134544,2.77889158190137,-1.4528318889158,5928.57314421137,-0.580519250482681
0.482,8.121875,2.10793199953309,-1.59645032,-50,2.1052950900837,-1.57993369773643,5692.81529819288,0.00263690944939915,2.69415241999393,-1.50512287241473,5932.79774114094,-0.586220420460834
0.483,8.221875,2.01553331692594,-1.64645032,-50,2.0133413112962,-1.62985870124831,5697.41353061102,0.00219200562975052,2.60641841392899,-1.55737167118098,5929.95815458952,-0.590885097003052
0.484,8.321875,1.91949769556196,-1.69645032,-50,1.91852804548376,-1.679748624743,5708.4327193463,0.000969650078191551,2.51569384068085,-1.60951336011287,5933.76796090944,-0.596196145118873
0.485,8.421875,1.8206644267086,-1.74645032,-50,1.8208556087146,-1.72966259539263,5718.58600715451,-0.000191182006012195,2.42198307991694,-1.66160927964506,5936.93355289305,-0.601318653208335
0.486,8.52187499999999,1.71987280484185,-1.79645032,-50,1.72032285247338,-1.77959260963559,5721.70466725051,-0.000450047631527101,2.32528892178785,-1.71365357394823,5933.27961900589,-0.605416116945997
0.487,8.621875,1.61488471517875,-1.84645032,-50,1.61693071229293,-1.82947392402936,5735.67062632912,-0.00204599711419224,2.22561611926717,-1.76558358340347,5940.68166694522,-0.610731404088432
0.488,8.721875,1.50765851119107,-1.89645032,-50,1.5106791173861,-1.87940640920934,5744.11582183691,-0.00302060619502827,2.12296830139859,-1.81750120018509,5942.76538071142,-0.615309790207526
0.489,8.821875,1.39819419287882,-1.94645032,-50,1.4015665932107,-1.92933919483597,5747.88483377688,-0.00337240033188866,2.01734757938297,-1.86935751482734,5940.36925158596,-0.619153386504157
0.49,8.921875,1.28453340333247,-1.99645032,-50,1.28959435502342,-1.97922925955472,5762.3981291349,-0.00506095169094849,1.90875864356212,-1.92111140779395,5948.90782121094,-0.624225240229637
0.491,9.021875,1.16891426054356,-2.04645032,-50,1.17476201688536,-2.02917551699045,5769.20313665573,-0.00584775634179643,1.79720447576222,-1.97286363706701,5949.92275457771,-0.628290215218663
0.492,9.121875,1.05049747026526,-2.09645032,-50,1.05706839328705,-2.07910696379635,5775.77997235235,-0.00657092302180136,1.68268715416599,-2.02454498777167,5950.88856338609,-0.632189683900745
0.493,9.221875,0.928443744209514,-2.14645032,-50,0.936514392294518,-2.12902152374811,5788.46505522244,-0.00807064808501371,1.56521074961626,-2.07615511782378,5958.13621931375,-0.63676700540674
0.494,9.321875,0.804431667203027,-2.19645032,-50,0.81309937081018,-2.17897541889434,5793.71847251085,-0.00866770360716221,1.44477768394601,-2.12775193060884,5958.12051658706,-0.640346016742979
0.495,9.421875,0.677062415959459,-2.24645032,-50,0.686823035534192,-2.22890021694216,5803.1802706469,-0.00976061957474092,1.32139063392218,-2.179268623869,5962.47636003235,-0.644328217962725
0.496,9.521875,0.546615753738081,-2.29645032,-50,0.557685943152134,-2.27883468009585,5814.10441199297,-0.0110701894140474,1.19505303433046,-2.2307455400143,5968.45271878527,-0.648437280592389
0.497,9.621875,0.414210739259617,-2.34645032,-48.0000000000004,0.425687154907368,-2.32879224693204,5600.4735419376,-0.0114764156477439,1.06576673536144,-2.2821976494401,5967.41869457528,-0.651555996101816
0.498,9.721875,0.277889021183704,-2.39645032,-31.9999999999993,0.290884531932639,-2.37670697553512,3907.81062915358,-0.0129955107489255,0.933535004894555,-2.33356049507356,5975.17065613214,-0.655645983710847
0.499,9.821875,0.139678892496317,-2.43238782,-6.99999999999932,0.153784844077814,-2.40897493751125,1837.81062915358,-0.014105951581501,0.798360637765129,-2.38491504634261,5738.6241530885,-0.658681745268805
0.5,9.921875,-3.36691530453939e-15,-2.45738782,25,0.0153833414347674,-2.42214888414632,-232.189370846423,-0.015383341434771,0.66030849628336,-2.4340137702292,5345.48429687602,-0.660308496283352
0.501,-9.978125,-0.139678892496319,-2.43238782,40.9999999999997,-0.12322681735853,-2.41625841116411,-2302.18937084642,-0.0164520751377953,0.519549001505186,-2.4794195044166,4153.1552995421,-0.659227894001512
0.502,-9.878125,-0.277889021183704,-2.39645032,50,-0.26095416806,-2.39133306841502,-4372.18937084643,-0.0169348531237063,0.376504216927962,-2.51378543294054,2934.39157305936,-0.654393238111668
0.503,-9.778125,-0.414210739259617,-2.34645032,50,-0.396708938197136,-2.34740235994719,-5319.53190750752,-0.0175018010624818,0.231813153761486,-2.53688546799163,1642.07865376758,-0.646023893021116
0.504,-9.678125,-0.546615753738081,-2.29645032,50,-0.529698932703413,-2.2948241927402,-5280.55450217812,-0.0169168210346627,0.0861401845692223,-2.5480604191309,513.605932316106,-0.632755938307308
0.505,-9.578125,-0.677062415959459,-2.24645032,50,-0.659689027734959,-2.24268611382141,-5241.16774766303,-0.0173733882245022,-0.059875145013016,-2.54883610005856,-457.206475431215,-0.61718727094645
0.506,-9.47812499999999,-0.804431667203027,-2.19645032,50,-0.786704526839833,-2.19099120706649,-5210.00626479525,-0.0177271403631892,-0.205679015508295,-2.5406791045295,-1299.26598707433,-0.598752651694728
0.507,-9.378125,-0.928443744209514,-2.14645032,50,-0.910768634376489,-2.13966311305942,-5188.0579540743,-0.0176751098330173,-0.350793953093217,-2.5247878048364,-2031.24638963836,-0.577649791116293
0.508,-9.278125,-1.05049747026526,-2.09645032,50,-1.03189992265017,-2.08861650205669,-5163.53564701969,-0.0185975476151047,-0.494806170731994,-2.50218691695423,-2656.78877609168,-0.555691299533267
0.509,-9.178125,-1.16891426054356,-2.04645032,50,-1.15011518535396,-2.03787461852593,-5149.54570340705,-0.018799075189593,-0.637359588139087,-2.4738660704929,-3202.45753870149,-0.53155467240448
0.51,-9.078125,-1.28453340333247,-1.99645032,50,-1.26542909263886,-1.98734009239587,-5138.2656988096,-0.0191043106936218,-0.778147781358358,-2.44056896872759,-3672.16889165744,-0.506385621974108
0.511,-8.978125,-1.39819419287882,-1.94645032,50,-1.3778528017681,-1.9369876708236,-5123.05982913177,-0.0203413911107213,-0.916905872309272,-2.40300213302281,-4069.52519998734,-0.481288320569556
0.512,-8.878125,-1.50765851119107,-1.89645032,50,-1.48739777318138,-1.88685318950581,-5121.40275395191,-0.0202607380097089,-1.05340848278964,-2.36183784787674,-4420.92989546173,-0.45425002840142
0.513,-8.778125,-1.61488471517875,-1.84645032,50,-1.59407291332977,-1.83681166172572,-5116.57126199161,-0.0208118018489786,-1.18746176490544,-2.31750444417429,-4717.44590542147,-0.427422950273312
0.514,-8.67812499999999,-1.71987280484185,-1.79645032,50,-1.69788438058228,-1.78689214803973,-5109.10033975458,-0.0219884242595547,-1.31889874875498,-2.27051180995594,-4966.39726762663,-0.400974056086852
0.515,-8.578125,-1.8206644267086,-1.74645032,50,-1.79883985606341,-1.73711874208452,-5114.14055842491,-0.0218245706451823,-1.44757972590046,-2.22130166178834,-5188.85354497139,-0.373084700808134
0.516,-8.478125,-1.91949769556196,-1.69645032,50,-1.89694440719806,-1.68737611489678,-5113.00416520461,-0.0225532883639134,-1.57338472367865,-2.17012119159883,-5371.28678176912,-0.346112971883314
0.517,-8.378125,-2.01553331692594,-1.64645032,50,-1.99220142402443,-1.63772104359881,-5112.96630946892,-0.0233318929015063,-1.69621148694006,-2.11734166535958,-5525.46948789265,-0.319321829985889
0.518,-8.278125,-2.10793199953309,-1.59645032,50,-2.08461562970645,-1.58814328593412,-5120.18484905834,-0.0233163698266353,-1.8159759132531,-2.06322546648966,-5661.47889051594,-0.291956086279982
0.519,-8.178125,-2.19837233141869,-1.54645032,50,-2.17418953805614,-1.53857596322958,-5120.96427964239,-0.0241827933625424,-1.93260626603787,-2.00794186122385,-5769.03456257664,-0.265766065380815
0.52,-8.078125,-2.2854554918174,-1.49645032,50,-2.26092544358468,-1.48907829911387,-5126.80914766728,-0.0245300482327276,-2.04604320895458,-1.95175443336325,-5862.61615546051,-0.23941228286281
0.521,-7.978125,-2.36946123997779,-1.44645032,50,-2.34482599929241,-1.4396035835917,-5134.85548615354,-0.0246352406853769,-2.15623867993317,-1.8947931453613,-5941.95096828328,-0.213222560044617
0.522,-7.87812499999999,-2.45150863535398,-1.39645032,50,-2.42589193879703,-1.39013152756452,-5136.37455641309,-0.0256166965569623,-2.26315212930597,-1.83719026707778,-6000.56667820502,-0.188356506048006
0.523,-7.77812499999999,-2.52963932745359,-1.34645032,50,-2.50412513468891,-1.3407221777778,-5147.07807440104,-0.0255141927646616,-2.36675228588588,-1.77913740872433,-6056.1393193933,-0.162887041567718
0.524,-7.678125,-2.60525213887539,-1.29645032,50,-2.57952675632816,-1.29129094011775,-5155.06072749447,-0.0257253825472345,-2.46701418972802,-1.72066326400239,-6098.47310973694,-0.138237949147354
0.525,-7.578125,-2.67890659865889,-1.24645032,50,-2.65209626771665,-1.24186288046762,-5156.54361990326,-0.0268103309422414,-2.5639172108477,-1.6618902833336,-6125.27645590152,-0.11498938781119
0.526,-7.478125,-2.74808482245938,-1.19645032,50,-2.72183556388056,-1.19249779169978,-5171.43088574743,-0.0262492585788165,-2.65744833368894,-1.60296181000014,-6157.7469801037,-0.0906364887704332
0.527,-7.378125,-2.81530469622586,-1.14645032,50,-2.78874471712499,-1.14307225597377,-5178.76296195271,-0.0265599791008642,-2.74759716243807,-1.54382594697769,-6176.04958820377,-0.0677075337877977
0.528,-7.278125,-2.88000669137718,-1.09645032,50,-2.85282225802866,-1.09365587472705,-5183.89600450256,-0.0271844333485227,-2.83435555785445,-1.4846133605484,-6186.51752303557,-0.0456511335227402
0.529,-7.178125,-2.94079198004336,-1.04645032,50,-2.9140692902767,-1.0442688648798,-5197.6695890625,-0.0267226897666529,-2.9177211923286,-1.42539624862762,-6200.83894579451,-0.0230707877147474
0.53,-7.07812499999999,-2.9996189177588,-0.996450320199996,50,-2.97248521811581,-0.994831687919859,-5204.05368329747,-0.0271336996429843,-2.99769279114237,-1.36613916614094,-6203.7203835123,-0.00192612661641362
0.531,-6.97812499999999,-3.05536844827794,-0.946450320839997,50,-3.02806911698818,-0.945412404917246,-5212.57909029748,-0.0272993312897612,-3.07427108105505,-1.30694742290511,-6205.33154812502,0.0189026327771126
0.532,-6.878125,-3.1077608018098,-0.896450320999999,50,-3.08082144698185,-0.895991288058888,-5225.01573590175,-0.0269393548279537,-3.14746013762254,-1.24783260415685,-6207.99616708295,0.0396993358127372
0.533,-6.778125,-3.15819480278665,-0.846450321,50,-3.13074107225771,-0.8465323567921,-5230.25867939125,-0.0274537305289367,-3.21726408722849,-1.18878489888325,-6201.08893814825,0.0590692844418441
0.534,-6.678125,-3.20499186500667,-0.796450321000001,50,-3.17782772386521,-0.797101851788673,-5242.00951399781,-0.0271641411414451,-3.28368929497347,-1.12989226405901,-6198.72647834289,0.0786974299668041
0.535,-6.57812499999999,-3.24899128202913,-0.746450320999997,50,-3.22208131402343,-0.747639856389621,-5252.96505723975,-0.0269099680056999,-3.34674344103196,-1.07111264744897,-6193.9643446835,0.0977521590028347
0.536,-6.478125,-3.2910323474133,-0.696450320999998,50,-3.26350024947138,-0.698153736085611,-5256.94252124882,-0.0275320979419348,-3.40643362831159,-1.01246795087433,-6180.92947189723,0.115401280898295
0.537,-6.378125,-3.32887694500114,-0.646450320999999,50,-3.30208498817171,-0.648707726599189,-5271.81172139272,-0.0267919568294258,-3.46276976153792,-0.954034074409024,-6177.75872073603,0.133892816536793
0.538,-6.27812499999999,-3.36448342459746,-0.596450320999996,50,-3.33783495589153,-0.599201561786148,-5281.19419430495,-0.0266484687059274,-3.51576131065848,-0.895719941362918,-6168.30352609437,0.151277886061011
0.539,-6.17812499999999,-3.39785178620227,-0.546450320999997,50,-3.37074815474072,-0.549685812777773,-5285.9255621802,-0.027103631461544,-3.56541678748029,-0.837583183013738,-6153.5970848621,0.167565001278028
0.54,-6.078125,-3.42702368344849,-0.496450320999998,50,-3.40082526185888,-0.50020328459591,-5301.41853832669,-0.0261984215895993,-3.61174773097032,-0.779671835899335,-6149.22156846507,0.184724047521829
0.541,-5.978125,-3.4542372279105,-0.446450320999999,50,-3.42806534284823,-0.450654918952181,-5309.21405292007,-0.0261718850622616,-3.65476432340717,-0.721890506123812,-6136.86291755445,0.200527095496674
0.542,-5.878125,-3.47865312488312,-0.396450321,50,-3.45246665717101,-0.40111163454094,-5316.78663882814,-0.0261864677121238,-3.69447611250192,-0.664312436997819,-6124.11942723615,0.215822987618797
0.543,-5.77812499999999,-3.4994320860783,-0.346450320999997,50,-3.47402955448998,-0.351575474430183,-5330.46796931944,-0.0254025315883273,-3.73089483663477,-0.6069408539899,-6117.42807446523,0.23146275055647
0.544,-5.678125,-3.51825269540601,-0.296450320999998,50,-3.49275283265685,-0.301990227127077,-5336.71412316581,-0.0254998627491584,-3.76403072231506,-0.549719757381136,-6103.33421531294,0.245778026909052
0.545,-5.578125,-3.53371612774645,-0.246450320999999,50,-3.50863564098185,-0.252424372341905,-5347.16177766734,-0.0250804867645911,-3.79389433610502,-0.492717016976316,-6093.54989818853,0.26017820835857
0.546,-5.47812499999999,-3.54610215036957,-0.196450320999996,50,-3.52167798236334,-0.202839226210235,-5359.06202936294,-0.0244241680062219,-3.8204970433722,-0.435892646536668,-6085.38953254147,0.274394893002637
0.547,-5.37812499999999,-3.5565298213544,-0.146450321007997,50,-3.53187836949783,-0.15322145473947,-5363.78647765275,-0.0246514518565616,-3.84384862803281,-0.379231429235155,-6070.27758296956,0.287318806678423
0.548,-5.278125,-3.56304078906265,-0.0964503210719979,50,-3.53923682579873,-0.103637125890219,-5377.13425423668,-0.0238039632639086,-3.86396026299193,-0.32279706675652,-6064.0570019219,0.30091947392929
0.549,-5.178125,-3.5670338760931,-0.0464503211143989,50,-3.54375299313266,-0.0540068532061113,-5387.27618434977,-0.0232808829604428,-3.88084259258586,-0.266507406885366,-6054.93461340703,0.313808716492764
0.55,-5.078125,-3.56906861148526,0.00354967886,50,-3.54542508608667,-0.00436020168762391,-5390.49967662573,-0.0236435253985775,-3.89450466603996,-0.210388921961349,-6039.2270676034,0.325436054554705
0.551,-4.97812499999999,-3.56662711089439,0.0535496788856034,50,-3.54425399037749,0.0452391536499486,-5406.76659355712,-0.0223731205168836,-3.90495801894328,-0.154501930110358,-6036.91963847375,0.338330908048887
0.552,-4.878125,-3.56222726026951,0.103549678928002,50,-3.54023897604388,0.0949112856225167,-5415.16761778305,-0.0219882842256352,-3.91221237285002,-0.0987227914447281,-6027.121397178,0.349985112580512
0.553,-4.778125,-3.55530953102948,0.153549678992001,50,-3.53337794966269,0.144583715213406,-5421.10262621858,-0.0219315813667972,-3.91627587678622,-0.0431202542639511,-6015.24628863217,0.360966345756731
0.554,-4.67812499999999,-3.54447509851287,0.203549679000005,50,-3.52367154413943,0.194233754616036,-5435.44919860782,-0.0208035543734477,-3.9171591888101,0.012286847985574,-6012.18225117715,0.372684090297224
0.555,-4.57812499999999,-3.53168231321205,0.253549679000004,50,-3.51111882438644,0.243938824923573,-5442.21041457245,-0.0205634888256177,-3.9148711755892,0.0675798800820262,-6001.93954509959,0.383188862377161
0.556,-4.478125,-3.51581211567291,0.303549679000002,50,-3.49571863900972,0.293629055559008,-5450.94584006787,-0.0200934766632011,-3.90942025981078,0.122692975082815,-5994.0822011095,0.393608144137871
0.557,-4.378125,-3.49658474389669,0.353549679000001,50,-3.47747131727708,0.343322632251516,-5463.45028371269,-0.0191134266196085,-3.90081611443359,0.177648357221644,-5990.40717813113,0.404231370536898
0.558,-4.278125,-3.47539902048219,0.403549679,50,-3.45637567425752,0.393054224781683,-5468.64050291731,-0.0190233462246519,-3.8890666664409,0.232484748306757,-5979.83141808984,0.413667645958718
0.559,-4.17812499999999,-3.45057635831085,0.453549679000004,50,-3.43243146123334,0.442756483360111,-5480.2369075852,-0.0181448970775225,-3.8741805469965,0.287138845993308,-5976.07385223926,0.423604188685644
0.56,-4.07812499999999,-3.42295605094196,0.503549679000003,50,-3.40563866919562,0.492488390360687,-5490.95262070291,-0.0173173817463306,-3.85616639564089,0.34167366022262,-5971.84472425149,0.433210344698918
0.561,-3.978125,-3.39337739193478,0.553549679000002,50,-3.37599583284699,0.542241797466094,-5494.61898127666,-0.0173815590877989,-3.83503116580125,0.396085037512389,-5960.97132068574,0.441653773866479
0.562,-3.87812499999999,-3.35960226513126,0.603549679000005,50,-3.34350357920838,0.591951817307767,-5509.11803330245,-0.0160986859228904,-3.81078367558129,0.450312041854553,-5961.33065701074,0.451181410450033
0.563,-3.77812499999999,-3.32358902216969,0.653549679000004,50,-3.30816153718979,0.641718177897323,-5518.08187463058,-0.0154274849798915,-3.78343152007831,0.504458300234178,-5956.54899697827,0.459842497908617
0.564,-3.67812499999999,-3.28533766305008,0.703549679000003,50,-3.2699679400693,0.691489867968183,-5522.35526429919,-0.0153697229807725,-3.75298067707374,0.558476640641015,-5947.46460733404,0.467643014023666
0.565,-3.578125,-3.24288983269638,0.753549679000002,50,-3.22892371894496,0.741223727104385,-5537.35886335886,-0.0139661137514258,-3.71943960407738,0.612327676235494,-5949.49112587884,0.47654977138101
0.566,-3.478125,-3.19848365185031,0.803549679000001,50,-3.18502821162954,0.791018531870275,-5544.64031341536,-0.0134554402207738,-3.68281495112236,0.666113886695415,-5944.16874971366,0.48433129927205
0.567,-3.37812499999999,-3.15127982809851,0.853549679000004,50,-3.13827996415604,0.840803144029297,-5551.67997213667,-0.0129998639424651,-3.64311236641577,0.719767762668402,-5938.97006518545,0.491832538317264
0.568,-3.27812499999999,-3.10043906261051,0.903549679000003,50,-3.08867962379187,0.890575354899709,-5564.81460952591,-0.0117594388186185,-3.60033939368875,0.773290647235973,-5940.22382531622,0.499900331078243
0.569,-3.178125,-3.04763994479666,0.953549679160002,50,-3.03622629413173,0.940391257507253,-5570.50455149082,-0.0114136506649396,-3.55450183176932,0.826742105925666,-5934.38216297699,0.506861886972657
0.57,-3.07812499999999,-2.99148365274574,1.00354967980001,50,-2.98091943589186,0.990182292931833,-5580.39012451333,-0.0105642168538725,-3.50560563996092,0.88005697156087,-5933.07709511519,0.51412198721517
0.571,-2.97812499999999,-2.93224995097751,1.05354968,50,-2.9227593669497,1.03998709952331,-5591.72555819088,-0.00949058402781966,-3.45365744273628,0.93327719253001,-5933.55447612709,0.521407491758774
0.572,-2.87812499999999,-2.87105789757099,1.10354968,50,-2.86174491676089,1.08981899465441,-5595.88511134455,-0.00931298081011614,-3.39866218884941,0.986419314061958,-5927.18016720699,0.527604291278413
0.573,-2.778125,-2.80594914088789,1.15354968,50,-2.79787642574855,1.13961191823706,-5608.67016501128,-0.00807271513933285,-3.34062615543593,1.03942042166347,-5929.74716600246,0.534677014548048
0.574,-2.678125,-2.73832250352699,1.20354968,50,-2.73115385174546,1.1894452852819,-5618.25343259344,-0.0071686517815264,-3.27955505916098,1.09236299393711,-5929.41984770826,0.541232555634001
0.575,-2.57812499999999,-2.66873751452779,1.25354968,50,-2.6615757231724,1.23928957666957,-5620.92390484692,-0.00716179135538281,-3.2154530140805,1.14522049389542,-5922.47893604669,0.546715499552706
0.576,-2.47812499999999,-2.5946762932125,1.30354968,50,-2.58914323653612,1.28908117775032,-5636.64473176911,-0.0055330566763856,-3.14832663378407,1.19793220834152,-5928.87940685605,0.553650340571578
0.577,-2.378125,-2.51865671865465,1.35354968,50,-2.51385596887002,1.33894023345709,-5644.50773760511,-0.00480074978461983,-3.0781807484302,1.25062110396166,-5927.7050210794,0.559524029775556
0.578,-2.27812500000001,-2.44011926135634,1.40354968,50,-2.43571212931593,1.3887943472812,-5649.91368752556,-0.00440713204041812,-3.00501866086168,1.30321752744445,-5924.34860621446,0.56489939950535
0.579,-2.17812500000001,-2.35766510399001,1.45354968,50,-2.35471264838651,1.43862092196814,-5663.74081655245,-0.00295245560348479,-2.92884624033242,1.35570154745409,-5929.68059723183,0.571181136342418
0.58,-2.078125,-2.27325259429783,1.50354968,50,-2.27085688324435,1.48849747505138,-5669.99279388612,-0.00239571105348565,-2.84966763217451,1.40815327155007,-5927.6970105036,0.576415037876678
0.581,-1.978125,-2.18576267236733,1.55354968,50,-2.18414396906894,1.5383542376688,-5678.22962725005,-0.00161870329838385,-2.76748661347136,1.4605054464758,-5927.95035568173,0.581723941104027
0.582,-1.87812500000001,-2.09491557619977,1.60354968,50,-2.09457451576186,1.58820950117111,-5690.24645346952,-0.000341060437917595,-2.68230829398281,1.51277880630603,-5932.22843204007,0.587392717783033
0.583,-1.778125,-2.0021101283939,1.65354968,50,-2.00214761289237,1.63809804381622,-5694.96026412725,3.74844984682576e-05,-2.59413612522095,1.56501050073102,-5929.44105836593,0.592025996827038
0.584,-1.678125,-1.90566774183122,1.70354968,50,-1.90686327997083,1.68795262627827,-5706.09162284743,0.00119553813961581,-2.50297435476169,1.61713559219186,-5933.3017931778,0.597306612930466
0.585,-1.578125,-1.80642771007098,1.75354968,50,-1.80872176985171,1.73783234263774,-5716.3537376947,0.00229405978072572,-2.40882733359196,1.6692154085212,-5936.51700894,0.602399623520986
0.586,-1.47812500000001,-1.70522932667244,1.80354968,50,-1.70772187268323,1.78772915689344,-5719.57797436789,0.00249254601079021,-2.31169782390869,1.72124408112024,-5932.91140612315,0.606468497236256
0.587,-1.37812500000001,-1.59983447547757,1.85354968,50,-1.60386446449462,1.83757829406444,-5733.64635407172,0.00402998901704221,-2.21159055145972,1.77315893773083,-5940.36051113536,0.611756075982138
0.588,-1.278125,-1.49220150812465,1.90354968,50,-1.49714941677586,1.8874795941661,-5742.19091011081,0.0049479086512103,-2.10850911878165,1.8250618580798,-5942.49003229221,0.616307610656998
0.589,-1.178125,-1.38233042461368,1.95354968,50,-1.38757519898963,1.93738215716816,-5746.05630191956,0.00524477437593065,-2.00245561127449,1.87690392049686,-5940.13847264728,0.620125186660798
0.59,-1.07812500000001,-1.26826287330638,2.00354968,50,-1.2751429720764,1.98724293280221,-5760.66303590867,0.00688009877001718,-1.89343469417484,1.92864399336845,-5948.72034915902,0.625171820868468
0.591,-0.978124999999999,-1.15223696898568,2.05354968,49.680267728,-1.15985229742603,2.03716080618673,-5732.80514150248,0.00761532844034437,-1.78144932490161,1.98038282239099,-5949.77737447245,0.629212355915926
0.592,-0.878125000000001,-1.0334134171756,2.10354968,48.827648336,-1.04171109811612,2.08674501423896,-5652.24040463938,0.00829768094050679,-1.66650155792103,2.03205118086143,-5950.78408308252,0.633088140745431
0.593,-0.778125000000003,-0.911001380274335,2.1524672532,44.8804643800001,-0.920752368392087,2.13551117118957,-5236.64533738053,0.00975098811776021,-1.54859544103065,2.08364871509545,-5939.50166862025,0.637594060756318
0.594,-0.678125000000005,-0.786753494007486,2.19931421,39.4847627640004,-0.797111243594686,2.18037826597813,-4688.00803885909,0.0103577495872103,-1.42773826794388,2.13506247493836,-5888.1184881507,0.640984773936389
0.595,-0.578125000000007,-0.659482395476264,2.24069869,31.8858990200005,-0.671046015083412,2.22012835362337,-3898.57912778428,0.0115636196071363,-1.30395112897872,2.18592381819319,-5754.84744550288,0.644468733502466
0.596,-0.478125,-0.530029543859961,2.2739203252,24.30849478,-0.54291310173301,2.25255408265087,-3098.23494904358,0.0128835578730566,-1.1772872331575,2.23548023277362,-5501.013705281,0.647257689297524
0.597,-0.378125000000002,-0.399320899551548,2.3019535204,16.7432364928002,-0.413134709981757,2.27756638535396,-2333.71259847754,0.0138138104302049,-1.04785306501666,2.28262456450141,-5189.12299692402,0.648532165465108
0.598,-0.278125000000005,-0.266763648032597,2.3196403236,9.19471963520035,-0.282125827460275,2.29550631336265,-1520.57688858234,0.0153621794276901,-0.915802021145356,2.32682642799813,-4746.93625470043,0.64903837311275
0.599,-0.178124999999998,-0.133612704315548,2.3306926868,1.64982818279984,-0.150304169911803,2.3059375859519,-720.896420284837,0.0166914655962534,-0.781336902795544,2.36689166057798,-4249.08344405644,0.647724198479989
0.6,-0.078125,0,2.33658493,-5.89224351,-0.0180960719142796,2.3089956297603,40.6881594151924,0.018096071914277,-0.644709209157861,2.4023145461894,-3729.76553176271,0.644709209157861
0.601,0.0218749999999979,0.133612704315548,2.3306926868,-13.4407603675998,0.114086379619021,2.30504235546755,883.065642071417,0.0195263246965247,-0.506190378335556,2.43290480153502,-3079.33381582569,0.639803082651111
0.602,0.121874999999996,0.266763648032585,2.3196403236,-20.9976479399997,0.245820483259427,2.29334533590952,1682.99700374917,0.0209431647731514,-0.366091641488477,2.45746367019824,-2428.24424688611,0.632855289521061
0.603,0.221874999999994,0.399320899551536,2.3019535204,-28.5652978599995,0.376674086065161,2.27430707820436,2470.0587679314,0.0226468134863777,-0.224758477183182,2.47599444858079,-1753.24492548271,0.624079376734726
0.604,0.321875,0.530029543859961,2.2739203252,-36.160259876,0.506230283974667,2.24805736156818,3316.95284568666,0.0237992598852936,-0.0825423035469415,2.48828651049993,-988.667298653626,0.612571847406915
0.605,0.421874999999998,0.659482395476252,2.24069869,-42.8411393999999,0.634060441606727,2.21405690647743,4017.86540036536,0.0254219538695279,0.0601760950120595,2.49352540555627,-242.269194805782,0.599306300464194
0.606,0.521874999999996,0.786753494007475,2.19931421,-47.5024536399998,0.759759293501083,2.17366075658903,4529.36180899268,0.0269942005063858,0.202997706396544,2.49188931776987,542.928057440176,0.583755787610936
0.607,0.621875000000003,0.911001380274335,2.1524672532,-49.307246744,0.883010599965079,2.12862145377358,4748.46533520671,0.0279907803092598,0.345518702457432,2.48303195119887,1318.96181593985,0.565482677816902
0.608,0.721875000000001,1.0334134171756,2.10354968,-50,1.00362559734735,2.08163620943633,4842.78852537671,0.0297878198282433,0.487328070188777,2.46704880296787,2018.39938498331,0.546085346986818
0.609,0.821874999999999,1.15223696898568,2.05354968,-50,1.12152576499801,2.03385601887824,4873.20031234337,0.0307112039876839,0.62803803652713,2.44465560298142,2646.89450185167,0.524198932458561
0.61,0.921874999999996,1.26826287330637,2.00354968,-50,1.2366824356795,1.98587009917542,4900.55786556041,0.0315804376268809,0.767300314828101,2.41651495737976,3188.84231832441,0.500962558478285
0.611,1.02187499999999,1.38233042461367,1.95354968,-50,1.34908463609099,1.93770686815854,4918.96214007313,0.033245788522689,0.904808666383037,2.38343200986724,3649.19381956174,0.477521758230638
0.612,1.121875,1.49220150812465,1.90354968,-50,1.45872457464727,1.88944897082422,4946.53071307853,0.0334769334773819,1.04030164318311,2.34616510711198,4055.52945437715,0.451899864941541
0.613,1.221875,1.59983447547756,1.85354968,-50,1.5655944162236,1.84101224235912,4967.10147494612,0.0342400592539579,1.17355394448995,2.30521768021569,4399.93947805263,0.426280530987621
0.614,1.321875,1.70522932667243,1.80354968,-50,1.669685766839,1.79246133981396,4981.69900216925,0.0355435598334311,1.30437117638505,2.26116514961327,4690.64450230414,0.400858150287375
0.615,1.421875,1.80642771007098,1.75354968,-50,1.77099366417958,1.74385139391729,5005.90106991338,0.0354340458913929,1.43258972193195,2.21450641421017,4949.49656878381,0.373837988139012
0.616,1.521875,1.90566774183122,1.70354968,-50,1.86951219655395,1.69509413441352,5021.39269884222,0.0361555452772563,1.55806876750575,2.16553856083533,5163.65063592236,0.347598974325469
0.617,1.621875,2.0021101283939,1.65354968,-50,1.96523522578386,1.64626992567583,5035.77430711646,0.0368749026100489,1.68068789355775,2.11467639021555,5345.47522777189,0.321422234836158
0.618,1.721875,2.09491557619976,1.60354968,-50,2.05815921149129,1.59738908366556,5055.48758218672,0.036756364708475,1.80034716859591,2.06222026971522,5505.56776024494,0.294568407603836
0.619,1.82187499999999,2.18576267236733,1.55354968,-50,2.14827950612626,1.54840264482976,5067.08464849736,0.0374831662410735,1.91696106451174,2.0083726049029,5634.10177988647,0.268801607855601
0.62,1.921875,2.27325259429783,1.50354968,-50,2.23559220323803,1.4993854419641,5082.28610504161,0.0376603910597899,2.03045823105972,1.95342589099035,5745.95313712103,0.242794363238112
0.621,2.021875,2.35766510399,1.45354968,-50,2.32009459156838,1.45030436236267,5098.41643852595,0.0375705124216147,2.14078014305964,1.8975353119978,5841.19486356314,0.216884960930356
0.622,2.121875,2.44011926135633,1.40354968,-50,2.40178276927098,1.40115095936657,5106.91133054603,0.0383364920853525,2.24787714058161,1.84085513951942,5913.65637487762,0.192242120774718
0.623,2.221875,2.51865671865465,1.35354968,-50,2.48065460813345,1.35199559113853,5123.62590833233,0.038002110521207,2.3517100222795,1.78359617540429,5981.27701152619,0.166946696375145
0.624,2.321875,2.59467629321251,1.30354968,-50,2.55670782925836,1.30276263961561,5136.78001394093,0.0379684639541304,2.45224692739985,1.72580385282638,6034.09083259545,0.142429365812645
0.625,2.421875,2.66873751452779,1.25354968,-50,2.62993892929552,1.25348498139595,5142.7038691415,0.0387985852322675,2.54946122293015,1.66761522119462,6070.00677339821,0.119276291597635
0.626,2.521875,2.73832250352699,1.20354968,-50,2.70034725433409,1.20422920407868,5161.39673872317,0.0379752491929027,2.64333467324724,1.6091863552865,6110.3974097134,0.0949878302797475
0.627,2.621875,2.80594914088789,1.15354968,-50,2.7679306916769,1.15487779881611,5171.98210082422,0.0380184492109813,2.73385234525504,1.55047646026644,6135.58039600131,0.0720967956328406
0.628,2.721875,2.871057897571,1.10354968,-50,2.832685903312,1.10550550290036,5179.88848545739,0.0383719942589949,2.82100215778755,1.49162588210982,6152.0222264191,0.0500557397834424
0.629,2.821875,2.93224995097752,1.05354968,-50,2.89461239929363,1.05613699530465,5196.01852820814,0.0376375516838934,2.90477836036588,1.43271525750949,6171.5272912465,0.0274715906116239
0.63,2.921875,2.99148365274575,1.0035496798,-50,2.95370822907618,1.00669661250242,5204.39724896681,0.0377754236695558,2.9851767079007,1.37371649778088,6178.90361007173,0.00630694484503673
0.631,3.021875,3.04763994479667,0.953549679159998,-50,3.00997132064818,0.957255778062544,5214.60342394351,0.0376686241484761,3.06219535119409,1.31474132399666,6184.40943422681,-0.0145554063974306
0.632,3.121875,3.10043906261051,0.903549678999999,-50,3.06340116650786,0.907797680106266,5228.44869755753,0.0370378961026679,3.13583613356249,1.25580690814958,6190.44564805446,-0.035397070951982
0.633,3.221875,3.15127982809851,0.853549679,-50,3.11399581917218,0.858288865684572,5234.86458570387,0.0372840089263372,3.20610124866403,1.19690830747985,6186.45436751016,-0.0548214205655101
0.634,3.321875,3.19848365185031,0.803549679000001,-50,3.16175433314695,0.808797763754286,5247.58444391794,0.036729318703375,3.27299538981917,1.13813771942216,6186.61102520039,-0.0745117379688571
0.635,3.421875,3.24288983269638,0.753549679000002,-50,3.20667606101861,0.759266350336422,5259.33268780107,0.0362137716777645,3.33652479269297,1.07945678452521,6184.02241736973,-0.0936349599965773
0.636,3.521875,3.28533766305008,0.703549678999998,-50,3.2487589509783,0.70970362676563,5263.95061385239,0.0365787120717963,3.39669531359596,1.0208906202694,6172.86022521324,-0.111357650545886
0.637,3.621875,3.3235890221697,0.653549678999999,-50,3.28800308974744,0.660175240496702,5279.3290328339,0.0355859324222452,3.45351578296411,0.96251792573602,6171.30036596123,-0.129926760794409
0.638,3.721875,3.35960226513126,0.603549679000001,-50,3.32440760714199,0.61058214177186,5289.10768182207,0.0351946579892865,3.5069947464086,0.904250059584286,6163.22826500092,-0.147392481277345
0.639,3.82187500000001,3.39337739193478,0.553549678999997,-50,3.35797027416348,0.56097594877935,5294.13806119097,0.0354071177713131,3.55713992186871,0.846146771953922,6149.70680444955,-0.163762529933925
0.64,3.921875,3.42295605094196,0.503549678999998,-50,3.38869159260382,0.511400365895785,5309.8467358172,0.0342644583381463,3.60396216792752,0.788257941856457,6146.34408277613,-0.181006116985556
0.641,4.021875,3.45057635831085,0.453549678999999,-50,3.41657050055608,0.461757105359128,5317.78660542961,0.0340058577547667,3.64747108513057,0.730489776485039,6134.84857355688,-0.196894726819716
0.642,4.121875,3.47539902048219,0.403549679,-50,3.44160517093236,0.412117745075869,5325.44263312113,0.0337938495498276,3.68767572518161,0.672916910454764,6122.83824497501,-0.212276704699424
0.643,4.221875,3.49658474389669,0.353549679000001,-50,3.46379590183706,0.362484890346287,5339.15560175212,0.0327888420596424,3.72458740492262,0.615543777389789,6116.76727314823,-0.228002661025925
0.644,4.321875,3.51581211567291,0.303549678999998,-50,3.48314146935118,0.312802807230131,5345.38943518407,0.032670646321734,3.7582159939602,0.558315425621871,6103.19594151538,-0.242403878287297
0.645,4.421875,3.53168231321206,0.253549678999999,-50,3.49964102628713,0.263140380075231,5355.78762407915,0.0320412869249137,3.78857175802194,0.501300634050216,6093.84931427715,-0.256889444809883
0.646,4.521875,3.54447509851287,0.203549679,-50,3.51329460041577,0.213459266344586,5367.60723218202,0.0311804980971091,3.81566581025723,0.444460204376088,6086.0532019253,-0.271190711744355
0.647,4.62187500000001,3.55530953102948,0.153549678991997,-50,3.52410074727486,0.163746417945677,5372.22497899932,0.0312087837546165,3.83950772446989,0.387779601601592,6071.24195153096,-0.284198193440411
0.648,4.721875,3.56222726026951,0.103549678927998,-50,3.53205954813777,0.114068141191068,5385.44443228191,0.030167712131737,3.86010849988361,0.331323117265025,6065.26712728447,-0.297881239614084
0.649,4.821875,3.56662711089439,0.0535496788855989,-50,3.5371707152079,0.064345246795228,5395.44024312622,0.0294563956864822,3.87747863865354,0.275009108862247,6056.34304209503,-0.310851527759145
0.65,4.921875,3.56906861148526,0.00354967886,-50,3.539432543689,0.0146074614259341,5398.50314763634,0.0296360677962548,3.89162707503178,0.218864488756236,6040.79288862957,-0.322558463546526
0.651,5.021875,3.5670338760931,-0.0464503211143989,-50,3.53884600829322,-0.0350814090975305,5414.5978867714,0.0281878677998718,3.90256525310171,0.162949954223272,6038.60764274015,-0.335531377008619
0.652,5.121875,3.56304078906265,-0.0964503210720023,-50,3.53541047478479,-0.0848413334717262,5422.8176255914,0.0276303142778504,3.91030282311596,0.107142191481016,6028.90133910376,-0.3472620340533
0.653,5.221875,3.5565298213544,-0.146450321008001,-50,3.52912395077274,-0.134599751560286,5428.56436646467,0.027405870581648,3.91484788016076,0.051510228764466,6017.0922298782,-0.358318058806363
0.654,5.321875,3.54610215036957,-0.196450321,-50,3.51998717427877,-0.184333914116843,5442.71749806766,0.0261149760907834,3.91621104324604,-0.00392686060499845,6014.07198237824,-0.370108892876477
0.655,5.42187500000001,3.53371612774644,-0.246450321000004,-50,3.50799931837219,-0.234121197532184,5449.28165288741,0.0257168093742531,3.91440115274137,-0.0592502362089406,6003.85410085319,-0.380685024994924
0.656,5.521875,3.51825269540601,-0.296450321000003,-50,3.49315934196594,-0.283891700882573,5457.81772403424,0.0250933534400649,3.90942661592887,-0.114393856070666,5996.00543396552,-0.391173920522862
0.657,5.621875,3.4994320860783,-0.346450321000001,-50,3.47546768602239,-0.33366359180732,5470.12170164456,0.0239644000559169,3.90129709964039,-0.169379795586239,5992.32543767053,-0.401865013562085
0.658,5.721875,3.47865312488312,-0.396450321,-50,3.45492327802937,-0.383471532895149,5475.11128833302,0.0237298468537625,3.89002053259535,-0.22424665092965,5981.73316117527,-0.411367407712211
0.659,5.821875,3.4542372279105,-0.446450320999999,-50,3.43152598185062,-0.433248175871826,5486.50768881796,0.0227112460598786,3.87560555433098,-0.278931013703521,5977.94935827387,-0.421368326420468
0.66,5.92187500000001,3.42702368344849,-0.496450321000003,-50,3.40527590076245,-0.483052511936349,5497.02475932362,0.0217477826860464,3.85806081835259,-0.3334958047284,5973.68591592081,-0.43103713490412
0.661,6.021875,3.39785178620227,-0.546450321000002,-50,3.37617168105421,-0.532876408328625,5500.49440549383,0.0216801051480441,3.83739329672131,-0.387936796657543,5962.771494235,-0.43954151051904
0.662,6.121875,3.36448342459746,-0.596450321000001,-50,3.34421406029354,-0.582654998426259,5514.79911709897,0.0202693643039075,3.81361183004164,-0.442192992369686,5963.0842709892,-0.449128405444195
0.663,6.22187500000001,3.32887694500113,-0.646450321000004,-50,3.30940277663191,-0.632488035056009,5523.57143344738,0.0194741683692321,3.78672403910415,-0.496367968524613,5958.25158864054,-0.457847094103028
0.664,6.32187500000001,3.2910323474133,-0.696450321000003,-50,3.27173617105182,-0.682324535789388,5527.65643630713,0.0192961763614912,3.7567359299804,-0.550414512788893,5949.11260434717,-0.46570358256709
0.665,6.421875,3.24899128202913,-0.746450321000002,-50,3.23121528061965,-0.73212137197294,5542.47500771465,0.017776001409478,3.72365599054423,-0.604293206254064,5951.08168350618,-0.474664708515109
0.666,6.521875,3.20499186500667,-0.796450321000001,-50,3.18783954723983,-0.781977353917357,5549.57503672991,0.0171523177668361,3.68749090283702,-0.658106503272628,5945.69972363015,-0.482499037830361
0.667,6.621875,3.15819480278665,-0.846450321,-50,3.14160761903975,-0.8318213793567,5556.43705030043,0.0165871837468926,3.64824634833943,-0.711786875649952,5940.43988613963,-0.490051545552777
0.668,6.72187500000001,3.1077608018098,-0.896450321000003,-50,3.09252024327726,-0.881651277081462,5569.39789854356,0.0152405585325324,3.60592990498334,-0.76533565294518,5941.63136847593,-0.498169103173536
0.669,6.821875,3.05536844827793,-0.946450320840002,-50,3.04057662137101,-0.931523178268586,5574.91801802808,0.014791826906928,3.56054740645453,-0.818812391273093,5935.72674194839,-0.505178958176611
0.67,6.921875,2.9996189177588,-0.996450320200001,-50,2.98577630964786,-0.981368563108128,5584.63780262814,0.0138426081109362,3.51210484733758,-0.872151918092545,5934.35838648806,-0.512485929578781
0.671,7.02187500000001,2.94079198004335,-1.04645032,-50,2.92811971933895,-1.03122610961949,5595.81150627032,0.0126722607043982,3.46060888759778,-0.925396179775192,5934.77244802369,-0.519816907554438
0.672,7.12187500000001,2.88000669137718,-1.09645032,-50,2.86760577097611,-1.08110917500727,5599.81340655416,0.0124009204010744,3.40606451152038,-0.978561722218358,5928.33504866848,-0.526057820143198
0.673,7.221875,2.81530469622586,-1.14645032,-50,2.80423489377326,-1.1309517391263,5612.44490110378,0.0110698024526,3.34847803166513,-1.03158563399667,5930.83942264353,-0.53317333543928
0.674,7.321875,2.74808482245938,-1.19645032,-50,2.73800713206281,-1.18083325702081,5621.87863917239,0.0100776903965658,3.28785519988336,-1.0845503989523,5930.45008137678,-0.53977037742398
0.675,7.421875,2.67890659865889,-1.24645032,-50,2.66892109849012,-1.23072424895282,5624.40358424523,0.00998550016877861,3.2242001650813,-1.13742948658259,5923.44790433202,-0.545293566422418
0.676,7.52187500000001,2.60525213887538,-1.29645032,-50,2.59697807153904,-1.280561139342,5639.98288353746,0.00827406733633126,3.15751957528654,-1.19016219159824,5929.7880321619,-0.552267436411158
0.677,7.621875,2.52963932745358,-1.34645032,-50,2.52217770798405,-1.33046411210456,5647.70826412078,0.00746161946952158,3.08781829459938,-1.24287149009715,5928.55428253666,-0.558178967145803
0.678,7.721875,2.45150863535398,-1.39645032,-50,2.44451829450182,-1.38036080876071,5652.98042959641,0.00699034085216326,3.01509965925067,-1.29548773868684,5925.1395630908,-0.563591023896695
0.679,7.82187500000001,2.36946123997779,-1.44645032,-50,2.36400083697888,-1.43022866945942,5666.67759070016,0.00546040299891022,2.93936957129339,-1.34799101667231,5930.41441534499,-0.56990833131559
0.68,7.92187500000001,2.2854554918174,-1.49645032,-50,2.28062476581666,-1.4801452488562,5672.8033209062,0.00483072600072865,2.86063220822136,-1.40046144321764,5928.37488106967,-0.575176716403962
0.681,8.021875,2.19837233141868,-1.54645032,-50,2.19438928733346,-1.53004081427281,5680.91754943072,0.00398304408520913,2.77889137860873,-1.45283177688649,5928.57350384377,-0.580519047190048
0.682,8.121875,2.10793199953309,-1.59645032,-50,2.10529508051877,-1.57993369246545,5692.81531511359,0.00263691901431941,2.69415222302035,-1.50512276386768,5932.79808959465,-0.586220223487251
0.683,8.221875,2.01553331692594,-1.64645032,-50,2.01334130202858,-1.62985869614117,5697.41354700582,0.00219201489735253,2.60641822307804,-1.55737156600796,5929.958492212,-0.590884906152088
0.684,8.32187500000001,1.91949769556196,-1.69645032,-50,1.91852803650421,-1.6797486197946,5708.43273523145,0.000969659057737083,2.51569365576221,-1.609513258209,5933.76828803773,-0.596195960200254
0.685,8.42187500000001,1.82066442670859,-1.74645032,-50,1.82085560001417,-1.72966259059805,5718.58602254579,-0.000191173305566697,2.42198290074622,-1.66160918090872,5936.93386985287,-0.601318474037614
0.686,8.521875,1.71987280484184,-1.79645032,-50,1.72032284404339,-1.77959260499005,5721.70468216364,-0.000450039201555973,2.32528874818638,-1.71365347828096,5933.27992611348,-0.605415943344529
0.687,8.62187500000001,1.61488471517874,-1.84645032,-50,1.61693070412497,-1.82947391952822,5735.67064077844,-0.00204598894622249,2.22561595106185,-1.76558349070987,5940.68196450693,-0.610731235883118
0.688,8.72187500000001,1.50765851119106,-1.89645032,-50,1.51067910947203,-1.87940640484811,5744.11583583727,-0.00302059828096856,2.12296813842167,-1.81750111037273,5942.76566902378,-0.615309627230612
0.689,8.82187500000001,1.39819419287881,-1.94645032,-50,1.40156658554263,-1.9293391906103,5747.88484734205,-0.00337239266382577,2.01734742147195,-1.86935742780667,5940.36953093649,-0.619153228593128
0.69,8.921875,1.28453340333247,-1.99645032,-50,1.2895943475937,-1.9792292554604,5762.39814227824,-0.00506094426122365,1.90875849055952,-1.92111132347819,5948.90809187827,-0.624225087227044
0.691,9.021875,1.16891426054356,-2.04645032,-50,1.17476200968658,-2.0291755130234,5769.20314939068,-0.00584774914303074,1.79720432751548,-1.97286355537207,5949.92301683168,-0.628290066971915
0.692,9.12187500000001,1.05049747026525,-2.09645032,-50,1.05706838631203,-2.0791069599526,5775.77998469149,-0.00657091604679406,1.68268701052728,-2.0245449086161,5950.88881748846,-0.632189540262036
0.693,9.22187500000001,0.928443744209503,-2.14645032,-50,0.936514385536307,-2.12902152002384,5788.46506717786,-0.00807064132679301,1.56521061044234,-2.07615504112864,5958.13646551786,-0.636766866232843
0.694,9.321875,0.804431667203016,-2.19645032,-50,0.813099364262038,-2.17897541528584,5793.71848409467,-0.00866769705901079,1.44477754909811,-2.12775185629765,5958.12075513826,-0.640345881895094
0.695,9.42187500000001,0.677062415959448,-2.24645032000001,-50,0.686823029189589,-2.22890021344582,5803.18028187079,-0.009760613230145,1.32139050326582,-2.17926855186766,5962.47659116847,-0.644328087306379
0.696,9.52187500000001,0.546615753738069,-2.29645032,-50,0.557685937004743,-2.27883467670819,5814.10442286803,-0.0110701832666714,1.19505290773536,-2.23074547025102,5968.45294273671,-0.64843715399728
0.697,9.62187500000001,0.414210739259605,-2.34645032,-47.999999999999,0.425687148951059,-2.32879224364968,5600.47355247449,-0.0114764096914556,1.06576661270136,-2.28219758184531,5967.41891156565,-0.65155587344174
0.698,9.721875,0.277889021183704,-2.39645032,-31.9999999999993,0.290884526161472,-2.37670697235478,3907.81063936298,-0.0129955049777708,0.933534886047177,-2.33356042957985,5975.17086637755,-0.655645864863468
0.699,9.821875,0.139678892496317,-2.43238782,-6.99999999999932,0.153784838486035,-2.40897493442977,1837.81063936297,-0.0141059459897297,0.798360522611943,-2.38491498288468,5738.62435679882,-0.658681630115627
0.7,9.92187500000001,-1.57728931048238e-14,-2.45738782,25.0000000000014,0.0153833360167165,-2.42214888116355,-232.189360637028,-0.0153833360167342,0.660308384709539,-2.43401370874375,5345.48449425432,-0.660308384709545
0.701,-9.97812499999999,-0.139678892496331,-2.43238782,41.0000000000011,-0.123226822608504,-2.41625840827988,-2302.18936063703,-0.0164520698878191,0.51954889339947,-2.47941944484234,4153.15549078517,-0.659227785895807
0.702,-9.878125,-0.277889021183716,-2.39645032,50,-0.260954173147539,-2.39133306562919,-4372.18936063703,-0.0169348480361674,0.376504112182549,-2.51378537521806,2934.39175835782,-0.654393133366257
0.703,-9.77812499999999,-0.414210739259629,-2.34645031999999,50,-0.396708943127873,-2.3474023572596,-5319.531899283,-0.0175017961317569,0.231813052271928,-2.53688541206336,1642.07883330626,-0.64602379153155
0.704,-9.67812500000001,-0.546615753738069,-2.29645032,50,-0.529698937482449,-2.29482419013245,-5280.55449415865,-0.0169168162556122,0.0861400862343148,-2.54806036494108,513.606106274279,-0.632755839972395
0.705,-9.578125,-0.677062415959459,-2.24645032,50,-0.659689032366812,-2.24268611129148,-5241.16773984861,-0.0173733835926477,-0.0598752402913302,-2.54883604755315,-457.206306880376,-0.617187175668125
0.706,-9.478125,-0.804431667203016,-2.19645032,50,-0.786704531328903,-2.19099120461237,-5210.00625718518,-0.0177271358741034,-0.205679107825025,-2.54067905365614,-1299.26582376258,-0.598752559377983
0.707,-9.378125,-0.928443744209503,-2.14645032,50,-0.910768638727063,-2.13966311067912,-5188.05794666693,-0.017675105482451,-0.35079404254042,-2.52478775554436,-2031.24623140275,-0.577649701669095
0.708,-9.278125,-1.05049747026526,-2.09645032,50,-1.03189992686642,-2.08861649974823,-5163.53563981347,-0.0185975433988342,-0.494806257398865,-2.50218686919436,-2656.78862277483,-0.555691212866383
0.709,-9.178125,-1.16891426054356,-2.04645032,50,-1.15011518943995,-2.03787461628734,-5149.54569639887,-0.0187990711036235,-0.637359672112048,-2.47386602421758,-3202.45739015029,-0.5315545884315
0.71,-9.078125,-1.28453340333247,-1.99645032,50,-1.26542909659853,-1.98734009022522,-5138.26569199715,-0.019104306733933,-0.778147862721146,-2.44056892389066,-3672.16874772357,-0.506385540611321
0.711,-8.97812500000001,-1.39819419287881,-1.94645032,50,-1.3778528056053,-1.936987668719,-5123.05982251133,-0.020341387273522,-0.916905951143019,-2.40300208957957,-4069.52506052749,-0.481288241735793
0.712,-8.87812500000001,-1.50765851119106,-1.89645032,50,-1.48739777689983,-1.88685318746538,-5121.40274752039,-0.0202607342912333,-1.05340855917296,-2.36183780578387,-4420.9297603366,-0.45424995201811
0.713,-8.778125,-1.61488471517875,-1.84645032,50,-1.59407291693309,-1.83681165974762,-5116.57125574488,-0.0208117982456646,-1.1874618389145,-2.31750440338981,-4717.44577449671,-0.427422876264247
0.714,-8.678125,-1.71987280484184,-1.79645032,50,-1.69788438407401,-1.78689214612216,-5109.10033368899,-0.02198842076784,-1.31889882046358,-2.27051177043919,-4966.39714077122,-0.40097398437827
0.715,-8.57812500000001,-1.82066442670859,-1.74645032,50,-1.79883985944695,-1.73711874022573,-5114.14055253669,-0.0218245672616319,-1.4475797953801,-2.22130162349991,-5188.85342205928,-0.373084631328485
0.716,-8.478125,-1.91949769556196,-1.69645032,50,-1.89694441047673,-1.68737611309504,-5113.00415948947,-0.022553285085245,-1.57338479099862,-2.17012115450054,-5371.2866626776,-0.346112904563338
0.717,-8.378125,-2.01553331692594,-1.64645032,50,-1.99220142720145,-1.63772104185244,-5112.96630392276,-0.0233318897244884,-1.69621155216749,-2.11734162941443,-5525.46937250302,-0.319321764758437
0.718,-8.278125,-2.10793199953309,-1.59645032,50,-2.08461563278495,-1.58814328424148,-5120.18484367703,-0.0233163667481382,-1.81597597645303,-2.06322543166181,-5661.47877871287,-0.291956023080045
0.719,-8.178125,-2.19837233141868,-1.54645032,50,-2.17418954103916,-1.53857596158908,-5120.96427442185,-0.0241827903795129,-1.93260632727332,-2.00794182747858,-5769.03445424863,-0.265766004145367
0.72,-8.07812500000001,-2.2854554918174,-1.49645032,50,-2.26092544647515,-1.48907829752393,-5126.8091426033,-0.0245300453422395,-2.04604326828663,-1.9517544006669,-5862.61605049985,-0.239412223530758
0.721,-7.978125,-2.36946123997779,-1.44645032,50,-2.34482600209319,-1.43960358205082,-5134.85548124183,-0.0246352378846059,-2.15623873742097,-1.89479311368126,-5941.95086658512,-0.213222502556829
0.722,-7.878125,-2.45150863535398,-1.39645032,50,-2.42589194151088,-1.39013152607122,-5136.37455164983,-0.0256166938430841,-2.26315218500684,-1.83719023638247,-6000.566579668,-0.18835645034713
0.723,-7.778125,-2.52963932745358,-1.34645032,50,-2.50412513731854,-1.34072217633063,-5147.07806978175,-0.0255141901350553,-2.36675233985537,-1.77913737898314,-6056.13922391925,-0.162886987598209
0.724,-7.678125,-2.60525213887539,-1.29645032,50,-2.57952675887614,-1.29129093871532,-5155.0607230156,-0.025725379999254,-2.46701424201996,-1.72066323518566,-6098.47301723051,-0.138237896855422
0.725,-7.578125,-2.67890659865889,-1.24645032,50,-2.65209627018552,-1.24186287910857,-5156.54361556073,-0.0268103284733676,-2.56391726151422,-1.6618902554126,-6125.27636627051,-0.114989337144674
0.726,-7.478125,-2.74808482245938,-1.19645032,50,-2.72183556627277,-1.1924977903828,-5171.43088153733,-0.0262492561866068,-2.65744838278056,-1.60296178294702,-6157.74689325862,-0.0906364396788261
0.727,-7.378125,-2.81530469622586,-1.14645032,50,-2.78874471944291,-1.14307225469756,-5178.76295787112,-0.0265599767829523,-2.74759721000376,-1.54382592076547,-6176.04950405836,-0.0677074862220936
0.728,-7.27812500000001,-2.88000669137718,-1.09645032,50,-2.8528222602746,-1.09365587349036,-5183.89600054598,-0.0271844311025931,-2.83435560394163,-1.48461333515095,-6186.51744150575,-0.045651087435536
0.729,-7.178125,-2.94079198004336,-1.04645032,50,-2.91406929245288,-1.04426886368143,-5197.66958522723,-0.0267226875904919,-2.91772123698323,-1.42539622401961,-6200.83886679881,-0.0230707430601159
0.73,-7.078125,-2.9996189177588,-0.996450320200001,50,-2.97248522022438,-0.994831686758633,-5204.05367958,-0.0271336975344037,-2.99769283440898,-1.36613914229783,-6203.72030697202,-0.00192608334980162
0.731,-6.978125,-3.05536844827793,-0.946450320840002,50,-3.02806911903126,-0.945412403792021,-5212.57908669433,-0.0272993292466747,-3.07427112297678,-1.30694739980313,-6205.33147396397,0.0189026746988588
0.732,-6.878125,-3.1077608018098,-0.896450320999999,50,-3.08082144896146,-0.895991286968556,-5225.01573240944,-0.0269393528483511,-3.14746017824119,-1.24783258177296,-6207.99609522706,0.0396993764313975
0.733,-6.778125,-3.15819480278665,-0.846450321,50,-3.13074107417581,-0.846532355735588,-5230.25867600654,-0.0274537286108333,-3.21726412658458,-1.18878487719513,-6201.08886852581,0.059069323797926
0.734,-6.678125,-3.20499186500667,-0.796450321000001,50,-3.17782772572372,-0.797101850764937,-5242.00951071728,-0.027164139282958,-3.28368933310623,-1.12989224304504,-6198.72641088462,0.0786974680995683
0.735,-6.578125,-3.24899128202913,-0.746450321000002,50,-3.2220813158242,-0.747639855397653,-5252.96505406067,-0.0269099662049208,-3.34674347797942,-1.07111262708818,-6193.96427932197,0.0977521959502952
0.736,-6.47812500000001,-3.2910323474133,-0.696450321000003,50,-3.26350025121619,-0.698153735124428,-5256.9425181679,-0.027532096197108,-3.40643366411059,-1.01246793114643,-6180.92940856734,0.115401316697296
0.737,-6.378125,-3.32887694500114,-0.646450320999999,50,-3.3020849898623,-0.648707725667841,-5271.81171840682,-0.0267919551388465,-3.46276979622417,-0.954034055294333,-6177.75865937472,0.133892851223032
0.738,-6.278125,-3.36448342459746,-0.596450321000001,50,-3.33783495752959,-0.599201560883713,-5281.19419141143,-0.0266484670678654,-3.51576134426655,-0.895719922842379,-6168.3034666404,0.151277919669093
0.739,-6.178125,-3.39785178620227,-0.546450321000002,50,-3.37074815632788,-0.549685811903358,-5285.9255593761,-0.0271036298743963,-3.56541682004371,-0.837583165068882,-6153.59702725606,0.167565033841437
0.74,-6.078125,-3.42702368344849,-0.496450320999998,50,-3.40082526339671,-0.500203283748647,-5301.41853560936,-0.0261984200517883,-3.61174776252156,-0.779671818512269,-6149.22151264976,0.184724079073059
0.741,-5.978125,-3.4542372279105,-0.446450320999999,50,-3.42806534433827,-0.450654918131231,-5309.21405028693,-0.0261718835722353,-3.65476435397769,-0.721890489277197,-6136.8628634742,0.200527126067198
0.742,-5.878125,-3.47865312488312,-0.396450321,50,-3.45246665861474,-0.401111633745487,-5316.78663627674,-0.026186466268381,-3.69447614212219,-0.664312420674855,-6124.11937483682,0.215823017239074
0.743,-5.778125,-3.4994320860783,-0.346450321000001,50,-3.47402955588885,-0.351575473659436,-5330.46796684707,-0.025402530189443,-3.73089486533434,-0.60694083817431,-6117.42802369453,0.23146277925604
0.744,-5.678125,-3.51825269540601,-0.296450321000003,50,-3.49275283401224,-0.301990226380271,-5336.71412076999,-0.0254998613937586,-3.76403075012255,-0.54971974205715,-6103.33416612039,0.24577805471654
0.745,-5.578125,-3.53371612774645,-0.246450320999999,50,-3.50863564229512,-0.252424371618297,-5347.16177534578,-0.0250804854513274,-3.79389436304815,-0.492717002128654,-6093.54985052518,0.260178235301711
0.746,-5.478125,-3.54610215036957,-0.196450321,50,-3.52167798363579,-0.202839225509108,-5359.06202711332,-0.024424166733771,-3.82049706947785,-0.435892632150523,-6085.38948635946,0.274394919108274
0.747,-5.378125,-3.5565298213544,-0.146450321008001,50,-3.53187837073073,-0.153221454060126,-5363.78647547278,-0.0246514506236769,-3.843848653327,-0.379231415296183,-6070.27753822311,0.287318831972611
0.748,-5.278125,-3.56304078906265,-0.0964503210719979,50,-3.53923682699332,-0.103637125231983,-5377.13425212443,-0.0238039620693431,-3.86396028749989,-0.322797053250821,-6064.05695856641,0.300919498437245
0.749,-5.178125,-3.5670338760931,-0.0464503211143989,50,-3.54375299429012,-0.0540068525683288,-5387.27618230331,-0.0232808818029753,-3.88084261633203,-0.266507393799471,-6054.93457139926,0.313808740238938
0.75,-5.078125,-3.56906861148526,0.00354967886,50,-3.54542508720816,-0.00436020106965743,-5390.49967464273,-0.0236435242770884,-3.89450468904801,-0.210388909282209,-6039.22702690134,0.325436077562761
0.751,-4.978125,-3.56662711089439,0.0535496788855989,50,-3.54425399146412,0.0452391542487137,-5406.76659163538,-0.0223731194302789,-3.90495804123616,-0.154501917825329,-6036.9195990368,0.338330930341777
0.752,-4.878125,-3.56222726026951,0.103549678927998,50,-3.54023897709674,0.0949112862026737,-5415.16761592126,-0.0219882831727698,-3.91221239444996,-0.0987227795415608,-6027.12135896679,0.349985134180447
0.753,-4.778125,-3.55530953102948,0.153549678992001,50,-3.53337795068282,0.144583715775535,-5421.10262441468,-0.0219315803466533,-3.91627589771476,-0.0431202427307769,-6015.24625160878,0.360966366685265
0.754,-4.678125,-3.54447509851287,0.203549679,50,-3.52367154512785,0.194233755160698,-5435.44919685986,-0.0208035533850076,-3.91715920908811,0.0122868591602567,-6012.18221530465,0.372684110575245
0.755,-4.578125,-3.53168231321206,0.253549678999999,50,-3.51111882534414,0.24393882545131,-5442.21041287865,-0.0205634878679146,-3.9148711952369,0.0675798909093611,-6001.93951034195,0.383188882024846
0.756,-4.478125,-3.51581211567291,0.303549679000002,50,-3.49571863993765,0.293629056070344,-5450.94583842673,-0.020093475735268,-3.90942027884776,0.122692985573598,-5994.08216743236,0.393608163174839
0.757,-4.378125,-3.49658474389669,0.353549679000001,50,-3.47747131817617,0.343322632746961,-5463.45028212244,-0.0191134257205293,-3.90081613287883,0.177648367386336,-5990.40714550079,0.40423138898213
0.758,-4.278125,-3.47539902048219,0.403549679,50,-3.45637567512867,0.39305422526173,-5468.64050137652,-0.0190233453535107,-3.8890666843128,0.232484758155495,-5979.83138647379,0.413667663830611
0.759,-4.178125,-3.45057635831085,0.453549678999999,50,-3.43243146207741,0.442756483825238,-5480.23690609222,-0.0181448962334542,-3.87418056431287,0.287138855535913,-5976.07382160582,0.423604206002008
0.76,-4.078125,-3.42295605094196,0.503549678999998,50,-3.40563867001345,0.492488390811357,-5490.95261925615,-0.0173173809285209,-3.85616641241901,0.341673669468606,-5971.84469457046,0.433210361477056
0.761,-3.978125,-3.39337739193478,0.553549679000002,50,-3.3759958336394,0.542241797902756,-5494.61897987515,-0.0173815582953828,-3.83503118205785,0.396085046470977,-5960.97129192708,0.441653790123058
0.762,-3.878125,-3.35960226513126,0.603549679000001,50,-3.34350357997616,0.591951817730858,-5509.1180319444,-0.0160986851551045,-3.81078369133257,0.450312050534677,-5961.33062914602,0.45118142620131
0.763,-3.778125,-3.3235890221697,0.653549678999999,50,-3.3081615379337,0.641718178307264,-5518.08187331452,-0.0154274842359979,-3.78343153533999,0.504458308644491,-5956.54896997973,0.459842513170293
0.764,-3.67812499999999,-3.28533766305008,0.703549679000003,50,-3.26996794079009,0.691489868365382,-5522.35526302426,-0.0153697222599825,-3.75298069186104,0.558476648789906,-5947.46458117479,0.467643028810955
0.765,-3.578125,-3.24288983269638,0.753549679000002,50,-3.22892371964335,0.741223727489238,-5537.35886212364,-0.0139661130530269,-3.71943961840504,0.61232768413109,-5949.49110053261,0.476549785708645
0.766,-3.478125,-3.19848365185031,0.803549679000001,50,-3.18502821230623,0.791018532243168,-5544.64031221854,-0.013455439544079,-3.68281496500466,0.666113894345586,-5944.16872515528,0.484331313154331
0.767,-3.378125,-3.15127982809851,0.853549679,50,-3.13827996481169,0.840803144390601,-5551.67997097668,-0.0129998632868383,-3.64311237986656,0.719767770080779,-5938.97004139035,0.491832551768033
0.768,-3.278125,-3.10043906261051,0.903549678999999,50,-3.08867962442714,0.890575355249781,-5564.81460840199,-0.0117594381833727,-3.60033940672144,0.773290654417946,-5940.22380226092,0.499900344110934
0.769,-3.178125,-3.04763994479666,0.953549679160002,50,-3.03622629474725,0.940391257846443,-5570.50455040212,-0.0114136500494132,-3.55450184439691,0.826742112884398,-5934.38214063841,0.506861899600248
0.77,-3.078125,-2.99148365274575,1.0035496798,50,-2.98091943648825,0.99018229326048,-5580.39012345818,-0.0105642162575058,-3.505605652196,0.880056978303301,-5933.07707347091,0.514121999450255
0.771,-2.978125,-2.93224995097752,1.05354968,50,-2.92275936752755,1.03998709984174,-5591.72555716865,-0.00949058344997649,-3.45365745459105,0.933277199062863,-5933.55445515552,0.521407503613541
0.772,-2.87812499999999,-2.87105789757099,1.10354968,50,-2.86174491732078,1.08981899496294,-5595.88511035434,-0.00931298025021129,-3.3986622003357,0.986419320391747,-5927.18014688738,0.527604302764694
0.773,-2.778125,-2.80594914088789,1.15354968,50,-2.79787642629104,1.13961191853601,-5608.67016405162,-0.00807271459685745,-3.34062616656518,1.0394204277965,-5929.74714631443,0.534677025677292
0.774,-2.678125,-2.73832250352699,1.20354968,50,-2.73115385227108,1.18944528557155,-5618.25343166374,-0.00716865125589521,-3.2795550699443,1.09236299987951,-5929.41982863214,0.541232566417302
0.775,-2.578125,-2.66873751452779,1.25354968,50,-2.66157572368169,1.23928957695022,-5620.92390394586,-0.00716179084611239,-3.21545302452863,1.14522049965311,-5922.47891756348,0.546715510000828
0.776,-2.478125,-2.59467629321251,1.30354968,50,-2.58914323702958,1.28908117802225,-5636.64473089628,-0.00553305618291618,-3.14832664390744,1.19793221392024,-5928.8793889473,0.553650350694927
0.777,-2.378125,-2.51865671865464,1.35354968,50,-2.51385596934814,1.33894023372056,-5644.50773675951,-0.00480074930649341,-3.0781807582389,1.25062110936697,-5927.70500372767,0.559524039584259
0.778,-2.278125,-2.44011926135633,1.40354968,50,-2.43571212977918,1.38879434753648,-5649.91368670624,-0.00440713157715125,-3.00501867036549,1.30321753268175,-5924.34858940197,0.564899409009152
0.779,-2.178125,-2.35766510399,1.45354968,50,-2.35471264883537,1.4386209222155,-5663.74081575855,-0.00295245515461947,-2.92884624954082,1.35570155252859,-5929.68058094192,0.571181145550811
0.78,-2.07812499999999,-2.27325259429782,1.50354968,50,-2.27085688367926,1.48849747529104,-5669.99279311694,-0.00239571061856388,-2.84966764109668,1.40815327646684,-5927.69699472007,0.576415046798846
0.781,-1.978125,-2.18576267236733,1.55354968,50,-2.18414396949033,1.53835423790102,-5678.22962650463,-0.00161870287699852,-2.7674866221162,1.46050545123974,-5927.95034038889,0.581723949748877
0.782,-1.878125,-2.09491557619976,1.60354968,50,-2.09457451617015,1.58820950139611,-5690.24645274741,-0.000341060029610707,-2.68230830235893,1.5127788109219,-5932.22841722251,0.587392726159164
0.783,-1.778125,-2.0021101283939,1.65354968,50,-2.00214761328796,1.63809804403423,-5694.96026342726,3.74848940529266e-05,-2.59413613333671,1.56501050520341,-5929.44104400895,0.592026004942821
0.784,-1.678125,-1.90566774183122,1.70354968,50,-1.90686328035413,1.6879526264895,-5706.09162216926,0.00119553852291081,-2.50297436262519,1.61713559652523,-5933.30177926696,0.597306620793967
0.785,-1.57812499999999,-1.80642771007097,1.75354968,50,-1.80872177022309,1.7378323428424,-5716.35373703794,0.00229406015213818,-2.40882734121103,1.66921541271987,-5936.51699546168,0.602399631140069
0.786,-1.478125,-1.70522932667243,1.80354968,50,-1.70772187304308,1.78772915709175,-5719.57797373146,0.00249254637065089,-2.31169783129094,1.7212440851884,-5932.91139306369,0.606468504618502
0.787,-1.378125,-1.59983447547756,1.85354968,50,-1.60386446484328,1.83757829425658,-5733.64635345497,0.00402998936570734,-2.2115905586125,1.77315894167255,-5940.36049848209,0.611756083134951
0.788,-1.27812499999999,-1.49220150812464,1.90354968,50,-1.49714941711368,1.88747959435227,-5742.19090951322,0.00494790898903609,-2.10850912571209,1.82506186189899,-5942.49002003202,0.616307617587452
0.789,-1.17812499999999,-1.38233042461367,1.95354968,50,-1.38757519931694,1.93738215734855,-5746.05630134066,0.00524477470327334,-2.00245561798952,1.87690392419734,-5940.13846076825,0.620125193375839
0.79,-1.078125,-1.26826287330637,2.00354968,50,-1.27514297239354,1.98724293297699,-5760.66303534753,0.00688009908715665,-1.89343470068114,1.9286439969539,-5948.72033764908,0.625171827374764
0.791,-0.978124999999999,-1.15223696898568,2.05354968,49.680267728,-1.15985229773332,2.03716080635607,-5732.80514095881,0.00761532874763684,-1.78144933120566,1.980382825865,-5949.77736332025,0.629212362219989
0.792,-0.878125000000001,-1.0334134171756,2.10354968,48.827648336,-1.04171109841385,2.08674501440304,-5652.24040411269,0.0082976812382576,-1.66650156402914,2.03205118422745,-5950.78407227702,0.633088146853546
0.793,-0.778124999999994,-0.911001380274324,2.1524672532,44.8804643799997,-0.920752368680566,2.13551117134855,-5236.64533687018,0.00975098840624924,-1.5485954469489,2.08364871835685,-5939.50165815066,0.637594066674567
0.794,-0.678124999999996,-0.786753494007475,2.19931421,39.4847627639997,-0.797111243874197,2.18037826613217,-4688.00803836445,0.0103577498667174,-1.42773827367816,2.13506247809838,-5888.11847800651,0.640984779670675
0.795,-0.578124999999998,-0.659482395476252,2.24069869,31.8858990199999,-0.671046015354235,2.22012835377262,-3898.57912730532,0.0115636198779924,-1.30395113453476,2.18592382125499,-5754.84743567403,0.644468739058513
0.796,-0.478124999999991,-0.530029543859949,2.2739203252,24.3084947799994,-0.542913101995414,2.25255408279548,-3098.23494857925,0.0128835581354651,-1.17728723854084,2.23548023574025,-5501.01369575772,0.64725769468088
0.797,-0.378124999999994,-0.399320899551536,2.3019535204,16.7432364927995,-0.413134710236004,2.27756638549408,-2333.71259802775,0.0138138106844712,-1.04785307023267,2.28262456737582,-5189.12298769682,0.648532170681141
0.798,-0.278124999999996,-0.266763648032585,2.3196403236,9.19471963519968,-0.282125827706619,2.29550631349842,-1520.57688814646,0.0153621796740431,-0.91580202619923,2.3268264307832,-4746.93624576003,0.649038378166652
0.799,-0.178124999999998,-0.133612704315548,2.3306926868,1.64982818279984,-0.150304170150489,2.30593758608344,-720.896419862554,0.0166914658349477,-0.781336907692326,2.36689166327648,-4249.0834353937,0.647724203376771
0.8,-0.078125,0,2.33658493,-5.89224351,-0.0180960721455466,2.30899562988775,40.6881598244269,0.0180960721455415,-0.644709213902433,2.40231454880402,-3729.76552336926,0.644709213902434
0.801,0.0218749999999979,0.133612704315548,2.3306926868,-13.4407603675998,0.114086379394943,2.30504235559104,883.065642467816,0.0195263249206138,-0.50619038293265,2.43290480406837,-3079.33380769317,0.639803087248208
0.802,0.121874999999996,0.266763648032585,2.3196403236,-20.9976479399997,0.245820483042314,2.29334533602917,1682.9970041333,0.0209431649902688,-0.366091645942677,2.45746367265284,-2428.24423900637,0.632855293975263
0.803,0.221875000000011,0.39932089955156,2.3019535204,-28.5652978600009,0.376674085854797,2.27430707832029,2470.05876830374,0.0226468136967523,-0.224758481498929,2.47599445095909,-1753.24491784792,0.624079381050485
0.804,0.321875000000009,0.530029543859972,2.2739203252,-36.1602598760007,0.506230283770842,2.2480573616805,3316.95284604732,0.023799260089129,-0.0825423077285399,2.4882865128043,-988.667291256024,0.612571851588504
0.805,0.421875000000007,0.659482395476264,2.24069869,-42.8411394000003,0.634060441409237,2.21405690658626,4017.86540071478,0.0254219540670277,0.0601760909604401,2.49352540778901,-242.269187638199,0.599306304515813
0.806,0.521875000000005,0.786753494007486,2.19931421,-47.5024536400002,0.759759293309733,2.17366075669448,4529.36180933118,0.0269942006977535,0.202997702470863,2.49188931993321,542.928064384844,0.583755791536631
0.807,0.621875000000003,0.911001380274335,2.1524672532,-49.307246744,0.883010599779677,2.12862145387575,4748.46533553482,0.027990780494648,0.345518698653776,2.48303195329497,1318.96182266866,0.565482681620565
0.808,0.721875000000001,1.0334134171756,2.10354968,-50,1.00362559716771,2.08163620953533,4842.78852569432,0.0297878200079065,0.487328066503352,2.46704880499881,2018.39939150304,0.546085350672242
0.809,0.821874999999999,1.15223696898568,2.05354968,-50,1.12152576482395,2.03385601897416,4873.20031265142,0.0307112041617239,0.628038032956261,2.44465560494924,2646.89450816869,0.524198936029434
0.81,0.921875000000014,1.26826287330639,2.00354967999999,-50,1.23668243551085,1.98587009926836,4900.5578658587,0.031580437795552,0.767300311368227,2.41651495928641,3188.84232444518,0.500962561938169
0.811,1.02187500000001,1.38233042461369,1.95354967999999,-50,1.34908463592758,1.93770686824859,4918.96214036216,0.0332457886861186,0.904808663030708,2.38343201171462,3649.19382549211,0.477521761582994
0.812,1.12187500000001,1.49220150812466,1.90354968,-50,1.45872457448894,1.88944897091147,4946.53071335857,0.0334769336357227,1.04030163993499,2.34616510890194,4055.52946012325,0.451899868189676
0.813,1.22187500000001,1.59983447547757,1.85354968,-50,1.56559441607019,1.84101224244366,4967.10147521739,0.0342400594073879,1.17355394134279,2.30521768195001,4399.93948362012,0.426280534134793
0.814,1.32187500000001,1.70522932667244,1.80354968,-50,1.66968576669036,1.79246133989587,4981.6990024322,0.0355435599820775,1.30437117333571,2.26116515129368,4690.64450769844,0.400858153336738
0.815,1.421875,1.80642771007098,1.75354968,-50,1.77099366403557,1.74385139399666,5005.90107016817,0.0354340460354084,1.4325897189774,2.21450641583835,4949.49657401054,0.373837991093569
0.816,1.521875,1.90566774183122,1.70354968,-50,1.86951219641441,1.69509413449042,5021.39269908909,0.0361555454167936,1.55806876464303,2.1655385624129,5163.65064098656,0.347598977188198
0.817,1.621875,2.0021101283939,1.65354968,-50,1.96523522564866,1.64626992575034,5035.77430735576,0.0368749027452352,1.68068789078402,2.11467639174409,5345.47523267884,0.321422237609882
0.818,1.721875,2.09491557619976,1.60354968,-50,2.05815921136029,1.59738908373775,5055.48758241854,0.036756364839463,1.8003471659084,2.06222027119624,5505.56776499926,0.294568410291354
0.819,1.82187500000001,2.18576267236734,1.55354967999999,-50,2.14827950599933,1.54840264489971,5067.08464872192,0.0374831663680158,1.91696106190776,2.00837260633789,5634.10178449314,0.268801610459585
0.82,1.92187500000001,2.27325259429784,1.50354967999999,-50,2.23559220311505,1.49938544203187,5082.2861052591,0.0376603911827883,2.03045822853668,1.95342589238073,5745.9531415844,0.242794365761157
0.821,2.02187500000001,2.35766510399001,1.45354968,-50,2.32009459144922,1.45030436242834,5098.41643873664,0.0375705125407964,2.14078014061503,1.89753531334496,5841.19486788773,0.216884963374982
0.822,2.12187500000001,2.44011926135634,1.40354968,-50,2.40178276915552,1.4011509594302,5106.91133075026,0.0383364922008193,2.24787713821298,1.84085514082471,5913.6563790679,0.192242123143341
0.823,2.221875,2.51865671865465,1.35354968,-50,2.48065460802158,1.35199559120018,5123.62590853032,0.0380021106330608,2.3517100199845,1.78359617666901,5981.27701558603,0.166946698670157
0.824,2.321875,2.59467629321251,1.30354968,-50,2.55670782914997,1.30276263967534,5136.78001413263,0.0379684640625237,2.45224692517619,1.72580385405178,6034.09083652918,0.14242936803631
0.825,2.421875,2.66873751452779,1.25354968,-50,2.6299389291905,1.25348498145382,5142.70386932717,0.0387985853373022,2.5494612207756,1.66761522238193,6070.00677720958,0.119276293752193
0.826,2.52187500000002,2.738322503527,1.20354967999999,-50,2.70034725423233,1.20422920413476,5161.39673890317,0.0379752492946805,2.64333467115967,1.60918635643691,6110.39741340646,0.0949878323673364
0.827,2.62187500000001,2.8059491408879,1.15354967999999,-50,2.76793069157831,1.15487779887044,5171.98210099858,0.038018449309604,2.73385234323236,1.55047646138109,6135.58039957952,0.0720967976555461
0.828,2.72187500000001,2.871057897571,1.10354967999999,-50,2.83268590321647,1.105505502953,5179.88848562637,0.0383719943545387,2.82100215582774,1.49162588318982,6152.02222988602,0.0500557417432747
0.829,2.82187500000001,2.93224995097752,1.05354968,-50,2.89461239920108,1.05613699535566,5196.01852837193,0.0376375517764602,2.90477835846699,1.43271525855593,6171.52729460563,0.0274715925105423
0.83,2.92187500000001,2.99148365274575,1.0035496798,-50,2.9537082289865,1.00669661255184,5204.39724912549,0.0377754237592474,2.98517670606083,1.37371649879479,6178.90361332651,0.006306946684924
0.831,3.021875,3.04763994479667,0.953549679159998,-50,3.00997132056129,0.95725577811043,5214.60342409726,0.0376686242353689,3.06219534941141,1.31474132497906,6184.40943738041,-0.0145554046147424
0.832,3.121875,3.10043906261051,0.903549678999999,-50,3.06340116642366,0.907797680152664,5228.44869770666,0.0370378961868381,3.13583613183522,1.25580690910144,6190.44565111009,-0.0353970692247118
0.833,3.221875,3.15127982809851,0.853549679,-50,3.11399581909061,0.858288865729526,5234.86458584818,0.0372840090079121,3.20610124699046,1.19690830840212,6186.45437047098,-0.0548214188919531
0.834,3.321875,3.19848365185031,0.803549679000001,-50,3.16175433306791,0.808797763797842,5247.58444405782,0.0367293187824055,3.27299538819762,1.13813772031576,6186.61102806906,-0.0745117363473086
0.835,3.421875,3.24288983269638,0.753549679000002,-50,3.20667606094203,0.759266350378623,5259.33268793649,0.0362137717543523,3.33652479112182,1.07945678539104,6184.02242014924,-0.0936349584254342
0.836,3.52187499999999,3.28533766305008,0.703549679000003,-50,3.24875895090409,0.709703626806521,5263.95061398362,0.0365787121459923,3.39669531207365,1.02089062110831,6172.86022790619,-0.111357649023571
0.837,3.62187499999999,3.32358902216969,0.653549679000004,-50,3.28800308967555,0.660175240536321,5279.32903296093,0.0355859324941512,3.45351578148911,0.962517926548853,6171.30036857055,-0.129926759319421
0.838,3.72187499999999,3.35960226513126,0.603549679000005,-50,3.32440760707232,0.610582141810249,5289.10768194539,0.0351946580589279,3.50699474497945,0.904250060371853,6163.22826752916,-0.147392479848207
0.839,3.82187500000001,3.39337739193478,0.553549678999997,-50,3.35797027409598,0.560975948816546,5294.13806131051,0.0354071178387917,3.55713992048398,0.846146772717008,6149.70680689929,-0.163762528549213
0.84,3.921875,3.42295605094196,0.503549678999998,-50,3.38869159253842,0.511400365931823,5309.84673593292,0.0342644584035385,3.60396216658584,0.788257942595823,6146.3440851496,-0.181006115643871
0.841,4.021875,3.45057635831085,0.453549678999999,-50,3.41657050049272,0.461757105394046,5317.78660554175,0.0340058578181234,3.64747108383059,0.730489777201424,6134.84857585656,-0.196894725519734
0.842,4.121875,3.47539902048219,0.403549679,-50,3.44160517087096,0.412117745109701,5325.4426332297,0.0337938496112251,3.68767572392204,0.672916911148881,6122.83824720321,-0.212276703439848
0.843,4.221875,3.49658474389669,0.353549679000001,-50,3.46379590177757,0.362484890379068,5339.15560185732,0.0327888421191315,3.7245874037022,0.615543778062331,6116.76727530722,-0.228002659805508
0.844,4.321875,3.51581211567291,0.303549679000002,-50,3.48314146929354,0.312802807261893,5345.38943528599,0.0326706463793657,3.75821599277771,0.558315426273507,6103.1959436072,-0.242403877104817
0.845,4.42187499999999,3.53168231321205,0.253549679000004,-50,3.49964102623129,0.263140380106006,5355.78762417783,0.0320412869807643,3.78857175687622,0.501300634681597,6093.84931630405,-0.256889443664171
0.846,4.52187499999999,3.54447509851287,0.203549679000005,-50,3.51329460036166,0.213459266374406,5367.6072322778,0.031180498151204,3.81566580914712,0.444460204987843,6086.05320388906,-0.27119071063424
0.847,4.62187499999999,3.55530953102948,0.153549678992006,-50,3.52410074722243,0.163746417974569,5372.22497909182,0.0312087838070575,3.83950772339428,0.387779602194333,6071.24195343359,-0.284198192364799
0.848,4.721875,3.56222726026951,0.103549678927998,-50,3.53205954808697,0.114068141219064,5385.44443237171,0.0301677121825495,3.86010849884143,0.331323117839343,6065.26712912831,-0.29788123857193
0.849,4.821875,3.56662711089439,0.0535496788855989,-50,3.53717071515868,0.0643452468223547,5395.44024321323,0.0294563957357172,3.87747863764376,0.275009109418711,6056.34304388151,-0.310851526749382
0.85,4.921875,3.56906861148526,0.00354967886,-50,3.53943254364131,0.0146074614522183,5398.50314772082,0.0296360678439377,3.89162707405339,0.218864489295402,6040.7928903604,-0.322558462568136
0.851,5.021875,3.5670338760931,-0.0464503211143989,-50,3.53884600824701,-0.0350814090720642,5414.59788685319,0.0281878678460789,3.90256525215373,0.162949954745679,6038.60764441713,-0.335531376060636
0.852,5.121875,3.56304078906265,-0.0964503210719979,-50,3.53541047474002,-0.0848413334470519,5422.81762567048,0.0276303143226326,3.91030282219744,0.107142191987185,6028.90134072872,-0.347262033134807
0.853,5.22187499999999,3.5565298213544,-0.146450321007997,-50,3.52912395072936,-0.134599751536377,5428.56436654136,0.0274058706250308,3.91484787927079,0.0515102292549007,6017.09223145244,-0.358318057916393
0.854,5.32187499999999,3.54610215036957,-0.196450320999996,-50,3.51998717423674,-0.184333914093677,5442.71749814198,0.0261149761328176,3.91621104238374,-0.00392686012980684,6014.07198390353,-0.370108892014165
0.855,5.42187500000001,3.53371612774644,-0.246450321000004,-50,3.50799931833147,-0.234121197509738,5449.28165295943,0.0257168094149896,3.91440115190588,-0.0592502357485182,6003.85410233127,-0.38068502415943
0.856,5.521875,3.51825269540601,-0.296450321000003,-50,3.49315934192648,-0.283891700860824,5457.81772410407,0.0250933534795292,3.90942661511934,-0.114393855624556,5996.00543539771,-0.391173919713347
0.857,5.621875,3.4994320860783,-0.346450321000001,-50,3.47546768598416,-0.333663591786248,5470.12170171237,0.0239644000941345,3.90129709885603,-0.169379795153997,5992.32543905821,-0.401865012777734
0.858,5.721875,3.47865312488312,-0.396450321,-50,3.45492327799233,-0.383471532874733,5475.11128839857,0.0237298468908096,3.89002053183536,-0.224246650510843,5981.73316251976,-0.411367406952237
0.859,5.821875,3.4542372279105,-0.446450320999999,-50,3.43152598181473,-0.433248175852044,5486.50768888142,0.0227112460957807,3.87560555359462,-0.278931013297733,5977.94935957668,-0.421368325684132
0.86,5.921875,3.42702368344849,-0.496450320999998,-50,3.40527590072767,-0.483052511917182,5497.02475938507,0.021747782720829,3.85806081763912,-0.333495804335227,5973.68591718273,-0.431037134190632
0.861,6.02187499999999,3.39785178620227,-0.546450320999997,-50,3.37617168102052,-0.532876408310053,5500.49440555328,0.021680105181758,3.83739329603002,-0.387936796276589,5962.7714954578,-0.43954150982774
0.862,6.12187499999999,3.36448342459746,-0.596450320999996,-50,3.34421406026089,-0.582654998408263,5514.79911715656,0.0202693643365781,3.81361182937184,-0.442192992000572,5963.08427217391,-0.44912840477437
0.863,6.22187499999999,3.32887694500114,-0.646450320999995,-50,3.30940277660028,-0.632488035038571,5523.57143350334,0.0194741684008596,3.78672403845516,-0.496367968166971,5958.25158978832,-0.457847093454017
0.864,6.32187500000001,3.2910323474133,-0.696450321000003,-50,3.27173617102117,-0.682324535772492,5527.65643636157,0.0192961763921263,3.75673592935159,-0.550414512442365,5949.11260545969,-0.465703581938281
0.865,6.421875,3.24899128202913,-0.746450321000002,-50,3.23121528058996,-0.732121371956571,5542.47500776729,0.0177760014391717,3.72365598993496,-0.604293205918309,5951.08168458407,-0.474664707905842
0.866,6.521875,3.20499186500667,-0.796450321000001,-50,3.18783954721106,-0.781977353901497,5549.57503678084,0.0171523177956137,3.68749090224669,-0.658106502947309,5945.69972467447,-0.482499037240025
0.867,6.621875,3.15819480278665,-0.846450321,-50,3.14160761901187,-0.831821379341333,5556.43705034974,0.0165871837747797,3.64824634776745,-0.711786875334746,5940.43988715165,-0.490051544980811
0.868,6.721875,3.1077608018098,-0.896450320999999,-50,3.09252024325025,-0.881651277066572,5569.39789859125,0.0152405585595544,3.60592990442913,-0.765335652639772,5941.63136945625,-0.498169102619331
0.869,6.821875,3.05536844827794,-0.946450320839997,-50,3.04057662134484,-0.931523178254159,5574.9180180745,0.0147918269330849,3.56054740591756,-0.818812390977178,5935.72674289806,-0.505178957639606
0.87,6.92187499999999,2.9996189177588,-0.996450320199996,-50,2.9857763096225,-0.98136856309415,5584.63780267292,0.0138426081363043,3.51210484681729,-0.872151917805825,5934.35838740843,-0.512485929058493
0.871,7.02187500000001,2.94079198004335,-1.04645032,-50,2.92811971931438,-1.03122610960594,5595.81150631379,0.0126722607289775,3.46060888709367,-0.925396179497384,5934.77244891542,-0.519816907050307
0.872,7.12187500000001,2.88000669137718,-1.09645032,-50,2.86760577095231,-1.08110917499414,5599.81340659647,0.0124009204248649,3.40606451103193,-0.978561721949185,5928.33504953272,-0.526057819654767
0.873,7.221875,2.81530469622586,-1.14645032,-50,2.8042348937502,-1.13095173911359,5612.44490114473,0.0110698024756527,3.34847803119187,-1.03158563373586,5930.83942348075,-0.533173334966014
0.874,7.321875,2.74808482245938,-1.19645032,-50,2.73800713204047,-1.18083325700849,5621.87863921202,0.010077690418906,3.28785519942481,-1.0845503986996,5930.45008218796,-0.539770376965421
0.875,7.421875,2.67890659865889,-1.24645032,-50,2.66892109846847,-1.23072424894088,5624.40358428356,0.00998550019043183,3.22420016463701,-1.13742948633774,5923.44790511796,-0.545293565978108
0.876,7.521875,2.60525213887539,-1.29645032,-50,2.59697807151806,-1.28056113933043,5639.98288357443,0.00827406735732292,3.15751957485605,-1.190162191361,5929.78803292338,-0.552267435980664
0.877,7.62187499999999,2.52963932745359,-1.34645032,-50,2.52217770796373,-1.33046411209336,5647.70826415669,0.00746161948985169,3.08781829418227,-1.24287148986729,5928.5542832745,-0.558178966728692
0.878,7.72187499999999,2.45150863535398,-1.39645032,-50,2.44451829448212,-1.38036080874985,5652.98042963124,0.00699034087185726,3.01509965884654,-1.29548773846412,5925.1395638058,-0.563591023492561
0.879,7.82187499999999,2.3694612399778,-1.44645032,-50,2.36400083695979,-1.4302286694489,5666.67759073363,0.00546040301801899,2.93936957090181,-1.34799101645651,5930.41441603755,-0.569908330924
0.88,7.92187500000001,2.2854554918174,-1.49645032,-50,2.28062476579817,-1.480145248846,5672.80332093895,0.00483072601922676,2.86063220784196,-1.40046144300855,5928.37488174099,-0.575176716024559
0.881,8.021875,2.19837233141868,-1.54645032,-50,2.19438928731555,-1.53004081426293,5680.91754946252,0.00398304410312201,2.77889137824113,-1.45283177668391,5928.57350449431,-0.580519046822453
0.882,8.121875,2.10793199953309,-1.59645032,-50,2.10529508050141,-1.57993369245588,5692.81531514441,0.00263691903167252,2.69415222266417,-1.50512276367139,5932.79809022492,-0.58622022313108
0.883,8.221875,2.01553331692594,-1.64645032,-50,2.01334130201176,-1.6298586961319,5697.41354703564,0.0021920149141713,2.60641822273293,-1.55737156581777,5929.95849282263,-0.590884905806985
0.884,8.321875,1.91949769556196,-1.69645032,-50,1.91852803648792,-1.67974861978562,5708.43273526016,0.000969659074046968,2.51569365542783,-1.60951325802472,5933.76828862918,-0.596195959865863
0.885,8.421875,1.8206644267086,-1.74645032,-50,1.82085559999838,-1.72966259058935,5718.58602257382,-0.000191173289791146,2.42198290042223,-1.66160918073017,5936.93387042605,-0.60131847371363
0.886,8.52187499999999,1.71987280484185,-1.79645032,-50,1.72032284402809,-1.77959260498161,5721.70468219055,-0.000450039186238422,2.32528874787246,-1.71365347810796,5933.27992666888,-0.605415943030621
0.887,8.62187500000001,1.61488471517874,-1.84645032,-50,1.61693070411015,-1.82947391952004,5735.67064080485,-0.00204598893141382,2.22561595075769,-1.76558349054225,5940.68196504504,-0.610731235578955
0.888,8.72187500000001,1.50765851119106,-1.89645032,-50,1.51067910945767,-1.87940640484019,5744.11583586282,-0.0030205982666179,2.12296813812697,-1.81750111021032,5942.76566954523,-0.615309626935914
0.889,8.82187500000001,1.39819419287881,-1.94645032,-50,1.40156658552871,-1.92933919060263,5747.88484736668,-0.00337239264990766,2.0173474211864,-1.86935742764931,5940.36953144172,-0.61915322830759
0.89,8.921875,1.28453340333247,-1.99645032,-50,1.28959434758022,-1.97922925545297,5762.3981423021,-0.00506094424773809,1.90875849028285,-1.92111132332572,5948.90809236782,-0.624225086950387
0.891,9.021875,1.16891426054356,-2.04645032,-50,1.17476200967352,-2.0291755130162,5769.20314941371,-0.0058477491299523,1.79720432724741,-1.97286355522435,5949.923017306,-0.628290066703858
0.892,9.121875,1.05049747026526,-2.09645032,-50,1.05706838629938,-2.07910695994563,5775.77998471374,-0.00657091603412273,1.68268701026755,-2.02454490847297,5950.88881794767,-0.632189540002274
0.893,9.221875,0.928443744209514,-2.14645032,-50,0.936514385524044,-2.12902152001708,5788.46506719954,-0.00807064131452879,1.56521061019068,-2.07615504098995,5958.13646596296,-0.636766865981172
0.894,9.321875,0.804431667203027,-2.19645032,-50,0.813099364250156,-2.17897541527929,5793.71848411569,-0.00866769704712824,1.44477754885427,-2.12775185616328,5958.12075556946,-0.640345881651235
0.895,9.42187499999999,0.67706241595947,-2.24645032,-50,0.686823029178077,-2.22890021343947,5803.18028189098,-0.00976061321861867,1.32139050302956,-2.17926855173746,5962.47659158604,-0.644328087070076
0.896,9.52187500000001,0.546615753738069,-2.29645032,-50,0.557685936993589,-2.27883467670203,5814.10442288794,-0.0110701832555267,1.19505290750644,-2.23074547012486,5968.45294314195,-0.648437153768382
0.897,9.62187500000001,0.414210739259605,-2.34645032,-47.999999999999,0.425687148940252,-2.32879224364371,5600.47355249365,-0.0114764096806417,1.06576661247956,-2.28219758172307,5967.41891195814,-0.651555873219941
0.898,9.721875,0.277889021183704,-2.39645032,-31.9999999999993,0.290884526151002,-2.37670697234901,3907.81063938149,-0.0129955049672877,0.933534885832271,-2.33356042946142,5975.17086675783,-0.655645864648564
0.899,9.821875,0.139678892496317,-2.43238782,-6.99999999999932,0.15378483847589,-2.40897493442418,1837.81063938148,-0.0141059459795774,0.798360522403717,-2.38491498276992,5738.62435716716,-0.65868162990739
0.9,9.921875,-3.36691530453939e-15,-2.45738782,25,0.0153833360068873,-2.42214888115813,-232.189360618517,-0.0153833360068872,0.660308384507785,-2.43401370863257,5345.48449461138,-0.660308384507796
0.901,-9.978125,-0.139678892496319,-2.43238782,40.9999999999997,-0.123226822618028,-2.41625840827464,-2302.18936061852,-0.0164520698783029,0.519548893203988,-2.47941944473461,4153.15549113103,-0.659227785700317
0.902,-9.878125,-0.277889021183704,-2.39645032,50,-0.260954173156767,-2.39133306562413,-4372.18936061852,-0.0169348480269311,0.376504111993144,-2.51378537511368,2934.39175869299,-0.654393133176849
0.903,-9.77812499999999,-0.414210739259629,-2.34645031999999,50,-0.396708943136817,-2.34740235725472,-5319.53189926808,-0.0175017961228005,0.23181305208841,-2.53688541196223,1642.07883363104,-0.646023791348044
0.904,-9.67812499999999,-0.546615753738092,-2.29645032,50,-0.529698937491118,-2.29482419012771,-5280.55449414383,-0.0169168162469865,0.0861400860565012,-2.54806036484309,513.606106588768,-0.632755839794589
0.905,-9.57812499999999,-0.67706241595947,-2.24645032,50,-0.659689032375213,-2.24268611128689,-5241.16773983442,-0.0173733835842511,-0.0598752404636166,-2.5488360474582,-457.206306575622,-0.617187175495841
0.906,-9.47812499999999,-0.804431667203027,-2.19645032,50,-0.786704531337045,-2.19099120460792,-5210.00625717121,-0.0177271358659866,-0.205679107991957,-2.54067905356415,-1299.26582346719,-0.598752559211068
0.907,-9.378125,-0.928443744209514,-2.14645032,50,-0.910768638734954,-2.1396631106748,-5188.05794665351,-0.0176751054745633,-0.350794042702162,-2.52478775545522,-2031.24623111673,-0.577649701507345
0.908,-9.278125,-1.05049747026526,-2.09645032,50,-1.03189992687406,-2.08861649974404,-5163.53563980026,-0.0185975433912008,-0.494806257555579,-2.50218686910799,-2656.78862249753,-0.555691212709671
0.909,-9.178125,-1.16891426054356,-2.04645032,50,-1.15011518944736,-2.03787461628328,-5149.54569638629,-0.0187990710961937,-0.637359672263891,-2.4738660241339,-3202.45738988151,-0.531554588279673
0.91,-9.078125,-1.28453340333247,-1.99645032,50,-1.26542909660571,-1.98734009022128,-5138.26569198471,-0.0191043067267577,-0.778147862868269,-2.44056892380958,-3672.16874746326,-0.506385540464202
0.911,-8.97812500000001,-1.39819419287881,-1.94645032,50,-1.37785280561226,-1.93698766871518,-5123.05982249939,-0.0203413872665502,-0.916905951285569,-2.40300208950102,-4069.52506027541,-0.481288241593228
0.912,-8.87812499999999,-1.50765851119108,-1.89645031999999,50,-1.48739777690657,-1.88685318746168,-5121.40274750864,-0.020260734284516,-1.05340855931108,-2.36183780570776,-4420.92976009233,-0.454249951879997
0.913,-8.77812499999999,-1.61488471517876,-1.84645032,50,-1.59407291693963,-1.83681165974403,-5116.57125573364,-0.0208117982391254,-1.18746183904832,-2.31750440331606,-4717.44577425991,-0.427422876130435
0.914,-8.67812499999999,-1.71987280484185,-1.79645032,50,-1.69788438408034,-1.78689214611868,-5109.10033367805,-0.0219884207615043,-1.31889882059324,-2.27051177036773,-4966.39714054188,-0.400973984248605
0.915,-8.578125,-1.8206644267086,-1.74645032,50,-1.79883985945309,-1.73711874022236,-5114.14055252601,-0.0218245672554997,-1.44757979550574,-2.22130162343067,-5188.85342183693,-0.373084631202866
0.916,-8.478125,-1.91949769556196,-1.69645032,50,-1.89694441048268,-1.68737611309177,-5113.00415947912,-0.022553285079291,-1.57338479112035,-2.17012115443346,-5371.2866624622,-0.346112904441612
0.917,-8.378125,-2.01553331692594,-1.64645032,50,-1.99220142720722,-1.63772104184927,-5112.96630391277,-0.0233318897187125,-1.69621155228544,-2.11734162934943,-5525.46937229426,-0.319321764640502
0.918,-8.278125,-2.10793199953309,-1.59645032,50,-2.08461563279054,-1.58814328423841,-5120.18484366733,-0.0233163667425404,-1.81597597656731,-2.06322543159883,-5661.47877851063,-0.291956022965774
0.919,-8.17812499999999,-2.19837233141869,-1.54645031999999,50,-2.17418954104457,-1.5385759615861,-5120.96427441235,-0.0241827903741186,-1.93260632738405,-2.00794182741756,-5769.03445405295,-0.265766004034633
0.92,-8.07812499999999,-2.28545549181741,-1.49645031999999,50,-2.2609254464804,-1.48907829752105,-5126.80914259401,-0.0245300453370234,-2.04604326839391,-1.95175440060777,-5862.6160503099,-0.23941222342351
0.921,-7.97812499999999,-2.3694612399778,-1.44645032,50,-2.34482600209827,-1.43960358204802,-5134.85548123283,-0.0246352378795424,-2.15623873752492,-1.89479311362398,-5941.95086640122,-0.213222502452888
0.922,-7.87812499999999,-2.45150863535398,-1.39645032,50,-2.42589194151581,-1.39013152606851,-5136.37455164115,-0.0256166938381733,-2.26315218510756,-1.83719023632697,-6000.56657948982,-0.188356450246421
0.923,-7.77812499999999,-2.52963932745359,-1.34645032,50,-2.5041251373233,-1.340722176328,-5147.07806977353,-0.0255141901302718,-2.36675233995296,-1.77913737892936,-6056.13922374662,-0.16288698750063
0.924,-7.678125,-2.60525213887539,-1.29645032,50,-2.57952675888076,-1.29129093871278,-5155.0607230075,-0.0257253799946231,-2.46701424211451,-1.72066323513355,-6098.4730170632,-0.13823789676087
0.925,-7.578125,-2.67890659865889,-1.24645032,50,-2.65209627019,-1.2418628791061,-5156.54361555281,-0.0268103284688894,-2.56391726160584,-1.66189025536211,-6125.27636610851,-0.114989337053049
0.926,-7.478125,-2.74808482245938,-1.19645032,50,-2.72183556627711,-1.1924977903804,-5171.43088152955,-0.0262492561822813,-2.65744838286933,-1.6029617828981,-6157.74689310163,-0.0906364395900505
0.927,-7.378125,-2.81530469622586,-1.14645032,50,-2.78874471944712,-1.14307225469524,-5178.76295786385,-0.0265599767787285,-2.74759721008977,-1.54382592071807,-6176.04950390614,-0.0677074861360914
0.928,-7.27812499999999,-2.88000669137719,-1.09645031999999,50,-2.85282226027867,-1.09365587348812,-5183.89600053889,-0.027184431098522,-2.83435560402497,-1.48461333510502,-6186.51744135842,-0.0456510873522055
0.929,-7.17812499999999,-2.94079198004337,-1.04645032,50,-2.91406929245682,-1.04426886367925,-5197.66958522026,-0.0267226875865481,-2.91772123706398,-1.42539622397511,-6200.83886665595,-0.0230707429793807
0.93,-7.07812499999999,-2.9996189177588,-0.996450320199996,50,-2.97248522022821,-0.994831686756524,-5204.05367957321,-0.0271336975305871,-2.99769283448722,-1.36613914225472,-6203.72030683353,-0.00192608327158542
0.931,-6.97812499999999,-3.05536844827794,-0.946450320839997,50,-3.02806911903496,-0.945412403789977,-5212.57908668789,-0.0272993292429598,-3.07427112305259,-1.30694739976135,-6205.3314738299,0.0189026747746578
0.932,-6.878125,-3.1077608018098,-0.896450320999999,50,-3.08082144896505,-0.895991286966574,-5225.01573240302,-0.0269393528447634,-3.14746017831464,-1.24783258173249,-6207.99609509701,0.0396993765048301
0.933,-6.778125,-3.15819480278665,-0.846450321,50,-3.13074107417929,-0.846532355733668,-5230.2586760004,-0.0274537286073474,-3.21726412665574,-1.18878487715591,-6201.08886839996,0.0590693238690941
0.934,-6.678125,-3.20499186500667,-0.796450321000001,50,-3.17782772572709,-0.797101850763078,-5242.00951071138,-0.0271641392795739,-3.28368933317518,-1.12989224300704,-6198.72641076266,0.0786974681685227
0.935,-6.57812499999999,-3.24899128202914,-0.746450320999993,50,-3.22208131582746,-0.74763985539585,-5252.96505405493,-0.0269099662016639,-3.34674347804622,-1.07111262705136,-6193.9642792038,0.0977521960170869
0.936,-6.47812499999999,-3.29103234741331,-0.696450320999994,50,-3.26350025121935,-0.698153735122681,-5256.94251816233,-0.0275320961939529,-3.40643366417533,-1.01246793111076,-6180.92940845296,0.115401316762026
0.937,-6.37812499999999,-3.32887694500114,-0.646450320999995,50,-3.30208498986536,-0.648707725666148,-5271.81171840151,-0.0267919551357677,-3.46276979628689,-0.954034055259768,-6177.75865926382,0.133892851285753
0.938,-6.27812499999999,-3.36448342459746,-0.596450320999996,50,-3.33783495753256,-0.599201560882071,-5281.19419140623,-0.0266484670648884,-3.51576134432732,-0.895719922808888,-6168.30346653287,0.151277919729854
0.939,-6.17812499999999,-3.39785178620227,-0.546450320999997,50,-3.37074815633075,-0.549685811901767,-5285.92555937098,-0.0271036298715211,-3.56541682010259,-0.837583165036432,-6153.59702715192,0.167565033900316
0.94,-6.078125,-3.42702368344849,-0.496450320999998,50,-3.4008252633995,-0.500203283747106,-5301.41853560443,-0.0261984200489895,-3.61174776257861,-0.779671818480828,-6149.22151254896,0.184724079130131
0.941,-5.978125,-3.4542372279105,-0.446450320999999,50,-3.42806534434097,-0.450654918129737,-5309.21405028204,-0.0261718835695382,-3.65476435403296,-0.721890489246732,-6136.86286337627,0.200527126122464
0.942,-5.878125,-3.47865312488312,-0.396450321,50,-3.45246665861736,-0.401111633744041,-5316.78663627207,-0.0261864662657602,-3.69447614217575,-0.664312420645338,-6124.11937474205,0.215823017292634
0.943,-5.778125,-3.4994320860783,-0.346450321000001,50,-3.47402955589138,-0.351575473658035,-5330.4679668424,-0.025402530186924,-3.73089486538624,-0.606940838145711,-6117.42802360279,0.231462779307946
0.944,-5.67812499999999,-3.51825269540601,-0.296450320999994,50,-3.4927528340147,-0.301990226378915,-5336.71412076565,-0.025499861391316,-3.76403075017283,-0.549719742029439,-6103.33416603153,0.245778054766818
0.945,-5.57812499999999,-3.53371612774645,-0.246450320999995,50,-3.5086356422975,-0.252424371616983,-5347.16177534169,-0.0250804854489356,-3.79389436309687,-0.492717002101804,-6093.54985043908,0.260178235350437
0.946,-5.47812499999999,-3.54610215036957,-0.196450320999996,50,-3.5216779836381,-0.202839225507833,-5359.06202710913,-0.024424166731481,-3.82049706952505,-0.435892632124506,-6085.38948627593,0.274394919155473
0.947,-5.37812499999999,-3.5565298213544,-0.146450321007997,50,-3.53187837073297,-0.153221454058892,-5363.7864754689,-0.0246514506214378,-3.84384865337274,-0.379231415270975,-6070.27753814212,0.287318832018335
0.948,-5.278125,-3.56304078906265,-0.0964503210719979,50,-3.53923682699548,-0.103637125230787,-5377.13425212054,-0.0238039620671803,-3.86396028754421,-0.322797053226397,-6064.05695848803,0.300919498481569
0.949,-5.178125,-3.5670338760931,-0.0464503211143989,50,-3.54375299429222,-0.0540068525671704,-5387.27618229947,-0.0232808818008889,-3.88084261637497,-0.266507393775806,-6054.93457132315,0.313808740281863
0.95,-5.078125,-3.56906861148526,0.00354967886,50,-3.54542508721019,-0.00436020106853608,-5390.49967463895,-0.0236435242750783,-3.89450468908962,-0.210388909259281,-6039.22702682771,0.325436077604363
0.951,-4.97812499999998,-3.56662711089439,0.0535496788856078,50,-3.54425399146609,0.0452391542497985,-5406.76659163217,-0.0223731194282942,-3.90495804127647,-0.154501917803114,-6036.91959896558,0.338330930382081
0.952,-4.87812499999999,-3.56222726026951,0.103549678928007,50,-3.54023897709864,0.0949112862037273,-5415.167615918,-0.0219882831708615,-3.91221239448902,-0.0987227795200355,-6027.12135889782,0.349985134219505
0.953,-4.77812499999999,-3.55530953102948,0.153549678992006,50,-3.53337795068467,0.144583715776557,-5421.1026244113,-0.0219315803448213,-3.9162758977526,-0.0431202427099195,-6015.246251542,0.360966366723126
0.954,-4.67812499999999,-3.54447509851287,0.203549679000005,50,-3.52367154512964,0.194233755161687,-5435.44919685665,-0.0208035533832265,-3.91715920912477,0.0122868591804673,-6012.18221523977,0.37268411061191
0.955,-4.57812499999999,-3.53168231321205,0.253549679000004,50,-3.51111882534587,0.243938825452268,-5442.21041287558,-0.0205634878661843,-3.91487119527242,0.0675798909289435,-6001.93951027905,0.383188882060367
0.956,-4.478125,-3.51581211567291,0.303549679000002,50,-3.49571863993933,0.293629056071272,-5450.94583842371,-0.0200934757335886,-3.90942027888218,0.122692985592571,-5994.08216737142,0.393608163209266
0.957,-4.378125,-3.49658474389669,0.353549679000001,50,-3.4774713181778,0.34332263274786,-5463.45028211952,-0.0191134257189009,-3.90081613291218,0.17764836740472,-5990.40714544177,0.404231389015488
0.958,-4.278125,-3.47539902048219,0.403549679,50,-3.45637567513024,0.393054225262601,-5468.6405013737,-0.0190233453519331,-3.88906668434511,0.232484758173307,-5979.83138641655,0.413667663862926
0.959,-4.178125,-3.45057635831085,0.453549678999999,50,-3.43243146207893,0.442756483826082,-5480.23690608948,-0.0181448962319275,-3.87418056434418,0.28713885555317,-5976.07382155046,0.42360420603333
0.96,-4.078125,-3.42295605094196,0.503549678999998,50,-3.40563867001493,0.492488390812175,-5490.95261925347,-0.0173173809270451,-3.85616641244935,0.341673669485327,-5971.84469451667,0.433210361507386
0.961,-3.97812500000001,-3.39337739193478,0.553549678999997,50,-3.37599583364083,0.542241797903548,-5494.61897987245,-0.0173815582939579,-3.83503118208724,0.396085046487178,-5960.97129187492,0.441653790152446
0.962,-3.87812500000001,-3.35960226513126,0.603549678999996,50,-3.34350357997755,0.591951817731624,-5509.11803194176,-0.0160986851537305,-3.81078369136105,0.450312050550372,-5961.33062909549,0.451181426229782
0.963,-3.77812500000001,-3.3235890221697,0.653549678999995,50,-3.30816153793505,0.641718178308004,-5518.08187331211,-0.0154274842346493,-3.78343153536759,0.504458308659698,-5956.54896993074,0.459842513197875
0.964,-3.67812499999999,-3.28533766305008,0.703549679000003,50,-3.2699679407914,0.691489868366098,-5522.35526302194,-0.0153697222586848,-3.75298069188777,0.558476648804638,-5947.46458112755,0.467643028837697
0.965,-3.578125,-3.24288983269638,0.753549679000002,50,-3.22892371964461,0.741223727489932,-5537.35886212132,-0.0139661130517801,-3.71943961843094,0.612327684145365,-5949.49110048678,0.476549785734547
0.966,-3.478125,-3.19848365185031,0.803549679000001,50,-3.18502821230745,0.791018532243839,-5544.6403122164,-0.0134554395428577,-3.68281496502976,0.666113894359418,-5944.16872511099,0.484331313179445
0.967,-3.378125,-3.15127982809851,0.853549679,50,-3.13827996481287,0.840803144391252,-5551.6799709747,-0.0129998632856424,-3.64311237989088,0.719767770094182,-5938.97004134736,0.491832551792358
0.968,-3.278125,-3.10043906261051,0.903549678999999,50,-3.08867962442829,0.890575355250413,-5564.81460839995,-0.0117594381822277,-3.60033940674501,0.773290654430931,-5940.22380221921,0.499900344134496
0.969,-3.178125,-3.04763994479667,0.953549679159998,50,-3.03622629474837,0.940391257847055,-5570.50455040015,-0.0114136500482936,-3.55450184441975,0.82674211289698,-5934.38214059788,0.506861899623071
0.97,-3.07812500000001,-2.99148365274575,1.0035496798,50,-2.98091943648933,0.990182293261073,-5580.39012345633,-0.0105642162564117,-3.50560565221813,0.880056978315491,-5933.07707343164,0.514121999472366
0.971,-2.97812500000001,-2.93224995097752,1.05354968,50,-2.9227593675286,1.03998709984232,-5591.72555716672,-0.00949058344893327,-3.45365745461249,0.933277199074673,-5933.55445511749,0.521407503634966
0.972,-2.87812500000001,-2.871057897571,1.10354967999999,50,-2.86174491732179,1.08981899496349,-5595.88511035227,-0.00931298024921896,-3.39866220035647,0.986419320403188,-5927.1801468505,0.527604302785456
0.973,-2.778125,-2.80594914088789,1.15354968,50,-2.79787642629202,1.13961191853654,-5608.67016405004,-0.00807271459586511,-3.34062616658531,1.03942042780759,-5929.74714627894,0.534677025697419
0.974,-2.678125,-2.73832250352699,1.20354968,50,-2.73115385227204,1.18944528557207,-5618.25343166204,-0.00716865125495377,-3.2795550699638,1.09236299989025,-5929.41982859785,0.541232566436818
0.975,-2.578125,-2.66873751452779,1.25354968,50,-2.66157572368261,1.23928957695073,-5620.92390394443,-0.00716179084517095,-3.21545302454753,1.14522049966352,-5922.4789175302,0.546715510019733
0.976,-2.478125,-2.59467629321251,1.30354968,50,-2.58914323703047,1.28908117802274,-5636.64473089471,-0.00553305618202562,-3.14832664392575,1.19793221393032,-5928.87938891505,0.553650350713247
0.977,-2.378125,-2.51865671865465,1.35354968,50,-2.51385596934901,1.33894023372104,-5644.50773675793,-0.00480074930562829,-3.07818075825664,1.25062110937675,-5927.70500369621,0.559524039601994
0.978,-2.27812500000001,-2.44011926135634,1.40354968,50,-2.43571212978002,1.38879434753694,-5649.91368670473,-0.00440713157631158,-3.00501867038268,1.30321753269122,-5924.34858937162,0.564899409026353
0.979,-2.17812500000001,-2.35766510399001,1.45354968,50,-2.35471264883618,1.43862092221594,-5663.74081575691,-0.00295245515383069,-2.92884624955747,1.35570155253777,-5929.68058091251,0.571181145567477
0.98,-2.07812499999999,-2.27325259429782,1.50354968,50,-2.27085688368004,1.48849747529147,-5669.99279311563,-0.0023957106177751,-2.84966764111281,1.40815327647573,-5927.69699469152,0.576415046814978
0.981,-1.978125,-2.18576267236733,1.55354968,50,-2.1841439694911,1.53835423790143,-5678.22962650334,-0.00161870287623519,-2.76748662213183,1.46050545124835,-5927.95034036117,0.5817239497645
0.982,-1.878125,-2.09491557619976,1.60354968,50,-2.09457451617089,1.58820950139652,-5690.24645274614,-0.000341060028872818,-2.68230830237408,1.51277881093024,-5932.22841719587,0.587392726174329
0.983,-1.778125,-2.0021101283939,1.65354968,50,-2.00214761328868,1.63809804403462,-5694.9602634262,3.74848947908153e-05,-2.59413613335139,1.5650105052115,-5929.44104398302,0.592026004957502
0.984,-1.678125,-1.90566774183122,1.70354968,50,-1.90686328035483,1.68795262648988,-5706.09162216799,0.00119553852359781,-2.50297436263941,1.61713559653307,-5933.30177924181,0.597306620808191
0.985,-1.578125,-1.80642771007098,1.75354968,50,-1.80872177022377,1.73783234284277,-5716.35373703661,0.00229406015279973,-2.40882734122481,1.66921541272747,-5936.51699543712,0.602399631153834
0.986,-1.47812500000001,-1.70522932667244,1.80354968,50,-1.70772187304373,1.7877291570921,-5719.57797373016,0.002492546371287,-2.31169783130429,1.72124408519576,-5932.91139303989,0.606468504631835
0.987,-1.37812500000001,-1.59983447547757,1.85354968,50,-1.60386446484391,1.83757829425693,-5733.64635345388,0.00402998936634345,-2.21159055862544,1.77315894167967,-5940.36049845911,0.611756083147877
0.988,-1.27812500000001,-1.49220150812466,1.90354968,50,-1.49714941711429,1.8874795943526,-5742.19090951204,0.00494790898964676,-2.10850912572463,1.82506186190589,-5942.49002000966,0.616307617599971
0.989,-1.17812499999999,-1.38233042461367,1.95354968,50,-1.38757519931754,1.93738215734887,-5746.05630133963,0.00524477470385856,-2.00245561800166,1.87690392420403,-5940.13846074682,0.620125193387976
0.99,-1.078125,-1.26826287330637,2.00354968,50,-1.27514297239412,1.9872429329773,-5760.66303534667,0.00688009908774187,-1.89343470069291,1.92864399696038,-5948.72033762846,0.625171827386544
0.991,-0.978124999999999,-1.15223696898568,2.05354968,49.680267728,-1.15985229773388,2.03716080635638,-5732.8051409579,0.00761532874819662,-1.78144933121707,1.98038282587128,-5949.77736330013,0.629212362231388
0.992,-0.878125000000001,-1.0334134171756,2.10354968,48.827648336,-1.04171109841439,2.08674501440334,-5652.24040411174,0.00829768123879193,-1.66650156404019,2.03205118423354,-5950.78407225751,0.633088146864589
0.993,-0.778125000000003,-0.911001380274335,2.1524672532,44.8804643800001,-0.920752368681091,2.13551117134884,-5236.64533686917,0.00975098840675813,-1.5485954469596,2.08364871836274,-5939.50165813177,0.637594066685279
0.994,-0.678125000000005,-0.786753494007486,2.19931421,39.4847627640004,-0.797111243874706,2.18037826613245,-4688.00803836364,0.0103577498672263,-1.42773827368853,2.13506247810409,-5888.11847798823,0.640984779681056
0.995,-0.578125000000007,-0.659482395476264,2.24069869,31.8858990200005,-0.671046015354729,2.22012835377289,-3898.57912730445,0.0115636198784758,-1.30395113454481,2.18592382126052,-5754.84743565606,0.644468739068538
0.996,-0.478124999999991,-0.530029543859949,2.2739203252,24.3084947799994,-0.542913101995893,2.25255408279574,-3098.23494857851,0.0128835581359485,-1.17728723855057,2.23548023574561,-5501.01369574064,0.647257694690625
0.997,-0.378124999999994,-0.399320899551536,2.3019535204,16.7432364927995,-0.413134710236468,2.27756638549433,-2333.71259802694,0.0138138106849292,-1.0478530702421,2.28262456738101,-5189.12298768004,0.648532170690555
0.998,-0.278124999999996,-0.266763648032585,2.3196403236,9.19471963519968,-0.282125827707069,2.29550631349866,-1520.57688814559,0.0153621796744757,-0.915802026208373,2.32682643078823,-4746.93624574388,0.649038378175786
0.999,-0.178124999999998,-0.133612704315548,2.3306926868,1.64982818279984,-0.150304170150925,2.30593758608368,-720.896419861817,0.0166914658353803,-0.781336907701185,2.36689166328135,-4249.08343537808,0.647724203385626
1,-0.078125,0,2.33658493,-5.89224351,-0.0180960721459688,2.30899562988798,40.6881598250445,0.0180960721459741,-0.644709213911017,2.40231454880874,-3729.76552335408,0.644709213911009
1.001,0.0218750000000156,0.133612704315572,2.3306926868,-13.4407603676012,0.114086379394534,2.30504235559126,883.06564246849,0.0195263249210464,-0.506190382940967,2.43290480407295,-3079.33380767854,0.639803087256528
1.002,0.121874999999996,0.266763648032585,2.3196403236,-20.9976479399997,0.245820483041918,2.29334533602938,1682.9970041339,0.0209431649906759,-0.366091645950736,2.45746367265728,-2428.24423899223,0.632855293983329
1.003,0.221875000000011,0.39932089955156,2.3019535204,-28.5652978600009,0.376674085854413,2.27430707832051,2470.05876830424,0.0226468136971594,-0.224758481506738,2.47599445096339,-1753.24491783418,0.624079381058296
1.004,0.321874999999991,0.530029543859949,2.2739203252,-36.1602598759994,0.506230283770469,2.24805736168071,3316.95284604789,0.0237992600894852,-0.0825423077361059,2.48828651280847,-988.667291242704,0.612571851596061
1.005,0.421875000000007,0.659482395476264,2.24069869,-42.8411394000003,0.634060441408877,2.21405690658646,4017.86540071549,0.0254219540673839,0.0601760909531091,2.49352540779305,-242.269187625436,0.599306304523167
1.006,0.521875000000005,0.786753494007486,2.19931421,-47.5024536400002,0.759759293309383,2.17366075669467,4529.36180933177,0.0269942006981097,0.20299770246376,2.49188931993712,542.928064397438,0.58375579154373
1.007,0.621875000000003,0.911001380274335,2.1524672532,-49.307246744,0.883010599779338,2.12862145387594,4748.46533553531,0.0279907804950042,0.345518698646893,2.48303195329876,1318.96182268091,0.565482681627435
1.008,0.721875000000001,1.0334134171756,2.10354968,-50,1.00362559716738,2.08163620953551,4842.78852569512,0.0297878200082118,0.487328066496683,2.46704880500249,2018.39939151464,0.546085350678933
1.009,0.821875000000016,1.1522369689857,2.05354967999999,-50,1.12152576482363,2.03385601897433,4873.20031265186,0.0307112041620801,0.628038032949799,2.4446556049528,2646.89450818026,0.524198936035896
1.01,0.921874999999996,1.26826287330637,2.00354968,-50,1.23668243551055,1.98587009926853,4900.55786585934,0.0315804377958319,0.767300311361966,2.41651495928986,3188.84232445629,0.500962561944403
1.011,1.02187500000001,1.38233042461369,1.95354967999999,-50,1.34908463592728,1.93770686824876,4918.96214036284,0.0332457886863985,0.904808663024642,2.38343201171797,3649.1938255029,0.47752176158905
1.012,1.12187500000001,1.49220150812466,1.90354968,-50,1.45872457448865,1.88944897091163,4946.53071335914,0.0334769336360026,1.04030163992911,2.34616510890518,4055.52946013362,0.451899868195553
1.013,1.22187500000001,1.59983447547757,1.85354968,-50,1.56559441606991,1.84101224244381,4967.10147521787,0.0342400594076678,1.17355394133709,2.30521768195314,4399.93948363013,0.426280534140492
1.014,1.32187500000001,1.70522932667244,1.80354968,-50,1.66968576669009,1.79246133989602,4981.69900243261,0.0355435599823574,1.30437117333019,2.26116515129672,4690.64450770816,0.40085815334226
1.015,1.42187500000002,1.80642771007099,1.75354967999999,-50,1.7709936640353,1.7438513939968,5005.90107016865,0.0354340460356883,1.43258971897205,2.21450641584129,4949.49657401997,0.373837991098938
1.016,1.521875,1.90566774183122,1.70354968,-50,1.86951219641416,1.69509413449056,5021.39269908954,0.036155545417048,1.55806876463785,2.16553856241576,5163.65064099584,0.347598977193363
1.017,1.62187500000002,2.00211012839392,1.65354967999999,-50,1.96523522564841,1.64626992575047,5035.77430735609,0.0368749027455151,1.680687890779,2.11467639174685,5345.47523268771,0.32142223761492
1.018,1.721875,2.09491557619976,1.60354968,-50,2.05815921136005,1.59738908373788,5055.48758241886,0.0367563648397175,1.80034716590353,2.06222027119892,5505.56776500788,0.294568410296214
1.019,1.82187500000001,2.18576267236734,1.55354967999999,-50,2.1482795059991,1.54840264489984,5067.08464872238,0.0374831663682448,1.91696106190305,2.00837260634049,5634.10178450149,0.268801610464292
1.02,1.92187499999999,2.27325259429782,1.50354968,-50,2.23559220311482,1.499385442032,5082.28610525953,0.0376603911829919,2.03045822853211,1.95342589238324,5745.95314159239,0.242794365765712
1.021,2.02187500000001,2.35766510399001,1.45354968,-50,2.320094591449,1.45030436242846,5098.41643873715,0.037570512541,2.1407801406106,1.8975353133474,5841.19486789552,0.216884963379409
1.022,2.12187500000001,2.44011926135634,1.40354968,-50,2.40178276915531,1.40115095943031,5106.91133075069,0.0383364922010229,2.2478771382087,1.84085514082707,5913.65637907538,0.192242123147641
1.023,2.221875,2.51865671865465,1.35354968,-50,2.48065460802138,1.35199559120029,5123.62590853068,0.0380021106332643,2.35171001998034,1.7835961766713,5981.27701559344,0.166946698674304
1.024,2.321875,2.59467629321251,1.30354968,-50,2.55670782914978,1.30276263967545,5136.78001413293,0.0379684640627272,2.45224692517216,1.725803854054,6034.09083653615,0.142429368040356
1.025,2.421875,2.66873751452779,1.25354968,-50,2.62993892919031,1.25348498145393,5142.70386932761,0.0387985853374803,2.5494612207717,1.66761522238408,6070.00677721655,0.119276293756086
1.026,2.521875,2.73832250352699,1.20354968,-50,2.70034725423215,1.20422920413486,5161.39673890359,0.0379752492948331,2.64333467115589,1.60918635643899,6110.3974134131,0.0949878323711022
1.027,2.621875,2.80594914088789,1.15354968,-50,2.76793069157813,1.15487779887054,5171.98210099892,0.0380184493097566,2.7338523432287,1.55047646138311,6135.58039958603,0.0720967976591847
1.028,2.72187500000001,2.871057897571,1.10354967999999,-50,2.8326859032163,1.1055055029531,5179.88848562681,0.0383719943546914,2.82100215582419,1.49162588319178,6152.02222989239,0.0500557417468115
1.029,2.82187499999999,2.93224995097751,1.05354968,-50,2.89461239920091,1.05613699535575,5196.01852837214,0.0376375517766129,2.90477835846355,1.43271525855782,6171.52729461177,0.0274715925139518
1.03,2.92187500000001,2.99148365274575,1.0035496798,-50,2.95370822898633,1.00669661255193,5204.39724912563,0.0377754237594255,2.9851767060575,1.37371649879663,6178.90361333237,0.00630694668825722
1.031,3.02187499999999,3.04763994479666,0.953549679160006,-50,3.00997132056113,0.957255778110516,5214.60342409741,0.0376686242355216,3.06219534940819,1.31474132498083,6184.40943738612,-0.0145554046115364
1.032,3.121875,3.10043906261051,0.903549678999999,-50,3.06340116642351,0.907797680152749,5228.44869770694,0.0370378961869907,3.1358361318321,1.25580690910316,6190.44565111559,-0.0353970692215821
1.033,3.22187499999998,3.15127982809851,0.853549679000009,-50,3.11399581909046,0.858288865729608,5234.86458584846,0.0372840090080393,3.20610124698743,1.19690830840379,6186.4543704762,-0.0548214188889252
1.034,3.321875,3.19848365185031,0.803549679000001,-50,3.16175433306777,0.808797763797921,5247.58444405801,0.0367293187825581,3.27299538819468,1.13813772031738,6186.61102807416,-0.074511736344357
1.035,3.421875,3.24288983269638,0.753549679000002,-50,3.20667606094189,0.759266350378701,5259.33268793665,0.0362137717545049,3.33652479111897,1.07945678539261,6184.02242015427,-0.0936349584225844
1.036,3.52187499999999,3.28533766305008,0.703549679000003,-50,3.24875895090396,0.709703626806597,5263.95061398394,0.0365787121461195,3.39669531207089,1.02089062110983,6172.86022791116,-0.111357649020823
1.037,3.62187499999999,3.32358902216969,0.653549679000004,-50,3.28800308967542,0.660175240536394,5279.3290329612,0.0355859324942784,3.45351578148644,0.962517926550326,6171.30036857528,-0.129926759316749
1.038,3.72187500000001,3.35960226513126,0.603549678999996,-50,3.3244076070722,0.61058214181032,5289.10768194558,0.0351946580590806,3.50699474497687,0.90425006037328,6163.22826753384,-0.147392479845612
1.039,3.82187499999999,3.39337739193478,0.553549679000006,-50,3.35797027409586,0.560975948816614,5294.13806131056,0.0354071178389189,3.55713992048148,0.84614677271839,6149.70680690349,-0.163762528546694
1.04,3.921875,3.42295605094196,0.503549678999998,-50,3.3886915925383,0.511400365931891,5309.84673593311,0.0342644584036657,3.60396216658341,0.788257942597164,6146.34408515402,-0.181006115641454
1.041,4.021875,3.45057635831085,0.453549678999999,-50,3.4165705004926,0.461757105394112,5317.78660554191,0.0340058578182506,3.64747108382823,0.730489777202722,6134.84857586065,-0.196894725517368
1.042,4.121875,3.47539902048219,0.403549679,-50,3.44160517087085,0.412117745109766,5325.44263323002,0.0337938496113268,3.68767572391976,0.672916911150139,6122.83824720739,-0.212276703437584
1.043,4.221875,3.49658474389669,0.353549679000001,-50,3.46379590177746,0.362484890379129,5339.15560185759,0.0327888421192332,3.72458740369999,0.615543778063549,6116.7672753111,-0.228002659803294
1.044,4.32187500000001,3.51581211567291,0.303549678999994,-50,3.48314146929343,0.312802807261952,5345.38943528637,0.0326706463794675,3.75821599277557,0.558315426274688,6103.19594361098,-0.242403877102654
1.045,4.42187499999999,3.53168231321205,0.253549679000004,-50,3.49964102623118,0.263140380106061,5355.78762417799,0.0320412869808661,3.78857175687414,0.501300634682741,6093.84931630763,-0.256889443662084
1.046,4.52187500000001,3.54447509851287,0.203549678999996,-50,3.51329460036156,0.213459266374459,5367.60723227809,0.0311804981513057,3.81566580914511,0.444460204988952,6086.05320389278,-0.27119071063223
1.047,4.62187499999999,3.55530953102948,0.153549678992006,-50,3.52410074722234,0.16374641797462,5372.22497909211,0.0312087838071338,3.83950772339233,0.387779602195406,6071.24195343694,-0.284198192362839
1.048,4.721875,3.56222726026951,0.103549678927998,-50,3.53205954808688,0.114068141219112,5385.44443237195,0.0301677121826258,3.86010849883955,0.331323117840383,6065.2671291315,-0.297881238570022
1.049,4.82187499999998,3.56662711089439,0.0535496788856078,-50,3.53717071515859,0.0643452468224007,5395.44024321328,0.0294563957357935,3.87747863764193,0.275009109419721,6056.3430438846,-0.31085152674755
1.05,4.921875,3.56906861148526,0.00354967886,-50,3.53943254364122,0.0146074614522637,5398.50314772082,0.0296360678440395,3.89162707405162,0.218864489296382,6040.79289036352,-0.322558462566355
1.051,5.021875,3.5670338760931,-0.0464503211143989,-50,3.53884600824693,-0.0350814090720189,5414.59788685319,0.0281878678461807,3.90256525215202,0.162949954746628,6038.60764442032,-0.335531376058931
1.052,5.121875,3.56304078906265,-0.0964503210719979,-50,3.53541047473994,-0.0848413334470066,5422.81762567067,0.027630314322709,3.91030282219578,0.107142191988104,6028.90134073158,-0.347262033133127
1.053,5.22187499999999,3.5565298213544,-0.146450321007997,-50,3.52912395072928,-0.134599751536334,5428.56436654152,0.0274058706251071,3.91484787926919,0.0515102292557916,6017.0922314554,-0.35831805791479
1.054,5.32187500000001,3.54610215036957,-0.196450321000005,-50,3.51998717423666,-0.184333914093635,5442.71749814227,0.0261149761328939,3.91621104238218,-0.00392686012894464,6014.07198390654,-0.370108892012612
1.055,5.42187499999999,3.53371612774645,-0.246450320999995,-50,3.50799931833139,-0.234121197509698,5449.28165295937,0.025716809415066,3.91440115190436,-0.059250235747685,6003.85410233387,-0.380685024157929
1.056,5.521875,3.51825269540601,-0.296450321000003,-50,3.49315934192641,-0.283891700860785,5457.81772410417,0.0250933534796056,3.90942661511788,-0.114393855623748,5996.00543540023,-0.391173919711871
1.057,5.621875,3.4994320860783,-0.346450321000001,-50,3.47546768598409,-0.333663591786209,5470.12170171245,0.0239644000942108,3.90129709885461,-0.169379795153213,5992.3254390607,-0.401865012776309
1.058,5.721875,3.47865312488312,-0.396450321,-50,3.45492327799226,-0.383471532874695,5475.11128839883,0.0237298468908605,3.89002053183399,-0.224246650510084,5981.73316252223,-0.411367406950863
1.059,5.821875,3.4542372279105,-0.446450320999999,-50,3.43152598181466,-0.433248175852008,5486.50768888163,0.0227112460958315,3.87560555359329,-0.278931013296998,5977.94935957893,-0.421368325682783
1.06,5.92187500000001,3.42702368344848,-0.496450321000007,-50,3.40527590072761,-0.483052511917149,5497.0247593854,0.0217477827208798,3.85806081763783,-0.333495804334514,5973.68591718534,-0.43103713418936
1.061,6.02187499999999,3.39785178620227,-0.546450320999997,-50,3.37617168102046,-0.532876408310023,5500.49440555341,0.0216801051818089,3.83739329602877,-0.3879367962759,5962.77149546003,-0.439541509826494
1.062,6.12187500000001,3.36448342459745,-0.596450321000005,-50,3.34421406026083,-0.582654998408234,5514.79911715682,0.020269364336629,3.81361182937063,-0.442192991999905,5963.08427217631,-0.449128404773174
1.063,6.22187499999999,3.32887694500114,-0.646450320999995,-50,3.30940277660022,-0.632488035038544,5523.57143350341,0.0194741684009104,3.78672403845399,-0.496367968166327,5958.25158979037,-0.457847093452847
1.064,6.32187500000001,3.2910323474133,-0.696450321000003,-50,3.27173617102111,-0.682324535772465,5527.65643636163,0.0192961763921772,3.75673592935045,-0.550414512441741,5949.11260546179,-0.465703581937162
1.065,6.42187499999999,3.24899128202914,-0.746450320999993,-50,3.2312152805899,-0.732121371956545,5542.47500776719,0.0177760014392225,3.72365598993386,-0.604293205917705,5951.08168458568,-0.474664707904722
1.066,6.521875,3.20499186500667,-0.796450321000001,-50,3.187839547211,-0.781977353901471,5549.57503678091,0.0171523177956646,3.68749090224563,-0.658106502946721,5945.69972467634,-0.482499037238956
1.067,6.621875,3.15819480278665,-0.846450321,-50,3.14160761901182,-0.831821379341308,5556.4370503498,0.0165871837748306,3.64824634776642,-0.711786875334176,5940.43988715341,-0.490051544979768
1.068,6.721875,3.1077608018098,-0.896450320999999,-50,3.0925202432502,-0.881651277066547,5569.3978985913,0.0152405585596053,3.60592990442813,-0.765335652639219,5941.63136945811,-0.498169102618338
1.069,6.821875,3.05536844827794,-0.946450320839997,-50,3.04057662134479,-0.931523178254134,5574.91801807453,0.0147918269331358,3.56054740591659,-0.818812390976643,5935.7267428998,-0.50517895763864
1.07,6.92187500000001,2.99961891775879,-0.996450320200005,-50,2.98577630962245,-0.981368563094126,5584.63780267329,0.0138426081363298,3.51210484681636,-0.872151917805307,5934.35838741043,-0.512485929057577
1.071,7.02187499999999,2.94079198004337,-1.04645032,-50,2.92811971931434,-1.03122610960592,5595.81150631361,0.0126722607290284,3.46060888709276,-0.925396179496885,5934.77244891679,-0.519816907049391
1.072,7.12187500000001,2.88000669137718,-1.09645032,-50,2.86760577095226,-1.08110917499412,5599.81340659646,0.0124009204249158,3.40606451103105,-0.9785617219487,5928.33504953421,-0.526057819653876
1.073,7.221875,2.81530469622586,-1.14645032,-50,2.80423489375015,-1.13095173911357,5612.44490114473,0.0110698024757036,3.34847803119101,-1.03158563373539,5930.83942348219,-0.533173334965149
1.074,7.321875,2.74808482245938,-1.19645032,-50,2.73800713204042,-1.18083325700847,5621.87863921202,0.0100776904189569,3.28785519942398,-1.08455039869914,5930.45008218954,-0.539770376964606
1.075,7.421875,2.67890659865889,-1.24645032,-50,2.66892109846843,-1.23072424894086,5624.40358428375,0.00998550019045727,3.22420016463621,-1.1374294863373,5923.44790511947,-0.545293565977319
1.076,7.52187500000002,2.60525213887537,-1.29645032000001,-50,2.59697807151802,-1.28056113933041,5639.98288357474,0.00827406735734837,3.15751957485528,-1.19016219136058,5929.78803292499,-0.5522674359799
1.077,7.62187499999999,2.52963932745359,-1.34645032,-50,2.52217770796368,-1.33046411209334,5647.70826415661,0.00746161948990258,3.08781829418152,-1.24287148986688,5928.5542832757,-0.558178966727929
1.078,7.72187500000001,2.45150863535397,-1.39645032000001,-50,2.44451829448209,-1.38036080874983,5652.98042963151,0.0069903408718827,3.01509965884581,-1.29548773846372,5925.13956380733,-0.563591023491848
1.079,7.82187499999999,2.3694612399778,-1.44645032,-50,2.36400083695975,-1.43022866944888,5666.67759073371,0.00546040301804444,2.9393695709011,-1.34799101645613,5930.41441603888,-0.569908330923313
1.08,7.92187500000001,2.2854554918174,-1.49645032,-50,2.28062476579813,-1.48014524884599,5672.80332093883,0.00483072601927765,2.86063220784128,-1.40046144300818,5928.3748817421,-0.575176716023872
1.081,8.02187499999999,2.19837233141869,-1.54645031999999,-50,2.19438928731551,-1.53004081426291,5680.91754946227,0.0039830441031729,2.77889137824046,-1.45283177668354,5928.57350449509,-0.580519046821766
1.082,8.121875,2.10793199953309,-1.59645032,-50,2.10529508050138,-1.57993369245586,5692.81531514435,0.00263691903172341,2.69415222266352,-1.50512276367104,5932.7980902261,-0.586220223130444
1.083,8.221875,2.01553331692594,-1.64645032,-50,2.01334130201173,-1.62985869613188,5697.41354703578,0.00219201491419675,2.6064182227323,-1.55737156581743,5929.95849282381,-0.590884905806374
1.084,8.321875,1.91949769556196,-1.69645032,-50,1.91852803648788,-1.6797486197856,5708.43273526027,0.000969659074072412,2.51569365542722,-1.60951325802439,5933.76828863017,-0.596195959865252
1.085,8.421875,1.8206644267086,-1.74645032,-50,1.82085559999835,-1.72966259058933,5718.58602257373,-0.000191173289740257,2.42198290042164,-1.66160918072985,5936.93387042706,-0.601318473713044
1.086,8.52187500000001,1.71987280484183,-1.79645032000001,-50,1.72032284402806,-1.77959260498159,5721.704682191,-0.000450039186238422,2.32528874787189,-1.71365347810765,5933.27992667007,-0.605415943030061
1.087,8.62187499999999,1.61488471517876,-1.84645032,-50,1.61693070411012,-1.82947391952003,5735.67064080455,-0.00204598893136294,2.22561595075714,-1.76558349054195,5940.68196504554,-0.61073123557837
1.088,8.72187500000001,1.50765851119106,-1.89645032,-50,1.51067910945764,-1.87940640484018,5744.11583586271,-0.00302059826656701,2.12296813812643,-1.81750111021003,5942.76566954618,-0.61530962693538
1.089,8.82187500000001,1.39819419287881,-1.94645032,-50,1.40156658552868,-1.92933919060261,5747.88484736677,-0.00337239264988222,2.01734742118589,-1.86935742764903,5940.36953144271,-0.619153228307082
1.09,8.921875,1.28453340333247,-1.99645032,-50,1.28959434758019,-1.97922925545295,5762.39814230218,-0.00506094424771265,1.90875849028235,-1.92111132332544,5948.90809236864,-0.624225086949878
1.091,9.021875,1.16891426054356,-2.04645032,-50,1.17476200967349,-2.02917551301618,5769.20314941378,-0.00584774912992685,1.79720432724693,-1.97286355522408,5949.92301730688,-0.628290066703375
1.092,9.12187500000002,1.05049747026524,-2.09645032000001,-50,1.05706838629935,-2.07910695994561,5775.77998471415,-0.00657091603412273,1.68268701026708,-2.02454490847271,5950.88881794893,-0.632189540001841
1.093,9.221875,0.928443744209514,-2.14645032,-50,0.936514385524018,-2.12902152001707,5788.46506719955,-0.00807064131450335,1.56521061019022,-2.0761550409897,5958.13646596368,-0.636766865980714
1.094,9.32187500000001,0.804431667203005,-2.19645032000001,-50,0.813099364250132,-2.17897541527928,5793.71848411603,-0.00866769704712824,1.44477754885383,-2.12775185616304,5958.1207555706,-0.640345881650828
1.095,9.42187499999999,0.67706241595947,-2.24645032,-50,0.686823029178053,-2.22890021343946,5803.18028189093,-0.00976061321859322,1.32139050302913,-2.17926855173723,5962.47659158685,-0.644328087069669
1.096,9.52187500000001,0.546615753738069,-2.29645032,-50,0.557685936993565,-2.27883467670203,5814.1044228879,-0.0110701832555012,1.19505290750603,-2.23074547012464,5968.45294314244,-0.64843715376795
1.097,9.62187499999999,0.414210739259629,-2.34645031999999,-48.0000000000018,0.425687148940229,-2.32879224364371,5600.47355249357,-0.0114764096805908,1.06576661247915,-2.28219758172286,5967.41891195859,-0.651555873219533
1.098,9.721875,0.277889021183704,-2.39645032,-31.9999999999993,0.290884526150979,-2.376706972349,3907.81063938165,-0.0129955049672877,0.933534885831881,-2.3335604294612,5975.17086675855,-0.655645864648182
1.099,9.821875,0.139678892496317,-2.43238782,-6.99999999999932,0.153784838475868,-2.40897493442417,1837.81063938165,-0.0141059459795519,0.798360522403339,-2.38491498276972,5738.62435716795,-0.658681629907033
1.1,9.921875,-3.36691530453939e-15,-2.45738782,25,0.0153833360068654,-2.42214888115812,-232.189360618353,-0.0153833360068618,0.660308384507419,-2.43401370863237,5345.48449461184,-0.660308384507414
1.101,-9.978125,-0.139678892496319,-2.43238782,40.9999999999997,-0.12322682261805,-2.41625840827464,-2302.18936061835,-0.0164520698782774,0.519548893203633,-2.47941944473442,4153.15549113161,-0.659227785699961
1.102,-9.87812499999999,-0.277889021183728,-2.39645031999999,50,-0.260954173156789,-2.39133306562412,-4372.18936061836,-0.0169348480269311,0.376504111992799,-2.51378537511349,2934.39175869352,-0.654393133176518
1.103,-9.77812500000001,-0.414210739259605,-2.34645032,50,-0.396708943136838,-2.34740235725472,-5319.53189926808,-0.017501796122775,0.231813052088076,-2.53688541196205,1642.07883363159,-0.646023791347688
1.104,-9.67812499999999,-0.546615753738092,-2.29645032,50,-0.529698937491139,-2.29482419012771,-5280.55449414398,-0.0169168162469611,0.0861400860561781,-2.54806036484292,513.606106589275,-0.632755839794258
1.105,-9.57812499999999,-0.67706241595947,-2.24645032,50,-0.659689032375234,-2.24268611128688,-5241.16773983454,-0.0173733835842256,-0.0598752404639298,-2.54883604745803,-457.206306575006,-0.617187175495536
1.106,-9.47812499999999,-0.804431667203027,-2.19645032,50,-0.786704531337066,-2.19099120460791,-5210.00625717131,-0.0177271358659612,-0.20567910799226,-2.54067905356398,-1299.26582346667,-0.598752559210763
1.107,-9.378125,-0.928443744209514,-2.14645032,50,-0.910768638734974,-2.13966311067479,-5188.0579466536,-0.0176751054745378,-0.350794042702456,-2.52478775545506,-2031.24623111611,-0.577649701507065
1.108,-9.27812499999998,-1.05049747026528,-2.09645031999999,50,-1.03189992687408,-2.08861649974403,-5163.53563980029,-0.0185975433912008,-0.494806257555864,-2.50218686910784,-2656.78862249696,-0.555691212709416
1.109,-9.178125,-1.16891426054356,-2.04645032,50,-1.15011518944738,-2.03787461628327,-5149.54569638636,-0.0187990710961682,-0.637359672264167,-2.47386602413375,-3202.45738988107,-0.531554588279394
1.11,-9.07812499999999,-1.28453340333249,-1.99645031999999,50,-1.26542909660573,-1.98734009022127,-5138.26569198472,-0.0191043067267577,-0.778147862868536,-2.44056892380944,-3672.16874746286,-0.506385540463947
1.111,-8.97812500000001,-1.39819419287881,-1.94645032,50,-1.37785280561228,-1.93698766871517,-5123.05982249945,-0.0203413872665248,-0.916905951285829,-2.40300208950087,-4069.52506027492,-0.481288241592974
1.112,-8.87812499999999,-1.50765851119108,-1.89645031999999,50,-1.48739777690659,-1.88685318746167,-5121.40274750869,-0.0202607342844906,-1.05340855931133,-2.36183780570762,-4420.92976009192,-0.454249951879743
1.113,-8.77812500000001,-1.61488471517874,-1.84645032,50,-1.59407291693965,-1.83681165974402,-5116.57125573353,-0.0208117982391,-1.18746183904857,-2.31750440331593,-4717.44577425941,-0.427422876130181
1.114,-8.67812499999999,-1.71987280484185,-1.79645032,50,-1.69788438408036,-1.78689214611867,-5109.10033367811,-0.0219884207614789,-1.31889882059348,-2.2705117703676,-4966.39714054142,-0.400973984248376
1.115,-8.578125,-1.8206644267086,-1.74645032,50,-1.79883985945311,-1.73711874022235,-5114.14055252587,-0.0218245672554997,-1.44757979550597,-2.22130162343055,-5188.85342183655,-0.373084631202637
1.116,-8.478125,-1.91949769556196,-1.69645032,50,-1.89694441048269,-1.68737611309177,-5113.00415947919,-0.0225532850792655,-1.57338479112057,-2.17012115443333,-5371.28666246189,-0.346112904441382
1.117,-8.378125,-2.01553331692594,-1.64645032,50,-1.99220142720723,-1.63772104184926,-5112.96630391263,-0.0233318897187125,-1.69621155228565,-2.11734162934931,-5525.46937229381,-0.319321764640299
1.118,-8.27812499999999,-2.1079319995331,-1.59645031999999,50,-2.08461563279055,-1.5881432842384,-5120.18484366717,-0.0233163667425659,-1.81597597656752,-2.06322543159872,-5661.47877851022,-0.291956022965596
1.119,-8.178125,-2.19837233141868,-1.54645032,50,-2.17418954104459,-1.53857596158609,-5120.96427441231,-0.0241827903740932,-1.93260632738425,-2.00794182741745,-5769.03445405249,-0.265766004034429
1.12,-8.07812499999999,-2.28545549181741,-1.49645031999999,50,-2.26092544648041,-1.48907829752104,-5126.80914259412,-0.0245300453369979,-2.04604326839411,-1.95175440060767,-5862.61605030966,-0.239412223423306
1.121,-7.97812499999999,-2.3694612399778,-1.44645032,50,-2.34482600209828,-1.43960358204802,-5134.85548123293,-0.024635237879517,-2.15623873752511,-1.89479311362388,-5941.95086640103,-0.213222502452685
1.122,-7.87812499999999,-2.45150863535398,-1.39645032,50,-2.42589194151582,-1.3901315260685,-5136.37455164104,-0.0256166938381733,-2.26315218510775,-1.83719023632687,-6000.56657948947,-0.188356450246243
1.123,-7.77812499999999,-2.52963932745359,-1.34645032,50,-2.50412513732332,-1.340722176328,-5147.07806977344,-0.0255141901302718,-2.36675233995314,-1.77913737892926,-6056.13922374632,-0.162886987500452
1.124,-7.67812499999998,-2.6052521388754,-1.29645031999999,50,-2.57952675888078,-1.29129093871277,-5155.06072300757,-0.0257253799946231,-2.46701424211469,-1.72066323513345,-6098.47301706291,-0.138237896760718
1.125,-7.578125,-2.67890659865889,-1.24645032,50,-2.65209627019001,-1.2418628791061,-5156.54361555272,-0.0268103284688894,-2.563917261606,-1.66189025536202,-6125.27636610812,-0.114989337052896
1.126,-7.47812499999999,-2.74808482245939,-1.19645031999999,50,-2.72183556627712,-1.1924977903804,-5171.43088152963,-0.0262492561822813,-2.65744838286949,-1.60296178289801,-6157.74689310145,-0.0906364395898978
1.127,-7.378125,-2.81530469622586,-1.14645032,50,-2.78874471944713,-1.14307225469524,-5178.76295786376,-0.0265599767787285,-2.74759721008993,-1.54382592071799,-6176.04950390584,-0.0677074861359387
1.128,-7.27812499999999,-2.88000669137719,-1.09645031999999,50,-2.85282226027868,-1.09365587348811,-5183.89600053901,-0.0271844310984965,-2.83435560402512,-1.48461333510494,-6186.51744135799,-0.0456510873520782
1.129,-7.17812500000001,-2.94079198004335,-1.04645032,50,-2.91406929245683,-1.04426886367925,-5197.66958522022,-0.0267226875865226,-2.91772123706413,-1.42539622397503,-6200.83886665562,-0.023070742979228
1.13,-7.07812499999999,-2.9996189177588,-0.996450320199996,50,-2.97248522022822,-0.994831686756519,-5204.05367957313,-0.0271336975305871,-2.99769283448736,-1.36613914225464,-6203.7203068334,-0.00192608327143275
1.131,-6.97812499999999,-3.05536844827794,-0.946450320839997,50,-3.02806911903498,-0.945412403789973,-5212.57908668782,-0.0272993292429598,-3.07427112305273,-1.30694739976128,-6205.33147382961,0.018902674774785
1.132,-6.878125,-3.1077608018098,-0.896450320999999,50,-3.08082144896506,-0.895991286966571,-5225.01573240315,-0.026939352844738,-3.14746017831478,-1.24783258173242,-6207.99609509695,0.0396993765049828
1.133,-6.778125,-3.15819480278665,-0.846450321,50,-3.1307410741793,-0.846532355733664,-5230.25867600032,-0.0274537286073474,-3.21726412665587,-1.18878487715584,-6201.08886839972,0.0590693238692213
1.134,-6.67812499999998,-3.20499186500668,-0.796450320999992,50,-3.1778277257271,-0.797101850763073,-5242.00951071146,-0.0271641392795739,-3.28368933317531,-1.12989224300697,-6198.72641076242,0.0786974681686245
1.135,-6.578125,-3.24899128202913,-0.746450321000002,50,-3.22208131582747,-0.747639855395845,-5252.9650540547,-0.0269099662016639,-3.34674347804635,-1.0711126270513,-6193.96427920349,0.0977521960172141
1.136,-6.47812499999999,-3.29103234741331,-0.696450320999994,50,-3.26350025121936,-0.698153735122679,-5256.94251816228,-0.0275320961939529,-3.40643366417544,-1.01246793111069,-6180.92940845265,0.115401316762128
1.137,-6.37812499999999,-3.32887694500114,-0.646450320999995,50,-3.30208498986537,-0.648707725666145,-5271.81171840147,-0.0267919551357677,-3.462769796287,-0.954034055259707,-6177.75865926356,0.133892851285854
1.138,-6.27812499999999,-3.36448342459746,-0.596450320999996,50,-3.33783495753257,-0.599201560882069,-5281.1941914062,-0.0266484670648884,-3.51576134432743,-0.89571992280883,-6168.30346653285,0.151277919729981
1.139,-6.17812499999999,-3.39785178620227,-0.546450320999997,50,-3.37074815633076,-0.549685811901765,-5285.92555937115,-0.0271036298714956,-3.5654168201027,-0.837583165036374,-6153.59702715171,0.167565033900418
1.14,-6.07812499999998,-3.42702368344849,-0.496450320999989,50,-3.4008252633995,-0.500203283747103,-5301.41853560452,-0.0261984200489895,-3.61174776257871,-0.779671818480772,-6149.22151254874,0.184724079130207
1.141,-5.978125,-3.4542372279105,-0.446450320999999,50,-3.42806534434097,-0.450654918129733,-5309.21405028197,-0.0261718835695382,-3.65476435403307,-0.721890489246678,-6136.86286337613,0.200527126122565
1.142,-5.87812499999998,-3.47865312488313,-0.396450320999992,50,-3.45246665861736,-0.401111633744038,-5316.78663627216,-0.0261864662657602,-3.69447614217585,-0.664312420645286,-6124.11937474188,0.215823017292711
1.143,-5.778125,-3.4994320860783,-0.346450321000001,50,-3.47402955589139,-0.351575473658031,-5330.46796684233,-0.025402530186924,-3.73089486538633,-0.60694083814566,-6117.42802360251,0.231462779308023
1.144,-5.67812499999999,-3.51825269540601,-0.296450320999994,50,-3.4927528340147,-0.301990226378911,-5336.71412076559,-0.025499861391316,-3.76403075017293,-0.549719742029391,-6103.33416603148,0.24577805476692
1.145,-5.57812500000001,-3.53371612774644,-0.246450321000004,50,-3.50863564229751,-0.25242437161698,-5347.16177534149,-0.0250804854489356,-3.79389436309696,-0.492717002101756,-6093.5498504387,0.260178235350513
1.146,-5.47812499999999,-3.54610215036957,-0.196450320999996,50,-3.52167798363811,-0.202839225507832,-5359.0620271093,-0.0244241667314556,-3.82049706952514,-0.435892632124462,-6085.38948627595,0.274394919155575
1.147,-5.37812499999999,-3.5565298213544,-0.146450321007997,50,-3.53187837073297,-0.15322145405889,-5363.78647546885,-0.0246514506214378,-3.84384865337282,-0.37923141527093,-6070.27753814214,0.287318832018436
1.148,-5.278125,-3.56304078906265,-0.0964503210719979,50,-3.53923682699548,-0.103637125230785,-5377.13425212069,-0.0238039620671549,-3.86396028754429,-0.322797053226353,-6064.05695848786,0.300919498481645
1.149,-5.178125,-3.5670338760931,-0.0464503211143989,50,-3.54375299429222,-0.0540068525671667,-5387.2761822996,-0.0232808818008634,-3.88084261637504,-0.266507393775763,-6054.93457132301,0.313808740281939
1.15,-5.07812499999998,-3.56906861148525,0.00354967886000888,50,-3.54542508721019,-0.00436020106853122,-5390.4996746392,-0.0236435242750529,-3.89450468908969,-0.210388909259239,-6039.22702682774,0.325436077604439
1.151,-4.978125,-3.56662711089439,0.0535496788855989,50,-3.54425399146609,0.0452391542498057,-5406.7665916319,-0.0223731194282942,-3.90495804127655,-0.154501917803072,-6036.9195989653,0.338330930382157
1.152,-4.87812499999999,-3.56222726026951,0.103549678928007,50,-3.54023897709865,0.094911286203732,-5415.16761591792,-0.0219882831708615,-3.91221239448909,-0.0987227795199967,-6027.12135889773,0.349985134219581
1.153,-4.77812499999999,-3.55530953102948,0.153549678992006,50,-3.53337795068467,0.144583715776561,-5421.10262441123,-0.0219315803448213,-3.91627589775267,-0.0431202427098814,-6015.24625154174,0.360966366723177
1.154,-4.67812500000001,-3.54447509851287,0.203549678999996,50,-3.52367154512965,0.194233755161691,-5435.44919685645,-0.0208035533832265,-3.91715920912484,0.0122868591805029,-6012.18221523941,0.372684110611961
1.155,-4.57812499999999,-3.53168231321205,0.253549679000004,50,-3.51111882534588,0.24393882545227,-5442.21041287555,-0.0205634878661843,-3.91487119527249,0.0675798909289757,-6001.93951027909,0.383188882060443
1.156,-4.47812500000001,-3.51581211567291,0.303549678999994,50,-3.49571863993933,0.293629056071274,-5450.94583842354,-0.0200934757335886,-3.90942027888224,0.122692985592603,-5994.08216737111,0.393608163209317
1.157,-4.378125,-3.49658474389669,0.353549679000001,50,-3.4774713181778,0.34332263274786,-5463.45028211953,-0.0191134257189009,-3.90081613291224,0.177648367404749,-5990.40714544165,0.404231389015539
1.158,-4.27812500000002,-3.47539902048219,0.403549678999991,50,-3.45637567513025,0.3930542252626,-5468.64050137355,-0.0190233453519331,-3.88906668434517,0.232484758173335,-5979.8313864163,0.413667663862977
1.159,-4.178125,-3.45057635831085,0.453549678999999,50,-3.43243146207894,0.44275648382608,-5480.2369060897,-0.018144896231902,-3.87418056434424,0.287138855553196,-5976.0738215504,0.423604206033381
1.16,-4.078125,-3.42295605094196,0.503549678999998,50,-3.40563867001493,0.492488390812175,-5490.95261925366,-0.0173173809270197,-3.8561664124494,0.341673669485353,-5971.84469451663,0.433210361507437
1.161,-3.97812500000001,-3.39337739193478,0.553549678999997,50,-3.37599583364084,0.54224179790355,-5494.6189798726,-0.0173815582939325,-3.83503118208729,0.396085046487203,-5960.97129187507,0.441653790152522
1.162,-3.87812500000001,-3.35960226513126,0.603549678999996,50,-3.34350357997755,0.591951817731627,-5509.11803194189,-0.016098685153705,-3.81078369136111,0.450312050550399,-5961.33062909542,0.451181426229833
1.163,-3.77812499999999,-3.32358902216969,0.653549679000004,50,-3.30816153793505,0.641718178308009,-5518.08187331218,-0.0154274842346493,-3.78343153536764,0.504458308659724,-5956.54896993103,0.459842513197951
1.164,-3.67812500000001,-3.28533766305009,0.703549678999994,50,-3.2699679407914,0.691489868366103,-5522.3552630217,-0.0153697222586848,-3.75298069188783,0.558476648804667,-5947.46458112731,0.467643028837748
1.165,-3.578125,-3.24288983269638,0.753549679000002,50,-3.22892371964462,0.741223727489936,-5537.35886212146,-0.0139661130517547,-3.71943961843099,0.612327684145391,-5949.49110048672,0.476549785734598
1.166,-3.478125,-3.19848365185031,0.803549679000001,50,-3.18502821230745,0.791018532243844,-5544.64031221633,-0.0134554395428577,-3.68281496502981,0.666113894359443,-5944.16872511095,0.484331313179496
1.167,-3.378125,-3.15127982809851,0.853549679,50,-3.13827996481288,0.840803144391256,-5551.67997097464,-0.0129998632856424,-3.64311237989093,0.719767770094207,-5938.97004134732,0.491832551792409
1.168,-3.278125,-3.10043906261051,0.903549678999999,50,-3.0886796244283,0.890575355250416,-5564.8146083999,-0.0117594381822277,-3.60033940674506,0.773290654430956,-5940.22380221918,0.499900344134547
1.169,-3.17812499999999,-3.04763994479666,0.953549679160006,50,-3.03622629474837,0.940391257847057,-5570.50455040026,-0.0114136500482936,-3.55450184441979,0.826742112897005,-5934.3821405982,0.506861899623148
1.17,-3.07812500000001,-2.99148365274575,1.0035496798,50,-2.98091943648933,0.990182293261077,-5580.39012345628,-0.0105642162564117,-3.50560565221817,0.880056978315518,-5933.07707343157,0.514121999472417
1.171,-2.97812499999999,-2.93224995097751,1.05354968,50,-2.9227593675286,1.03998709984232,-5591.72555716701,-0.00949058344890782,-3.45365745461253,0.933277199074699,-5933.55445511758,0.521407503635017
1.172,-2.87812500000001,-2.871057897571,1.10354967999999,50,-2.86174491732179,1.0898189949635,-5595.88511035217,-0.00931298024921896,-3.39866220035651,0.986419320403215,-5927.18014685043,0.527604302785507
1.173,-2.778125,-2.80594914088789,1.15354968,50,-2.79787642629202,1.13961191853655,-5608.67016404995,-0.00807271459586511,-3.34062616658534,1.03942042780761,-5929.74714627869,0.534677025697444
1.174,-2.67812500000002,-2.738322503527,1.20354967999999,50,-2.73115385227204,1.18944528557208,-5618.25343166182,-0.00716865125495377,-3.27955506996383,1.09236299989028,-5929.4198285975,0.541232566436844
1.175,-2.578125,-2.66873751452779,1.25354968,50,-2.66157572368262,1.23928957695073,-5620.92390394439,-0.00716179084517095,-3.21545302454756,1.14522049966354,-5922.47891753005,0.546715510019759
1.176,-2.478125,-2.59467629321251,1.30354968,50,-2.58914323703047,1.28908117802274,-5636.64473089468,-0.00553305618202562,-3.14832664392578,1.19793221393034,-5928.87938891493,0.553650350713273
1.177,-2.378125,-2.51865671865465,1.35354968,50,-2.51385596934901,1.33894023372104,-5644.50773675791,-0.00480074930562829,-3.07818075825667,1.25062110937677,-5927.7050036961,0.559524039602019
1.178,-2.27812500000001,-2.44011926135634,1.40354968,50,-2.43571212978002,1.38879434753694,-5649.9136867047,-0.00440713157631158,-3.00501867038271,1.30321753269124,-5924.34858937153,0.564899409026378
1.179,-2.17812499999999,-2.35766510398999,1.45354968,50,-2.35471264883618,1.43862092221594,-5663.74081575723,-0.00295245515380525,-2.92884624955751,1.35570155253778,-5929.68058091259,0.571181145567503
1.18,-2.07812500000001,-2.27325259429784,1.50354967999999,50,-2.27085688368005,1.48849747529148,-5669.99279311523,-0.00239571061780055,-2.84966764111284,1.40815327647575,-5927.69699469128,0.576415046815004
1.181,-1.978125,-2.18576267236733,1.55354968,50,-2.1841439694911,1.53835423790143,-5678.22962650334,-0.00161870287623519,-2.76748662213186,1.46050545124837,-5927.95034036112,0.581723949764525
1.182,-1.878125,-2.09491557619976,1.60354968,50,-2.09457451617089,1.58820950139652,-5690.24645274614,-0.000341060028872818,-2.68230830237411,1.51277881093026,-5932.22841719583,0.587392726174354
1.183,-1.778125,-2.0021101283939,1.65354968,50,-2.00214761328868,1.63809804403462,-5694.9602634262,3.74848947908153e-05,-2.59413613335142,1.56501050521152,-5929.44104398299,0.592026004957528
1.184,-1.678125,-1.90566774183122,1.70354968,50,-1.90686328035483,1.68795262648989,-5706.09162216799,0.00119553852359781,-2.50297436263943,1.61713559653308,-5933.30177924179,0.597306620808216
1.185,-1.57812499999999,-1.80642771007096,1.75354968000001,50,-1.80872177022377,1.73783234284277,-5716.35373703676,0.00229406015279973,-2.40882734122484,1.66921541272748,-5936.51699543745,0.602399631153885
1.186,-1.47812500000001,-1.70522932667244,1.80354968,50,-1.70772187304373,1.7877291570921,-5719.57797373013,0.002492546371287,-2.31169783130432,1.72124408519578,-5932.91139303982,0.60646850463186
1.187,-1.37812499999999,-1.59983447547756,1.85354968000001,50,-1.60386446484391,1.83757829425693,-5733.6463534542,0.00402998936636889,-2.21159055862546,1.77315894167969,-5940.3604984592,0.611756083147902
1.188,-1.27812500000001,-1.49220150812466,1.90354968,50,-1.49714941711429,1.88747959435261,-5742.19090951196,0.00494790898964676,-2.10850912572465,1.82506186190591,-5942.49002000958,0.616307617599996
1.189,-1.17812499999999,-1.38233042461367,1.95354968,50,-1.38757519931754,1.93738215734887,-5746.05630133957,0.00524477470385856,-2.00245561800169,1.87690392420404,-5940.13846074676,0.620125193388002
1.19,-1.07812500000001,-1.26826287330639,2.00354967999999,50,-1.27514297239412,1.98724293297731,-5760.66303534628,0.00688009908771643,-1.89343470069293,1.9286439969604,-5948.72033762807,0.625171827386544
1.191,-0.978124999999999,-1.15223696898568,2.05354968,49.680267728,-1.15985229773388,2.03716080635638,-5732.80514095791,0.00761532874819662,-1.78144933121709,1.98038282587129,-5949.77736330014,0.629212362231414
1.192,-0.878125000000001,-1.0334134171756,2.10354968,48.827648336,-1.04171109841439,2.08674501440334,-5652.24040411175,0.00829768123879193,-1.66650156404021,2.03205118423355,-5950.78407225751,0.633088146864614
1.193,-0.778125000000003,-0.911001380274335,2.1524672532,44.8804643800001,-0.920752368681091,2.13551117134884,-5236.64533686918,0.00975098840675813,-1.54859544695962,2.08364871836276,-5939.50165813158,0.637594066685279
1.194,-0.678125000000005,-0.786753494007486,2.19931421,39.4847627640004,-0.797111243874707,2.18037826613245,-4688.00803836366,0.0103577498672263,-1.42773827368855,2.1350624781041,-5888.11847798807,0.640984779681056
1.195,-0.578124999999989,-0.659482395476241,2.24069869,31.8858990199992,-0.671046015354729,2.22012835377289,-3898.57912730443,0.0115636198784758,-1.30395113454483,2.18592382126053,-5754.84743565642,0.644468739068589
1.196,-0.478125000000009,-0.530029543859972,2.2739203252,24.3084947800007,-0.542913101995893,2.25255408279574,-3098.2349485784,0.0128835581359231,-1.17728723855059,2.23548023574562,-5501.01369574036,0.647257694690625
1.197,-0.378124999999994,-0.399320899551536,2.3019535204,16.7432364927995,-0.413134710236469,2.27756638549433,-2333.71259802698,0.0138138106849292,-1.04785307024212,2.28262456738102,-5189.12298768008,0.648532170690581
1.198,-0.278124999999996,-0.266763648032585,2.3196403236,9.19471963519968,-0.282125827707069,2.29550631349866,-1520.57688814562,0.0153621796744757,-0.915802026208391,2.32682643078824,-4746.93624574392,0.649038378175812
1.199,-0.178124999999998,-0.133612704315548,2.3306926868,1.64982818279984,-0.150304170150926,2.30593758608368,-720.896419861847,0.0166914658353803,-0.781336907701202,2.36689166328136,-4249.0834353781,0.647724203385651
1.2,-0.078125,0,2.33658493,-5.89224351,-0.0180960721459699,2.30899562988797,40.6881598250146,0.0180960721459741,-0.644709213911033,2.40231454880875,-3729.76552335411,0.644709213911035
1.201,0.0218750000000156,0.133612704315572,2.3306926868,-13.4407603676012,0.114086379394533,2.30504235559126,883.065642468467,0.0195263249210464,-0.506190382940984,2.43290480407296,-3079.33380767857,0.639803087256554
1.202,0.121874999999996,0.266763648032585,2.3196403236,-20.9976479399997,0.245820483041917,2.29334533602938,1682.99700413388,0.0209431649906759,-0.366091645950751,2.45746367265729,-2428.24423899206,0.632855293983329
1.203,0.221875000000011,0.39932089955156,2.3019535204,-28.5652978600009,0.376674085854411,2.2743070783205,2470.05876830422,0.0226468136971594,-0.224758481506753,2.4759944509634,-1753.24491783423,0.624079381058321
1.204,0.321874999999991,0.530029543859949,2.2739203252,-36.1602598759994,0.506230283770468,2.24805736168071,3316.95284604787,0.0237992600894852,-0.0825423077361206,2.48828651280848,-988.667291242554,0.612571851596061
1.205,0.421875000000007,0.659482395476264,2.24069869,-42.8411394000003,0.634060441408875,2.21405690658646,4017.86540071548,0.0254219540673839,0.0601760909530949,2.49352540779306,-242.269187625309,0.599306304523167
1.206,0.521874999999987,0.786753494007464,2.19931421000001,-47.5024536399994,0.759759293309382,2.17366075669467,4529.36180933174,0.0269942006980842,0.202997702463746,2.49188931993713,542.928064397423,0.58375579154373
1.207,0.621875000000003,0.911001380274335,2.1524672532,-49.307246744,0.883010599779337,2.12862145387594,4748.46533553531,0.0279907804950042,0.34551869864688,2.48303195329877,1318.96182268084,0.565482681627461
1.208,0.721875000000001,1.0334134171756,2.10354968,-50,1.00362559716738,2.08163620953551,4842.78852569512,0.0297878200082118,0.48732806649667,2.46704880500249,2018.39939151476,0.546085350678933
1.209,0.821874999999999,1.15223696898568,2.05354968,-50,1.12152576482363,2.03385601897433,4873.2003126519,0.0307112041620547,0.628038032949787,2.4446556049528,2646.89450818021,0.524198936035896
1.21,0.921874999999996,1.26826287330637,2.00354968,-50,1.23668243551054,1.98587009926853,4900.55786585933,0.0315804377958319,0.767300311361954,2.41651495928987,3188.84232445621,0.500962561944428
1.211,1.02187500000001,1.38233042461369,1.95354967999999,-50,1.34908463592728,1.93770686824875,4918.96214036284,0.0332457886863985,0.90480866302463,2.38343201171797,3649.19382550283,0.477521761589075
1.212,1.12187499999999,1.49220150812464,1.90354968,-50,1.45872457448865,1.88944897091163,4946.53071335918,0.0334769336359771,1.0403016399291,2.34616510890518,4055.5294601336,0.451899868195553
1.213,1.22187500000001,1.59983447547757,1.85354968,-50,1.56559441606991,1.84101224244381,4967.10147521786,0.0342400594076678,1.17355394133708,2.30521768195315,4399.93948363028,0.426280534140492
1.214,1.32187500000001,1.70522932667244,1.80354968,-50,1.66968576669009,1.79246133989602,4981.6990024326,0.0355435599823574,1.30437117333018,2.26116515129673,4690.64450770828,0.40085815334226
1.215,1.421875,1.80642771007098,1.75354968,-50,1.7709936640353,1.7438513939968,5005.90107016869,0.0354340460356629,1.43258971897204,2.2145064158413,4949.49657401992,0.373837991098938
1.216,1.521875,1.90566774183122,1.70354968,-50,1.86951219641416,1.69509413449056,5021.39269908953,0.036155545417048,1.55806876463784,2.16553856241576,5163.65064099575,0.347598977193388
1.217,1.62187500000002,2.00211012839392,1.65354967999999,-50,1.96523522564841,1.64626992575047,5035.77430735608,0.0368749027455151,1.68068789077899,2.11467639174686,5345.47523268783,0.32142223761492
1.218,1.721875,2.09491557619976,1.60354968,-50,2.05815921136005,1.59738908373788,5055.48758241885,0.0367563648397175,1.80034716590353,2.06222027119892,5505.56776500779,0.294568410296239
1.219,1.82187500000001,2.18576267236734,1.55354967999999,-50,2.1482795059991,1.54840264489983,5067.08464872237,0.0374831663682448,1.91696106190304,2.00837260634049,5634.10178450141,0.268801610464318
1.22,1.92187499999999,2.27325259429782,1.50354968,-50,2.23559220311482,1.49938544203199,5082.28610525951,0.0376603911829919,2.0304582285321,1.95342589238325,5745.95314159252,0.242794365765712
1.221,2.02187500000001,2.35766510399001,1.45354968,-50,2.320094591449,1.45030436242846,5098.41643873713,0.037570512541,2.14078014061059,1.89753531334741,5841.19486789562,0.216884963379409
1.222,2.12187499999999,2.44011926135632,1.40354968000001,-50,2.40178276915531,1.40115095943031,5106.91133075072,0.0383364922009974,2.24787713820869,1.84085514082708,5913.65637907532,0.192242123147641
1.223,2.221875,2.51865671865465,1.35354968,-50,2.48065460802138,1.35199559120029,5123.62590853066,0.0380021106332643,2.35171001998033,1.7835961766713,5981.27701559353,0.166946698674304
1.224,2.321875,2.59467629321251,1.30354968,-50,2.55670782914978,1.30276263967545,5136.78001413292,0.0379684640627272,2.45224692517215,1.725803854054,6034.09083653623,0.142429368040356
1.225,2.421875,2.66873751452779,1.25354968,-50,2.62993892919031,1.25348498145393,5142.7038693276,0.0387985853374803,2.5494612207717,1.66761522238408,6070.00677721662,0.119276293756086
1.226,2.521875,2.73832250352699,1.20354968,-50,2.70034725423215,1.20422920413486,5161.39673890358,0.0379752492948331,2.64333467115588,1.609186356439,6110.39741341316,0.0949878323711022
1.227,2.62187500000001,2.8059491408879,1.15354967999999,-50,2.76793069157813,1.15487779887054,5171.98210099887,0.0380184493097821,2.73385234322869,1.55047646138311,6135.58039958604,0.0720967976592101
1.228,2.72187499999999,2.87105789757099,1.10354968,-50,2.8326859032163,1.1055055029531,5179.88848562666,0.0383719943546914,2.82100215582419,1.49162588319178,6152.02222989228,0.0500557417468115
1.229,2.82187500000001,2.93224995097752,1.05354968,-50,2.8946123992009,1.05613699535575,5196.01852837231,0.0376375517766129,2.90477835846355,1.43271525855782,6171.52729461179,0.0274715925139773
1.23,2.92187500000001,2.99148365274575,1.0035496798,-50,2.95370822898633,1.00669661255193,5204.39724912562,0.0377754237594255,2.98517670605749,1.37371649879663,6178.90361333243,0.00630694668825722
1.231,3.021875,3.04763994479667,0.953549679159998,-50,3.00997132056112,0.957255778110516,5214.60342409737,0.037668624235547,3.06219534940818,1.31474132498084,6184.40943738613,-0.014555404611511
1.232,3.121875,3.10043906261051,0.903549678999999,-50,3.06340116642351,0.907797680152749,5228.44869770675,0.0370378961870162,3.13583613183209,1.25580690910316,6190.44565111564,-0.0353970692215821
1.233,3.22187500000002,3.15127982809852,0.853549678999991,-50,3.11399581909046,0.85828886572961,5234.8645858486,0.0372840090080647,3.20610124698742,1.19690830840379,6186.45437047635,-0.0548214188888998
1.234,3.321875,3.19848365185031,0.803549679000001,-50,3.16175433306776,0.808797763797922,5247.58444405802,0.0367293187825581,3.27299538819468,1.13813772031738,6186.61102807417,-0.074511736344357
1.235,3.42187500000001,3.24288983269639,0.753549678999993,-50,3.20667606094188,0.759266350378701,5259.33268793681,0.0362137717545049,3.33652479111897,1.07945678539261,6184.02242015443,-0.0936349584225844
1.236,3.52187499999999,3.28533766305008,0.703549679000003,-50,3.24875895090396,0.709703626806596,5263.95061398392,0.0365787121461195,3.39669531207089,1.02089062110983,6172.86022791096,-0.111357649020798
1.237,3.62187500000001,3.3235890221697,0.653549678999995,-50,3.28800308967541,0.660175240536393,5279.32903296134,0.0355859324942784,3.45351578148643,0.962517926550327,6171.30036857526,-0.129926759316724
1.238,3.72187499999999,3.35960226513126,0.603549679000005,-50,3.32440760707219,0.610582141810317,5289.10768194559,0.0351946580590552,3.50699474497686,0.904250060373281,6163.22826753372,-0.147392479845612
1.239,3.82187500000001,3.39337739193478,0.553549678999997,-50,3.35797027409586,0.560975948816612,5294.13806131067,0.0354071178389189,3.55713992048147,0.846146772718392,6149.70680690368,-0.163762528546694
1.24,3.921875,3.42295605094196,0.503549678999998,-50,3.3886915925383,0.511400365931888,5309.84673593305,0.0342644584036657,3.6039621665834,0.788257942597165,6146.34408515385,-0.181006115641429
1.241,4.021875,3.45057635831085,0.453549678999999,-50,3.4165705004926,0.46175710539411,5317.78660554186,0.0340058578182506,3.64747108382823,0.730489777202724,6134.84857586069,-0.196894725517368
1.242,4.121875,3.47539902048219,0.403549679,-50,3.44160517087085,0.412117745109764,5325.44263322998,0.0337938496113268,3.68767572391975,0.672916911150141,6122.83824720723,-0.212276703437558
1.243,4.22187500000001,3.4965847438967,0.353549678999993,-50,3.46379590177746,0.362484890379128,5339.15560185771,0.0327888421192332,3.72458740369998,0.615543778063552,6116.76727531131,-0.228002659803294
1.244,4.321875,3.51581211567291,0.303549679000002,-50,3.48314146929343,0.312802807261949,5345.38943528617,0.0326706463794675,3.75821599277557,0.558315426274689,6103.19594361086,-0.242403877102654
1.245,4.42187500000001,3.53168231321206,0.253549678999995,-50,3.49964102623118,0.26314038010606,5355.78762417812,0.0320412869808661,3.78857175687414,0.501300634682744,6093.84931630783,-0.256889443662084
1.246,4.52187500000001,3.54447509851287,0.203549678999996,-50,3.51329460036156,0.213459266374457,5367.60723227805,0.0311804981513057,3.8156658091451,0.444460204988953,6086.0532038928,-0.27119071063223
1.247,4.62187500000001,3.55530953102948,0.153549678991997,-50,3.52410074722233,0.163746417974618,5372.22497909203,0.0312087838071593,3.83950772339233,0.387779602195407,6071.2419534371,-0.284198192362839
1.248,4.721875,3.56222726026951,0.103549678927998,-50,3.53205954808688,0.114068141219111,5385.44443237193,0.0301677121826258,3.86010849883954,0.331323117840382,6065.26712913149,-0.297881238570022
1.249,4.82187500000002,3.56662711089439,0.0535496788855901,-50,3.53717071515858,0.0643452468223996,5395.44024321356,0.0294563957357935,3.87747863764193,0.27500910941972,6056.34304388489,-0.31085152674755
1.25,4.921875,3.56906861148526,0.00354967886,-50,3.53943254364122,0.0146074614522601,5398.50314772076,0.0296360678440395,3.89162707405161,0.218864489296379,6040.79289036346,-0.322558462566355
1.251,5.02187500000002,3.5670338760931,-0.0464503211144078,-50,3.53884600824692,-0.035081409072022,5414.59788685329,0.0281878678461807,3.90256525215201,0.162949954746625,6038.60764442023,-0.335531376058905
1.252,5.121875,3.56304078906265,-0.0964503210719979,-50,3.53541047473994,-0.0848413334470106,5422.81762567061,0.027630314322709,3.91030282219578,0.107142191988102,6028.90134073155,-0.347262033133127
1.253,5.22187500000001,3.5565298213544,-0.146450321008006,-50,3.52912395072928,-0.134599751536337,5428.56436654142,0.0274058706251326,3.91484787926918,0.05151022925579,6017.09223145552,-0.35831805791479
1.254,5.32187499999999,3.54610215036957,-0.196450320999996,-50,3.51998717423666,-0.184333914093637,5442.71749814188,0.0261149761329194,3.91621104238217,-0.00392686012894734,6014.07198390635,-0.370108892012612
1.255,5.42187500000001,3.53371612774644,-0.246450321000004,-50,3.50799931833139,-0.234121197509697,5449.28165295954,0.025716809415066,3.91440115190436,-0.0592502357476859,6003.85410233381,-0.380685024157904
1.256,5.521875,3.51825269540601,-0.296450321000003,-50,3.4931593419264,-0.283891700860785,5457.81772410416,0.0250933534796056,3.90942661511787,-0.114393855623748,5996.00543540023,-0.391173919711871
1.257,5.621875,3.4994320860783,-0.346450321000001,-50,3.47546768598408,-0.333663591786209,5470.12170171245,0.0239644000942108,3.9012970988546,-0.169379795153213,5992.32543906069,-0.401865012776309
1.258,5.721875,3.47865312488312,-0.396450321,-50,3.45492327799225,-0.383471532874695,5475.11128839882,0.0237298468908605,3.89002053183398,-0.224246650510084,5981.73316252222,-0.411367406950863
1.259,5.82187500000002,3.4542372279105,-0.446450321000008,-50,3.43152598181466,-0.433248175852009,5486.50768888178,0.0227112460958315,3.87560555359328,-0.278931013296998,5977.94935957908,-0.421368325682783
1.26,5.921875,3.42702368344849,-0.496450320999998,-50,3.4052759007276,-0.48305251191715,5497.02475938522,0.0217477827208798,3.85806081763783,-0.333495804334515,5973.68591718497,-0.431037134189335
1.261,6.02187500000001,3.39785178620226,-0.546450321000006,-50,3.37617168102045,-0.532876408310023,5500.49440555356,0.0216801051818089,3.83739329602876,-0.387936796275899,5962.77149546021,-0.439541509826494
1.262,6.12187500000001,3.36448342459745,-0.596450321000005,-50,3.34421406026083,-0.582654998408235,5514.7991171568,0.020269364336629,3.81361182937062,-0.442192991999905,5963.08427217631,-0.449128404773174
1.263,6.22187500000001,3.32887694500113,-0.646450321000004,-50,3.30940277660022,-0.632488035038545,5523.57143350354,0.0194741684009104,3.78672403845398,-0.496367968166327,5958.25158979053,-0.457847093452847
1.264,6.32187500000001,3.2910323474133,-0.696450321000003,-50,3.27173617102111,-0.682324535772468,5527.65643636139,0.0192961763922027,3.75673592935044,-0.550414512441742,5949.11260546158,-0.465703581937136
1.265,6.42187500000002,3.24899128202912,-0.746450321000011,-50,3.2312152805899,-0.732121371956545,5542.47500776748,0.0177760014392225,3.72365598993386,-0.604293205917704,5951.08168458618,-0.474664707904748
1.266,6.521875,3.20499186500667,-0.796450321000001,-50,3.187839547211,-0.781977353901474,5549.57503678086,0.0171523177956646,3.68749090224562,-0.658106502946725,5945.69972467628,-0.482499037238956
1.267,6.62187500000002,3.15819480278664,-0.846450321000008,-50,3.14160761901181,-0.83182137934131,5556.4370503499,0.0165871837748306,3.64824634776641,-0.711786875334179,5940.4398871535,-0.490051544979768
1.268,6.721875,3.1077608018098,-0.896450320999999,-50,3.09252024325019,-0.88165127706655,5569.39789859124,0.0152405585596053,3.60592990442812,-0.765335652639223,5941.63136945785,-0.498169102618313
1.269,6.82187500000001,3.05536844827793,-0.946450320840006,-50,3.04057662134479,-0.931523178254137,5574.91801807463,0.0147918269331358,3.56054740591658,-0.818812390976645,5935.72674289992,-0.50517895763864
1.27,6.92187499999999,2.9996189177588,-0.996450320199996,-50,2.98577630962244,-0.981368563094129,5584.63780267288,0.0138426081363552,3.51210484681635,-0.87215191780531,5934.35838741004,-0.512485929057552
1.271,7.02187500000001,2.94079198004335,-1.04645032,-50,2.92811971931433,-1.03122610960592,5595.81150631376,0.0126722607290284,3.46060888709275,-0.925396179496884,5934.77244891696,-0.519816907049391
1.272,7.12187500000001,2.88000669137718,-1.09645032,-50,2.86760577095226,-1.08110917499412,5599.81340659644,0.0124009204249158,3.40606451103104,-0.9785617219487,5928.3350495342,-0.526057819653876
1.273,7.221875,2.81530469622586,-1.14645032,-50,2.80423489375015,-1.13095173911357,5612.44490114471,0.0110698024757036,3.348478031191,-1.03158563373539,5930.83942348218,-0.533173334965149
1.274,7.321875,2.74808482245938,-1.19645032,-50,2.73800713204042,-1.18083325700847,5621.878639212,0.0100776904189569,3.28785519942397,-1.08455039869914,5930.45008218953,-0.539770376964606
1.275,7.42187500000002,2.67890659865888,-1.24645032000001,-50,2.66892109846842,-1.23072424894086,5624.40358428388,0.00998550019045727,3.2242001646362,-1.1374294863373,5923.44790511961,-0.545293565977319
1.276,7.521875,2.60525213887539,-1.29645032,-50,2.59697807151801,-1.28056113933041,5639.98288357436,0.00827406735737381,3.15751957485527,-1.19016219136058,5929.78803292462,-0.552267435979875
1.277,7.62187500000001,2.52963932745357,-1.34645032000001,-50,2.52217770796368,-1.33046411209334,5647.70826415678,0.00746161948990258,3.08781829418151,-1.24287148986688,5928.55428327588,-0.558178966727929
1.278,7.72187500000001,2.45150863535397,-1.39645032000001,-50,2.44451829448208,-1.38036080874983,5652.98042963151,0.0069903408718827,3.0150996588458,-1.29548773846372,5925.13956380714,-0.563591023491823
1.279,7.82187500000001,2.36946123997779,-1.44645032,-50,2.36400083695975,-1.43022866944888,5666.67759073386,0.00546040301804444,2.93936957090109,-1.34799101645613,5930.41441603906,-0.569908330923313
1.28,7.92187500000001,2.2854554918174,-1.49645032,-50,2.28062476579812,-1.48014524884599,5672.8033209388,0.00483072601927765,2.86063220784127,-1.40046144300818,5928.3748817421,-0.575176716023872
1.281,8.02187499999999,2.19837233141869,-1.54645031999999,-50,2.1943892873155,-1.53004081426291,5680.91754946205,0.00398304410319835,2.77889137824045,-1.45283177668354,5928.57350449509,-0.580519046821766
1.282,8.121875,2.10793199953309,-1.59645032,-50,2.10529508050137,-1.57993369245586,5692.81531514436,0.00263691903172341,2.69415222266351,-1.50512276367104,5932.79809022591,-0.586220223130418
1.283,8.22187499999998,2.01553331692596,-1.64645031999999,-50,2.01334130201172,-1.62985869613188,5697.41354703544,0.00219201491422219,2.60641822273229,-1.55737156581743,5929.9584928235,-0.590884905806349
1.284,8.321875,1.91949769556196,-1.69645032,-50,1.91852803648788,-1.6797486197856,5708.43273526014,0.000969659074097857,2.51569365542721,-1.60951325802439,5933.76828863025,-0.596195959865252
1.285,8.421875,1.8206644267086,-1.74645032,-50,1.82085559999834,-1.72966259058933,5718.58602257381,-0.000191173289740257,2.42198290042163,-1.66160918072985,5936.93387042694,-0.601318473713019
1.286,8.52187499999999,1.71987280484185,-1.79645032,-50,1.72032284402806,-1.77959260498159,5721.70468219072,-0.000450039186212977,2.32528874787189,-1.71365347810764,5933.27992666982,-0.605415943030036
1.287,8.62187499999999,1.61488471517876,-1.84645032,-50,1.61693070411011,-1.82947391952002,5735.67064080466,-0.00204598893136294,2.22561595075713,-1.76558349054194,5940.68196504567,-0.61073123557837
1.288,8.72187500000001,1.50765851119106,-1.89645032,-50,1.51067910945764,-1.87940640484017,5744.11583586281,-0.00302059826656701,2.12296813812643,-1.81750111021002,5942.7656695461,-0.615309626935354
1.289,8.82187499999999,1.39819419287883,-1.94645031999999,-50,1.40156658552868,-1.92933919060261,5747.88484736652,-0.00337239264985677,2.01734742118588,-1.86935742764902,5940.36953144249,-0.619153228307056
1.29,8.921875,1.28453340333247,-1.99645032,-50,1.28959434758018,-1.97922925545294,5762.39814230231,-0.00506094424771265,1.90875849028235,-1.92111132332543,5948.9080923688,-0.624225086949878
1.291,9.021875,1.16891426054356,-2.04645032,-50,1.17476200967349,-2.02917551301617,5769.20314941388,-0.00584774912992685,1.79720432724692,-1.97286355522407,5949.92301730682,-0.628290066703349
1.292,9.121875,1.05049747026526,-2.09645032,-50,1.05706838629935,-2.07910695994561,5775.77998471389,-0.00657091603409728,1.68268701026707,-2.0245449084727,5950.88881794874,-0.632189540001816
1.293,9.221875,0.928443744209514,-2.14645032,-50,0.936514385524015,-2.12902152001706,5788.46506719967,-0.00807064131450335,1.56521061019022,-2.07615504098969,5958.13646596386,-0.636766865980714
1.294,9.32187500000001,0.804431667203005,-2.19645032000001,-50,0.813099364250129,-2.17897541527927,5793.71848411614,-0.00866769704712824,1.44477754885382,-2.12775185616303,5958.12075557074,-0.640345881650828
1.295,9.42187499999999,0.67706241595947,-2.24645032,-50,0.68682302917805,-2.22890021343945,5803.18028189083,-0.00976061321856778,1.32139050302913,-2.17926855173723,5962.47659158678,-0.644328087069644
1.296,9.52187500000001,0.546615753738069,-2.29645032,-50,0.557685936993563,-2.27883467670202,5814.104422888,-0.0110701832555012,1.19505290750603,-2.23074547012463,5968.45294314257,-0.64843715376795
1.297,9.62187499999999,0.414210739259629,-2.34645031999999,-48.0000000000018,0.425687148940228,-2.3287922436437,5600.47355249366,-0.0114764096805908,1.06576661247915,-2.28219758172285,5967.41891195869,-0.651555873219533
1.298,9.721875,0.277889021183704,-2.39645032,-31.9999999999993,0.290884526150978,-2.37670697234899,3907.81063938153,-0.0129955049672623,0.933534885831878,-2.3335604294612,5975.17086675864,-0.655645864648182
1.299,9.82187499999998,0.139678892496341,-2.43238782,-7.000000000005,0.153784838475867,-2.40897493442416,1837.81063938153,-0.0141059459795265,0.798360522403337,-2.38491498276971,5738.62435716777,-0.658681629907008
1.3,9.921875,-3.36691530453939e-15,-2.45738782,25,0.0153833360068649,-2.42214888115812,-232.189360618469,-0.0153833360068618,0.660308384507417,-2.43401370863236,5345.48449461196,-0.660308384507414
1.301,-9.978125,-0.139678892496319,-2.43238782,40.9999999999997,-0.12322682261805,-2.41625840827463,-2302.18936061847,-0.0164520698782774,0.519548893203631,-2.47941944473441,4153.15549113171,-0.659227785699961
1.302,-9.878125,-0.277889021183704,-2.39645032,50,-0.260954173156788,-2.39133306562412,-4372.18936061847,-0.0169348480269056,0.376504111992798,-2.51378537511349,2934.39175869356,-0.654393133176493
1.303,-9.77812500000001,-0.414210739259605,-2.34645032,50,-0.396708943136838,-2.34740235725471,-5319.53189926792,-0.017501796122775,0.231813052088075,-2.53688541196204,1642.07883363167,-0.646023791347688
1.304,-9.67812499999999,-0.546615753738092,-2.29645032,50,-0.529698937491138,-2.2948241901277,-5280.55449414385,-0.0169168162469611,0.0861400860561773,-2.54806036484291,513.606106589334,-0.632755839794258
1.305,-9.57812500000001,-0.677062415959448,-2.24645032000001,50,-0.659689032375232,-2.24268611128688,-5241.16773983429,-0.0173733835842256,-0.0598752404639303,-2.54883604745803,-457.206306575003,-0.61718717549551
1.306,-9.47812499999999,-0.804431667203027,-2.19645032,50,-0.786704531337064,-2.19099120460791,-5210.00625717125,-0.0177271358659612,-0.20567910799226,-2.54067905356398,-1299.26582346664,-0.598752559210763
1.307,-9.378125,-0.928443744209514,-2.14645032,50,-0.910768638734972,-2.13966311067479,-5188.05794665354,-0.0176751054745378,-0.350794042702456,-2.52478775545506,-2031.24623111607,-0.577649701507065
1.308,-9.278125,-1.05049747026526,-2.09645032,50,-1.03189992687408,-2.08861649974403,-5163.53563980028,-0.0185975433911754,-0.494806257555864,-2.50218686910784,-2656.78862249697,-0.555691212709391
1.309,-9.178125,-1.16891426054356,-2.04645032,50,-1.15011518944738,-2.03787461628327,-5149.54569638612,-0.0187990710961937,-0.637359672264167,-2.47386602413375,-3202.45738988104,-0.531554588279394
1.31,-9.07812499999999,-1.28453340333249,-1.99645031999999,50,-1.26542909660573,-1.98734009022127,-5138.26569198472,-0.0191043067267577,-0.778147862868536,-2.44056892380944,-3672.16874746283,-0.506385540463947
1.311,-8.97812500000001,-1.39819419287881,-1.94645032,50,-1.37785280561227,-1.93698766871517,-5123.05982249945,-0.0203413872665248,-0.916905951285829,-2.40300208950087,-4069.5250602749,-0.481288241592974
1.312,-8.87812499999999,-1.50765851119108,-1.89645031999999,50,-1.48739777690659,-1.88685318746167,-5121.40274750869,-0.0202607342844906,-1.05340855931133,-2.36183780570762,-4420.92976009191,-0.454249951879743
1.313,-8.77812500000001,-1.61488471517874,-1.84645032,50,-1.59407291693964,-1.83681165974402,-5116.57125573353,-0.0208117982391,-1.18746183904857,-2.31750440331592,-4717.4457742594,-0.427422876130181
1.314,-8.67812499999999,-1.71987280484185,-1.79645032,50,-1.69788438408036,-1.78689214611867,-5109.10033367792,-0.0219884207615043,-1.31889882059348,-2.2705117703676,-4966.39714054141,-0.400973984248376
1.315,-8.57812500000001,-1.82066442670858,-1.74645032000001,50,-1.7988398594531,-1.73711874022235,-5114.14055252595,-0.0218245672554743,-1.44757979550596,-2.22130162343055,-5188.85342183659,-0.373084631202611
1.316,-8.478125,-1.91949769556196,-1.69645032,50,-1.89694441048269,-1.68737611309177,-5113.00415947921,-0.0225532850792655,-1.57338479112057,-2.17012115443333,-5371.28666246187,-0.346112904441382
1.317,-8.378125,-2.01553331692594,-1.64645032,50,-1.99220142720723,-1.63772104184927,-5112.96630391265,-0.0233318897187125,-1.69621155228565,-2.11734162934931,-5525.46937229379,-0.319321764640299
1.318,-8.278125,-2.10793199953309,-1.59645032,50,-2.08461563279055,-1.5881432842384,-5120.18484366723,-0.0233163667425404,-1.81597597656752,-2.06322543159872,-5661.47877851025,-0.29195602296557
1.319,-8.178125,-2.19837233141868,-1.54645032,50,-2.17418954104458,-1.53857596158609,-5120.96427441231,-0.0241827903740932,-1.93260632738425,-2.00794182741745,-5769.03445405247,-0.265766004034429
1.32,-8.07812499999999,-2.28545549181741,-1.49645031999999,50,-2.26092544648041,-1.48907829752104,-5126.80914259413,-0.0245300453369979,-2.04604326839411,-1.95175440060767,-5862.61605030965,-0.239412223423306
1.321,-7.97812500000001,-2.36946123997779,-1.44645032,50,-2.34482600209828,-1.43960358204802,-5134.85548123278,-0.024635237879517,-2.15623873752511,-1.89479311362388,-5941.95086640087,-0.213222502452685
1.322,-7.87812499999999,-2.45150863535398,-1.39645032,50,-2.42589194151582,-1.3901315260685,-5136.37455164107,-0.0256166938381733,-2.26315218510775,-1.83719023632687,-6000.56657948948,-0.188356450246243
1.323,-7.77812499999999,-2.52963932745359,-1.34645032,50,-2.50412513732331,-1.340722176328,-5147.07806977346,-0.0255141901302718,-2.36675233995314,-1.77913737892926,-6056.13922374633,-0.162886987500452
1.324,-7.678125,-2.60525213887539,-1.29645032,50,-2.57952675888077,-1.29129093871277,-5155.06072300744,-0.0257253799946231,-2.46701424211468,-1.72066323513345,-6098.47301706296,-0.138237896760692
1.325,-7.578125,-2.67890659865889,-1.24645032,50,-2.65209627019001,-1.2418628791061,-5156.54361555276,-0.0268103284688894,-2.563917261606,-1.66189025536202,-6125.27636610812,-0.114989337052896
1.326,-7.47812499999999,-2.74808482245939,-1.19645031999999,50,-2.72183556627712,-1.1924977903804,-5171.43088152966,-0.0262492561822813,-2.65744838286949,-1.60296178289801,-6157.74689310145,-0.0906364395898978
1.327,-7.378125,-2.81530469622586,-1.14645032,50,-2.78874471944713,-1.14307225469524,-5178.76295786379,-0.0265599767787285,-2.74759721008992,-1.54382592071799,-6176.04950390584,-0.0677074861359387
1.328,-7.27812499999999,-2.88000669137719,-1.09645031999999,50,-2.85282226027868,-1.09365587348811,-5183.89600053884,-0.027184431098522,-2.83435560402512,-1.48461333510494,-6186.51744135799,-0.0456510873520782
1.329,-7.17812500000001,-2.94079198004335,-1.04645032,50,-2.91406929245683,-1.04426886367925,-5197.66958522027,-0.0267226875865226,-2.91772123706412,-1.42539622397503,-6200.83886665562,-0.023070742979228
1.33,-7.07812499999999,-2.9996189177588,-0.996450320199996,50,-2.97248522022822,-0.994831686756521,-5204.05367957318,-0.0271336975305871,-2.99769283448736,-1.36613914225464,-6203.7203068334,-0.00192608327143275
1.331,-6.97812500000001,-3.05536844827793,-0.946450320840006,50,-3.02806911903497,-0.945412403789976,-5212.5790866877,-0.0272993292429598,-3.07427112305272,-1.30694739976128,-6205.33147382965,0.0189026747748105
1.332,-6.878125,-3.1077608018098,-0.896450320999999,50,-3.08082144896506,-0.895991286966574,-5225.01573240321,-0.026939352844738,-3.14746017831477,-1.24783258173242,-6207.99609509675,0.0396993765049573
1.333,-6.778125,-3.15819480278665,-0.846450321,50,-3.1307410741793,-0.846532355733666,-5230.25867600037,-0.0274537286073474,-3.21726412665587,-1.18878487715584,-6201.08886839975,0.0590693238692213
1.334,-6.678125,-3.20499186500667,-0.796450321000001,50,-3.1778277257271,-0.797101850763076,-5242.00951071135,-0.0271641392795739,-3.28368933317531,-1.12989224300697,-6198.72641076248,0.07869746816865
1.335,-6.578125,-3.24899128202913,-0.746450321000002,50,-3.22208131582747,-0.747639855395849,-5252.96505405475,-0.0269099662016639,-3.34674347804635,-1.0711126270513,-6193.9642792035,0.0977521960172141
1.336,-6.47812499999999,-3.29103234741331,-0.696450320999994,50,-3.26350025121936,-0.698153735122681,-5256.94251816233,-0.0275320961939529,-3.40643366417544,-1.01246793111069,-6180.92940845266,0.115401316762128
1.337,-6.37812500000001,-3.32887694500113,-0.646450321000004,50,-3.30208498986537,-0.648707725666148,-5271.81171840136,-0.0267919551357677,-3.462769796287,-0.954034055259708,-6177.75865926361,0.13389285128588
1.338,-6.27812499999999,-3.36448342459746,-0.596450320999996,50,-3.33783495753257,-0.599201560882073,-5281.19419140625,-0.0266484670648884,-3.51576134432743,-0.89571992280883,-6168.30346653285,0.151277919729981
1.339,-6.17812499999999,-3.39785178620227,-0.546450320999997,50,-3.37074815633076,-0.549685811901768,-5285.9255593712,-0.0271036298714956,-3.5654168201027,-0.837583165036374,-6153.59702715171,0.167565033900418
1.34,-6.078125,-3.42702368344849,-0.496450320999998,50,-3.40082526339951,-0.500203283747105,-5301.41853560441,-0.0261984200489895,-3.61174776257871,-0.779671818480772,-6149.22151254878,0.184724079130233
1.341,-5.978125,-3.4542372279105,-0.446450320999999,50,-3.42806534434098,-0.450654918129736,-5309.21405028222,-0.0261718835695128,-3.65476435403307,-0.721890489246678,-6136.86286337612,0.200527126122565
1.342,-5.87812499999998,-3.47865312488313,-0.396450320999992,50,-3.45246665861736,-0.401111633744039,-5316.78663627218,-0.0261864662657602,-3.69447614217585,-0.664312420645285,-6124.11937474188,0.215823017292711
1.343,-5.778125,-3.4994320860783,-0.346450321000001,50,-3.47402955589139,-0.351575473658031,-5330.46796684234,-0.025402530186924,-3.73089486538633,-0.60694083814566,-6117.4280236025,0.231462779308023
1.344,-5.67812499999999,-3.51825269540601,-0.296450320999994,50,-3.4927528340147,-0.301990226378912,-5336.7141207656,-0.025499861391316,-3.76403075017292,-0.549719742029391,-6103.33416603148,0.24577805476692
1.345,-5.57812500000001,-3.53371612774644,-0.246450321000004,50,-3.50863564229751,-0.252424371616981,-5347.1617753415,-0.0250804854489356,-3.79389436309696,-0.492717002101756,-6093.5498504387,0.260178235350513
1.346,-5.47812499999999,-3.54610215036957,-0.196450320999996,50,-3.52167798363811,-0.202839225507833,-5359.06202710931,-0.0244241667314556,-3.82049706952514,-0.435892632124462,-6085.38948627595,0.274394919155575
1.347,-5.37812500000001,-3.5565298213544,-0.146450321008006,50,-3.53187837073297,-0.15322145405889,-5363.78647546871,-0.0246514506214378,-3.84384865337282,-0.37923141527093,-6070.27753814199,0.287318832018436
1.348,-5.278125,-3.56304078906265,-0.0964503210719979,50,-3.53923682699548,-0.103637125230787,-5377.13425212072,-0.0238039620671549,-3.86396028754429,-0.322797053226354,-6064.05695848788,0.300919498481645
1.349,-5.178125,-3.5670338760931,-0.0464503211143989,50,-3.54375299429222,-0.0540068525671682,-5387.27618229963,-0.0232808818008634,-3.88084261637504,-0.266507393775765,-6054.93457132303,0.313808740281939
1.35,-5.078125,-3.56906861148526,0.00354967886,50,-3.54542508721019,-0.00436020106853245,-5390.49967463908,-0.0236435242750529,-3.89450468908969,-0.21038890925924,-6039.2270268276,0.325436077604439
1.351,-4.978125,-3.56662711089439,0.0535496788855989,50,-3.54425399146609,0.0452391542498033,-5406.76659163194,-0.0223731194282942,-3.90495804127655,-0.154501917803074,-6036.91959896534,0.338330930382157
1.352,-4.87812499999999,-3.56222726026951,0.103549678928007,50,-3.54023897709865,0.09491128620373,-5415.16761591795,-0.0219882831708615,-3.91221239448909,-0.0987227795199985,-6027.12135889777,0.349985134219581
1.353,-4.77812500000001,-3.55530953102948,0.153549678991997,50,-3.53337795068467,0.144583715776559,-5421.10262441111,-0.0219315803448213,-3.91627589775267,-0.043120242709883,-6015.24625154161,0.360966366723177
1.354,-4.67812499999999,-3.54447509851287,0.203549679000005,50,-3.52367154512965,0.194233755161688,-5435.44919685664,-0.0208035533832265,-3.91715920912484,0.0122868591805003,-6012.1822152396,0.372684110611961
1.355,-4.57812499999999,-3.53168231321205,0.253549679000004,50,-3.51111882534588,0.243938825452269,-5442.21041287557,-0.0205634878661843,-3.91487119527249,0.0675798909289749,-6001.9395102791,0.383188882060443
1.356,-4.478125,-3.51581211567291,0.303549679000002,50,-3.49571863993933,0.293629056071273,-5450.94583842389,-0.0200934757335632,-3.90942027888224,0.122692985592603,-5994.08216737127,0.393608163209317
1.357,-4.378125,-3.49658474389669,0.353549679000001,50,-3.4774713181778,0.343322632747862,-5463.45028211949,-0.0191134257189009,-3.90081613291224,0.17764836740475,-5990.40714544164,0.404231389015539
1.358,-4.27812499999998,-3.47539902048218,0.403549679000009,50,-3.45637567513025,0.393054225262602,-5468.64050137382,-0.0190233453519331,-3.88906668434517,0.232484758173336,-5979.83138641678,0.413667663863002
1.359,-4.178125,-3.45057635831085,0.453549678999999,50,-3.43243146207894,0.442756483826085,-5480.23690608962,-0.018144896231902,-3.87418056434424,0.287138855553201,-5976.07382155032,0.423604206033381
1.36,-4.07812499999999,-3.42295605094196,0.503549679000007,50,-3.40563867001493,0.492488390812179,-5490.95261925374,-0.0173173809270197,-3.8561664124494,0.341673669485357,-5971.8446945167,0.433210361507437
1.361,-3.97812500000001,-3.39337739193478,0.553549678999997,50,-3.37599583364084,0.542241797903554,-5494.61897987253,-0.0173815582939325,-3.83503118208729,0.396085046487208,-5960.97129187479,0.441653790152497
1.362,-3.87812499999999,-3.35960226513126,0.603549679000005,50,-3.34350357997755,0.591951817731631,-5509.11803194197,-0.016098685153705,-3.8107836913611,0.450312050550401,-5961.33062909553,0.451181426229833
1.363,-3.77812500000001,-3.3235890221697,0.653549678999995,50,-3.30816153793505,0.641718178308013,-5518.08187331196,-0.0154274842346493,-3.78343153536764,0.504458308659727,-5956.54896993082,0.459842513197951
1.364,-3.67812499999999,-3.28533766305008,0.703549679000003,50,-3.2699679407914,0.691489868366106,-5522.35526302181,-0.0153697222586848,-3.75298069188782,0.558476648804668,-5947.46458112743,0.467643028837748
1.365,-3.578125,-3.24288983269638,0.753549679000002,50,-3.22892371964462,0.741223727489939,-5537.3588621214,-0.0139661130517547,-3.71943961843099,0.612327684145393,-5949.49110048667,0.476549785734598
1.366,-3.478125,-3.19848365185031,0.803549679000001,50,-3.18502821230745,0.791018532243847,-5544.64031221627,-0.0134554395428577,-3.68281496502981,0.666113894359445,-5944.16872511091,0.484331313179496
1.367,-3.378125,-3.15127982809851,0.853549679,50,-3.13827996481287,0.840803144391258,-5551.6799709746,-0.0129998632856424,-3.64311237989093,0.719767770094209,-5938.97004134729,0.491832551792409
1.368,-3.27812499999999,-3.1004390626105,0.903549679000007,50,-3.08867962442829,0.890575355250418,-5564.8146084002,-0.0117594381822023,-3.60033940674505,0.773290654430958,-5940.2238022193,0.499900344134547
1.369,-3.178125,-3.04763994479667,0.953549679159998,50,-3.03622629474837,0.940391257847062,-5570.50455040002,-0.0114136500482936,-3.55450184441979,0.826742112897007,-5934.38214059781,0.506861899623122
1.37,-3.07812499999999,-2.99148365274574,1.00354967980001,50,-2.98091943648933,0.990182293261079,-5580.39012345638,-0.0105642162564117,-3.50560565221817,0.880056978315517,-5933.07707343173,0.514121999472417
1.371,-2.97812499999999,-2.93224995097751,1.05354968,50,-2.9227593675286,1.03998709984232,-5591.72555716695,-0.00949058344890782,-3.45365745461252,0.9332771990747,-5933.55445511757,0.521407503635017
1.372,-2.87812499999999,-2.87105789757099,1.10354968,50,-2.86174491732179,1.0898189949635,-5595.88511035246,-0.00931298024919352,-3.39866220035651,0.986419320403216,-5927.18014685057,0.527604302785507
1.373,-2.778125,-2.80594914088789,1.15354968,50,-2.79787642629202,1.13961191853655,-5608.67016404986,-0.00807271459586511,-3.34062616658534,1.03942042780762,-5929.74714627866,0.534677025697444
1.374,-2.67812499999998,-2.73832250352698,1.20354968000001,50,-2.73115385227204,1.18944528557208,-5618.25343166223,-0.00716865125492832,-3.27955506996383,1.09236299989028,-5929.41982859796,0.541232566436869
1.375,-2.578125,-2.66873751452779,1.25354968,50,-2.66157572368261,1.23928957695074,-5620.92390394425,-0.00716179084517095,-3.21545302454756,1.14522049966355,-5922.47891752994,0.546715510019759
1.376,-2.47812499999998,-2.59467629321249,1.30354968000001,50,-2.58914323703047,1.28908117802275,-5636.64473089471,-0.00553305618202562,-3.14832664392578,1.19793221393035,-5928.87938891518,0.553650350713298
1.377,-2.378125,-2.51865671865465,1.35354968,50,-2.513855969349,1.33894023372105,-5644.50773675759,-0.00480074930565374,-3.07818075825667,1.25062110937677,-5927.70500369598,0.559524039602019
1.378,-2.27812499999999,-2.44011926135632,1.40354968000001,50,-2.43571212978002,1.38879434753695,-5649.91368670477,-0.00440713157631158,-3.00501867038271,1.30321753269124,-5924.34858937157,0.564899409026378
1.379,-2.17812500000001,-2.35766510399001,1.45354968,50,-2.35471264883618,1.43862092221595,-5663.7408157568,-0.00295245515383069,-2.9288462495575,1.35570155253779,-5929.68058091232,0.571181145567503
1.38,-2.07812499999999,-2.27325259429782,1.50354968,50,-2.27085688368004,1.48849747529148,-5669.99279311554,-0.0023957106177751,-2.84966764111284,1.40815327647575,-5927.69699469136,0.576415046815004
1.381,-1.978125,-2.18576267236733,1.55354968,50,-2.18414396949109,1.53835423790144,-5678.22962650327,-0.00161870287623519,-2.76748662213186,1.46050545124837,-5927.95034036103,0.581723949764525
1.382,-1.878125,-2.09491557619976,1.60354968,50,-2.09457451617089,1.58820950139652,-5690.24645274608,-0.000341060028872818,-2.6823083023741,1.51277881093026,-5932.22841719575,0.587392726174354
1.383,-1.778125,-2.0021101283939,1.65354968,50,-2.00214761328868,1.63809804403462,-5694.96026342596,3.74848947653709e-05,-2.59413613335141,1.56501050521152,-5929.44104398274,0.592026004957502
1.384,-1.67812499999998,-1.9056677418312,1.70354968000001,50,-1.90686328035482,1.68795262648989,-5706.09162216832,0.00119553852362326,-2.50297436263943,1.61713559653308,-5933.30177924192,0.597306620808216
1.385,-1.578125,-1.80642771007098,1.75354968,50,-1.80872177022376,1.73783234284278,-5716.35373703655,0.00229406015279973,-2.40882734122483,1.66921541272748,-5936.51699543706,0.602399631153859
1.386,-1.47812499999999,-1.70522932667242,1.80354968000001,50,-1.70772187304372,1.78772915709211,-5719.57797373025,0.002492546371287,-2.31169783130431,1.72124408519578,-5932.91139304018,0.606468504631886
1.387,-1.37812499999999,-1.59983447547756,1.85354968000001,50,-1.60386446484391,1.83757829425693,-5733.64635345397,0.00402998936634345,-2.21159055862546,1.77315894167969,-5940.36049845916,0.611756083147902
1.388,-1.27812499999999,-1.49220150812464,1.90354968,50,-1.49714941711429,1.88747959435261,-5742.19090951211,0.00494790898964676,-2.10850912572464,1.82506186190591,-5942.4900200097,0.616307617599996
1.389,-1.17812499999999,-1.38233042461367,1.95354968,50,-1.38757519931753,1.93738215734887,-5746.05630133954,0.00524477470385856,-2.00245561800168,1.87690392420405,-5940.1384607467,0.620125193388002
1.39,-1.07812499999998,-1.26826287330635,2.00354968000001,50,-1.27514297239411,1.98724293297731,-5760.66303534694,0.00688009908776732,-1.89343470069293,1.9286439969604,-5948.72033762851,0.62517182738657
1.391,-0.978124999999999,-1.15223696898568,2.05354968,49.680267728,-1.15985229773387,2.03716080635638,-5732.80514095778,0.00761532874819662,-1.78144933121708,1.98038282587129,-5949.77736329983,0.629212362231388
1.392,-0.878124999999983,-1.03341341717558,2.10354968000001,48.8276483359999,-1.04171109841439,2.08674501440334,-5652.24040411178,0.00829768123879193,-1.6665015640402,2.03205118423355,-5950.78407225759,0.633088146864614
1.393,-0.778125000000003,-0.911001380274335,2.1524672532,44.8804643800001,-0.920752368681085,2.13551117134885,-5236.64533686907,0.00975098840675813,-1.54859544695961,2.08364871836276,-5939.5016581315,0.637594066685279
1.394,-0.678124999999987,-0.786753494007464,2.19931421000001,39.484762763999,-0.7971112438747,2.18037826613245,-4688.00803836353,0.0103577498672263,-1.42773827368855,2.13506247810411,-5888.1184779883,0.640984779681082
1.395,-0.578125000000007,-0.659482395476264,2.24069869,31.8858990200005,-0.671046015354722,2.22012835377289,-3898.5791273042,0.0115636198784504,-1.30395113454482,2.18592382126054,-5754.847435656,0.644468739068564
1.396,-0.478124999999991,-0.530029543859949,2.2739203252,24.3084947799994,-0.542913101995886,2.25255408279574,-3098.23494857849,0.0128835581359485,-1.17728723855059,2.23548023574562,-5501.0136957404,0.647257694690625
1.397,-0.378124999999994,-0.399320899551536,2.3019535204,16.7432364927995,-0.413134710236461,2.27756638549433,-2333.71259802693,0.0138138106849292,-1.04785307024211,2.28262456738103,-5189.12298768003,0.648532170690581
1.398,-0.278124999999996,-0.266763648032585,2.3196403236,9.19471963519968,-0.282125827707062,2.29550631349866,-1520.57688814558,0.0153621796744757,-0.915802026208382,2.32682643078824,-4746.93624574368,0.649038378175786
1.399,-0.178124999999998,-0.133612704315548,2.3306926868,1.64982818279984,-0.150304170150918,2.30593758608368,-720.896419861809,0.0166914658353803,-0.781336907701193,2.36689166328136,-4249.08343537809,0.647724203385651
1.4,-0.0781249999999822,2.37343841141692e-14,2.33658493,-5.89224351000134,-0.0180960721459619,2.30899562988798,40.6881598252128,0.0180960721459741,-0.644709213911024,2.40231454880875,-3729.76552335428,0.64470921391106
1.401,0.0218749999999979,0.133612704315548,2.3306926868,-13.4407603675998,0.114086379394541,2.30504235559126,883.065642468696,0.0195263249209955,-0.506190382940974,2.43290480407296,-3079.33380767835,0.639803087256528
1.402,0.121875000000013,0.266763648032609,2.3196403236,-20.997647940001,0.245820483041925,2.29334533602938,1682.99700413405,0.0209431649906759,-0.366091645950742,2.45746367265729,-2428.24423899219,0.632855293983354
1.403,0.221875000000011,0.39932089955156,2.3019535204,-28.5652978600009,0.376674085854419,2.2743070783205,2470.05876830435,0.022646813697134,-0.224758481506744,2.4759944509634,-1753.244917834,0.624079381058296
1.404,0.321875000000009,0.530029543859972,2.2739203252,-36.1602598760007,0.506230283770476,2.2480573616807,3316.95284604803,0.0237992600894852,-0.0825423077361112,2.48828651280848,-988.667291242656,0.612571851596087
1.405,0.421875000000007,0.659482395476264,2.24069869,-42.8411394000003,0.634060441408883,2.21405690658646,4017.86540071538,0.0254219540673839,0.0601760909531043,2.49352540779306,-242.269187625294,0.599306304523167
1.406,0.521875000000023,0.786753494007509,2.19931420999999,-47.5024536400011,0.759759293309389,2.17366075669467,4529.3618093319,0.0269942006981097,0.202997702463755,2.49188931993713,542.928064397494,0.583755791543756
1.407,0.621875000000003,0.911001380274335,2.1524672532,-49.307246744,0.883010599779344,2.12862145387594,4748.4653355354,0.0279907804949788,0.345518698646889,2.48303195329877,1318.96182268103,0.565482681627435
1.408,0.721874999999983,1.03341341717558,2.10354968000001,-50,1.00362559716739,2.0816362095355,4842.78852569504,0.0297878200081864,0.48732806649668,2.46704880500249,2018.39939151477,0.546085350678908
1.409,0.821874999999999,1.15223696898568,2.05354968,-50,1.12152576482364,2.03385601897433,4873.2003126518,0.0307112041620547,0.628038032949796,2.4446556049528,2646.89450818018,0.524198936035896
1.41,0.921874999999996,1.26826287330637,2.00354968,-50,1.23668243551055,1.98587009926852,4900.55786585924,0.0315804377958319,0.767300311361963,2.41651495928987,3188.84232445637,0.500962561944403
1.411,1.02187499999999,1.38233042461367,1.95354968,-50,1.34908463592729,1.93770686824875,4918.96214036261,0.0332457886863985,0.904808663024639,2.38343201171797,3649.193825503,0.477521761589024
1.412,1.12187499999999,1.49220150812464,1.90354968,-50,1.45872457448866,1.88944897091163,4946.53071335914,0.0334769336359771,1.04030163992911,2.34616510890518,4055.5294601337,0.451899868195528
1.413,1.22187500000001,1.59983447547757,1.85354968,-50,1.56559441606992,1.84101224244381,4967.10147521782,0.0342400594076678,1.17355394133709,2.30521768195315,4399.93948363017,0.426280534140492
1.414,1.32187499999999,1.70522932667242,1.80354968000001,-50,1.66968576669009,1.79246133989602,4981.69900243261,0.035543559982332,1.30437117333019,2.26116515129672,4690.64450770823,0.400858153342234
1.415,1.421875,1.80642771007098,1.75354968,-50,1.77099366403531,1.7438513939968,5005.90107016866,0.0354340460356629,1.43258971897205,2.2145064158413,4949.49657401984,0.373837991098938
1.416,1.521875,1.90566774183122,1.70354968,-50,1.86951219641416,1.69509413449055,5021.3926990895,0.036155545417048,1.55806876463785,2.16553856241576,5163.65064099587,0.347598977193363
1.417,1.621875,2.0021101283939,1.65354968,-50,1.96523522564842,1.64626992575047,5035.77430735611,0.0368749027454896,1.680687890779,2.11467639174685,5345.47523268777,0.321422237614894
1.418,1.721875,2.09491557619976,1.60354968,-50,2.05815921136005,1.59738908373788,5055.48758241883,0.0367563648397175,1.80034716590353,2.06222027119892,5505.56776500789,0.294568410296214
1.419,1.82187500000001,2.18576267236734,1.55354967999999,-50,2.1482795059991,1.54840264489983,5067.08464872235,0.0374831663682448,1.91696106190304,2.00837260634049,5634.1017845015,0.268801610464292
1.42,1.92187499999999,2.27325259429782,1.50354968,-50,2.23559220311483,1.49938544203199,5082.2861052595,0.0376603911829919,2.03045822853211,1.95342589238324,5745.9531415924,0.242794365765712
1.421,2.02187500000001,2.35766510399001,1.45354968,-50,2.320094591449,1.45030436242846,5098.41643873712,0.037570512541,2.1407801406106,1.8975353133474,5841.19486789553,0.216884963379409
1.422,2.12187499999999,2.44011926135632,1.40354968000001,-50,2.40178276915531,1.40115095943031,5106.91133075071,0.0383364922009974,2.2478771382087,1.84085514082707,5913.65637907543,0.192242123147615
1.423,2.221875,2.51865671865465,1.35354968,-50,2.48065460802138,1.35199559120029,5123.62590853065,0.0380021106332643,2.35171001998034,1.7835961766713,5981.27701559343,0.166946698674304
1.424,2.32187499999998,2.59467629321249,1.30354968000001,-50,2.55670782914978,1.30276263967544,5136.78001413295,0.0379684640627018,2.45224692517216,1.725803854054,6034.09083653619,0.142429368040331
1.425,2.421875,2.66873751452779,1.25354968,-50,2.62993892919032,1.25348498145392,5142.70386932759,0.0387985853374803,2.5494612207717,1.66761522238408,6070.00677721655,0.119276293756086
1.426,2.521875,2.73832250352699,1.20354968,-50,2.70034725423215,1.20422920413486,5161.39673890356,0.0379752492948331,2.64333467115589,1.60918635643899,6110.39741341309,0.0949878323711022
1.427,2.621875,2.80594914088789,1.15354968,-50,2.76793069157813,1.15487779887054,5171.9821009989,0.0380184493097566,2.7338523432287,1.55047646138311,6135.58039958603,0.0720967976591847
1.428,2.72187499999999,2.87105789757099,1.10354968,-50,2.8326859032163,1.1055055029531,5179.88848562665,0.0383719943546914,2.82100215582419,1.49162588319178,6152.02222989223,0.0500557417468115
1.429,2.82187500000001,2.93224995097752,1.05354968,-50,2.89461239920091,1.05613699535575,5196.01852837231,0.0376375517766129,2.90477835846355,1.43271525855782,6171.52729461175,0.0274715925139773
1.43,2.92187499999999,2.99148365274574,1.00354967980001,-50,2.95370822898634,1.00669661255193,5204.39724912565,0.0377754237594001,2.9851767060575,1.37371649879663,6178.90361333243,0.00630694668823178
1.431,3.021875,3.04763994479667,0.953549679159998,-50,3.00997132056113,0.957255778110515,5214.60342409735,0.037668624235547,3.06219534940819,1.31474132498083,6184.40943738609,-0.014555404611511
1.432,3.121875,3.10043906261051,0.903549678999999,-50,3.06340116642351,0.907797680152748,5228.44869770693,0.0370378961869907,3.1358361318321,1.25580690910316,6190.44565111561,-0.0353970692215821
1.433,3.221875,3.15127982809851,0.853549679,-50,3.11399581909046,0.858288865729608,5234.86458584841,0.0372840090080647,3.20610124698743,1.19690830840379,6186.45437047618,-0.0548214188888998
1.434,3.321875,3.19848365185031,0.803549679000001,-50,3.16175433306777,0.808797763797921,5247.58444405801,0.0367293187825581,3.27299538819468,1.13813772031738,6186.61102807417,-0.074511736344357
1.435,3.42187500000001,3.24288983269639,0.753549678999993,-50,3.20667606094189,0.759266350378701,5259.3326879368,0.0362137717545049,3.33652479111897,1.07945678539261,6184.02242015443,-0.0936349584225844
1.436,3.52187499999999,3.28533766305008,0.703549679000003,-50,3.24875895090396,0.709703626806595,5263.95061398392,0.0365787121461195,3.39669531207089,1.02089062110983,6172.86022791115,-0.111357649020823
1.437,3.62187500000001,3.3235890221697,0.653549678999995,-50,3.28800308967542,0.660175240536393,5279.32903296134,0.0355859324942784,3.45351578148644,0.962517926550325,6171.30036857543,-0.129926759316749
1.438,3.72187499999999,3.35960226513126,0.603549679000005,-50,3.3244076070722,0.610582141810317,5289.10768194558,0.0351946580590552,3.50699474497687,0.904250060373278,6163.22826753366,-0.147392479845612
1.439,3.82187500000001,3.39337739193478,0.553549678999997,-50,3.35797027409586,0.560975948816612,5294.13806131067,0.0354071178389189,3.55713992048148,0.84614677271839,6149.70680690363,-0.163762528546694
1.44,3.92187499999999,3.42295605094196,0.503549679000007,-50,3.3886915925383,0.511400365931888,5309.8467359329,0.0342644584036657,3.60396216658341,0.788257942597163,6146.34408515385,-0.181006115641454
1.441,4.021875,3.45057635831085,0.453549678999999,-50,3.41657050049261,0.461757105394111,5317.78660554188,0.0340058578182506,3.64747108382823,0.730489777202722,6134.84857586065,-0.196894725517368
1.442,4.121875,3.47539902048219,0.403549679,-50,3.44160517087085,0.412117745109765,5325.44263323,0.0337938496113268,3.68767572391976,0.672916911150139,6122.83824720739,-0.212276703437584
1.443,4.221875,3.49658474389669,0.353549679000001,-50,3.46379590177747,0.362484890379128,5339.15560185758,0.0327888421192332,3.72458740369999,0.615543778063549,6116.7672753111,-0.228002659803294
1.444,4.321875,3.51581211567291,0.303549679000002,-50,3.48314146929344,0.312802807261951,5345.3894352862,0.0326706463794675,3.75821599277557,0.558315426274688,6103.19594361083,-0.242403877102654
1.445,4.42187500000001,3.53168231321206,0.253549678999995,-50,3.49964102623119,0.263140380106062,5355.78762417815,0.0320412869808661,3.78857175687414,0.501300634682742,6093.84931630781,-0.256889443662084
1.446,4.52187499999999,3.54447509851287,0.203549679000005,-50,3.51329460036157,0.213459266374458,5367.60723227792,0.0311804981513057,3.81566580914511,0.444460204988952,6086.05320389263,-0.27119071063223
1.447,4.62187500000001,3.55530953102948,0.153549678991997,-50,3.52410074722234,0.163746417974621,5372.22497909227,0.0312087838071338,3.83950772339233,0.387779602195407,6071.24195343711,-0.284198192362839
1.448,4.721875,3.56222726026951,0.103549678927998,-50,3.53205954808688,0.114068141219111,5385.44443237193,0.0301677121826258,3.86010849883955,0.331323117840383,6065.2671291315,-0.297881238570022
1.449,4.821875,3.56662711089439,0.0535496788855989,-50,3.53717071515859,0.0643452468224,5395.44024321342,0.0294563957357935,3.87747863764193,0.27500910941972,6056.34304388475,-0.31085152674755
1.45,4.921875,3.56906861148526,0.00354967886,-50,3.53943254364122,0.0146074614522618,5398.50314772079,0.0296360678440395,3.89162707405162,0.21886448929638,6040.79289036349,-0.322558462566355
1.451,5.02187500000002,3.5670338760931,-0.0464503211144078,-50,3.53884600824693,-0.0350814090720205,5414.59788685331,0.0281878678461807,3.90256525215202,0.162949954746627,6038.60764442044,-0.335531376058931
1.452,5.121875,3.56304078906265,-0.0964503210719979,-50,3.53541047473994,-0.0848413334470094,5422.81762567063,0.027630314322709,3.91030282219578,0.107142191988101,6028.90134073154,-0.347262033133127
1.453,5.22187500000001,3.5565298213544,-0.146450321008006,-50,3.52912395072928,-0.134599751536336,5428.56436654163,0.0274058706251071,3.91484787926918,0.0515102292557895,6017.09223145551,-0.35831805791479
1.454,5.32187499999999,3.54610215036957,-0.196450320999996,-50,3.51998717423667,-0.184333914093638,5442.71749814206,0.0261149761328939,3.91621104238217,-0.00392686012894778,6014.07198390634,-0.370108892012612
1.455,5.42187500000001,3.53371612774644,-0.246450321000004,-50,3.50799931833139,-0.2341211975097,5449.28165295969,0.0257168094150405,3.91440115190436,-0.0592502357476863,6003.854102334,-0.380685024157929
1.456,5.52187499999999,3.51825269540601,-0.296450320999994,-50,3.49315934192641,-0.283891700860789,5457.81772410394,0.0250933534796056,3.90942661511788,-0.11439385562375,5996.00543540004,-0.391173919711871
1.457,5.621875,3.4994320860783,-0.346450321000001,-50,3.47546768598409,-0.333663591786211,5470.12170171242,0.0239644000942108,3.90129709885461,-0.169379795153214,5992.32543906069,-0.401865012776309
1.458,5.721875,3.47865312488312,-0.396450321,-50,3.45492327799226,-0.383471532874697,5475.11128839879,0.0237298468908605,3.89002053183399,-0.224246650510085,5981.73316252221,-0.411367406950863
1.459,5.821875,3.4542372279105,-0.446450320999999,-50,3.43152598181466,-0.43324817585201,5486.50768888161,0.0227112460958315,3.87560555359329,-0.278931013296998,5977.94935957893,-0.421368325682783
1.46,5.921875,3.42702368344849,-0.496450320999998,-50,3.40527590072761,-0.48305251191715,5497.02475938523,0.0217477827208798,3.85806081763783,-0.333495804334514,5973.68591718499,-0.431037134189335
1.461,6.02187500000001,3.39785178620226,-0.546450321000006,-50,3.37617168102046,-0.532876408310023,5500.49440555356,0.0216801051818089,3.83739329602877,-0.387936796275898,5962.77149546022,-0.439541509826494
1.462,6.12187499999999,3.36448342459746,-0.596450320999996,-50,3.34421406026084,-0.582654998408235,5514.79911715665,0.020269364336629,3.81361182937062,-0.442192991999904,5963.08427217617,-0.449128404773174
1.463,6.22187500000001,3.32887694500113,-0.646450321000004,-50,3.30940277660022,-0.632488035038543,5523.57143350357,0.0194741684009104,3.78672403845399,-0.496367968166325,5958.25158979056,-0.457847093452847
1.464,6.32187500000001,3.2910323474133,-0.696450321000003,-50,3.27173617102111,-0.682324535772467,5527.65643636161,0.0192961763921772,3.75673592935045,-0.550414512441741,5949.1126054618,-0.465703581937162
1.465,6.421875,3.24899128202913,-0.746450321000002,-50,3.2312152805899,-0.732121371956546,5542.47500776732,0.0177760014392225,3.72365598993386,-0.604293205917705,5951.08168458583,-0.474664707904722
1.466,6.521875,3.20499186500667,-0.796450321000001,-50,3.187839547211,-0.781977353901473,5549.57503678087,0.0171523177956646,3.68749090224562,-0.658106502946722,5945.69972467633,-0.482499037238956
1.467,6.62187500000002,3.15819480278664,-0.846450321000008,-50,3.14160761901182,-0.83182137934131,5556.43705034991,0.0165871837748306,3.64824634776642,-0.711786875334177,5940.43988715354,-0.490051544979768
1.468,6.721875,3.1077608018098,-0.896450320999999,-50,3.0925202432502,-0.88165127706655,5569.39789859125,0.0152405585596053,3.60592990442813,-0.765335652639221,5941.63136945807,-0.498169102618338
1.469,6.82187500000001,3.05536844827793,-0.946450320840006,-50,3.04057662134479,-0.931523178254136,5574.91801807464,0.0147918269331358,3.56054740591658,-0.818812390976645,5935.72674290011,-0.505178957638665
1.47,6.92187499999999,2.9996189177588,-0.996450320199996,-50,2.98577630962245,-0.981368563094129,5584.63780267289,0.0138426081363552,3.51210484681635,-0.872151917805312,5934.35838741001,-0.512485929057552
1.471,7.02187500000001,2.94079198004335,-1.04645032,-50,2.92811971931434,-1.03122610960592,5595.81150631377,0.0126722607290284,3.46060888709276,-0.925396179496886,5934.77244891712,-0.519816907049416
1.472,7.12187499999999,2.88000669137719,-1.09645031999999,-50,2.86760577095226,-1.08110917499412,5599.8134065963,0.0124009204249158,3.40606451103105,-0.978561721948703,5928.3350495338,-0.526057819653851
1.473,7.221875,2.81530469622586,-1.14645032,-50,2.80423489375015,-1.13095173911357,5612.44490114474,0.0110698024757036,3.34847803119101,-1.03158563373539,5930.83942348219,-0.533173334965149
1.474,7.321875,2.74808482245938,-1.19645032,-50,2.73800713204042,-1.18083325700847,5621.87863921202,0.0100776904189569,3.28785519942398,-1.08455039869914,5930.45008218954,-0.539770376964606
1.475,7.421875,2.67890659865889,-1.24645032,-50,2.66892109846843,-1.23072424894086,5624.40358428375,0.00998550019045727,3.2242001646362,-1.1374294863373,5923.44790511947,-0.545293565977319
1.476,7.521875,2.60525213887539,-1.29645032,-50,2.59697807151802,-1.28056113933041,5639.9828835744,0.00827406735737381,3.15751957485527,-1.19016219136058,5929.78803292484,-0.5522674359799
1.477,7.62187500000001,2.52963932745357,-1.34645032000001,-50,2.52217770796369,-1.33046411209333,5647.70826415701,0.00746161948987713,3.08781829418152,-1.24287148986688,5928.55428327606,-0.558178966727954
1.478,7.72187499999999,2.45150863535398,-1.39645032,-50,2.44451829448209,-1.38036080874983,5652.98042963117,0.00699034087190814,3.0150996588458,-1.29548773846372,5925.13956380695,-0.563591023491823
1.479,7.82187500000001,2.36946123997779,-1.44645032,-50,2.36400083695975,-1.43022866944888,5666.6775907341,0.00546040301801899,2.9393695709011,-1.34799101645613,5930.41441603905,-0.569908330923313
1.48,7.92187500000001,2.2854554918174,-1.49645032,-50,2.28062476579813,-1.48014524884599,5672.80332093882,0.00483072601927765,2.86063220784127,-1.40046144300818,5928.3748817421,-0.575176716023872
1.481,8.021875,2.19837233141868,-1.54645032,-50,2.19438928731551,-1.53004081426291,5680.91754946241,0.0039830441031729,2.77889137824046,-1.45283177668355,5928.57350449542,-0.580519046821791
1.482,8.121875,2.10793199953309,-1.59645032,-50,2.10529508050138,-1.57993369245586,5692.81531514451,0.00263691903169796,2.69415222266352,-1.50512276367104,5932.79809022605,-0.586220223130444
1.483,8.22187500000002,2.01553331692592,-1.64645032000001,-50,2.01334130201173,-1.62985869613188,5697.41354703587,0.00219201491419675,2.6064182227323,-1.55737156581743,5929.95849282391,-0.590884905806374
1.484,8.321875,1.91949769556196,-1.69645032,-50,1.91852803648788,-1.67974861978561,5708.4327352602,0.000969659074072412,2.51569365542722,-1.6095132580244,5933.76828863011,-0.596195959865252
1.485,8.42187500000001,1.82066442670858,-1.74645032000001,-50,1.82085559999835,-1.72966259058933,5718.586022574,-0.000191173289765702,2.42198290042164,-1.66160918072986,5936.93387042716,-0.601318473713044
1.486,8.52187499999999,1.71987280484185,-1.79645032,-50,1.72032284402806,-1.7795926049816,5721.70468219056,-0.000450039186212977,2.32528874787189,-1.71365347810765,5933.27992666966,-0.605415943030036
1.487,8.62187500000001,1.61488471517874,-1.84645032,-50,1.61693070411012,-1.82947391952003,5735.67064080486,-0.00204598893138838,2.22561595075713,-1.76558349054195,5940.68196504588,-0.610731235578395
1.488,8.72187499999999,1.50765851119108,-1.89645031999999,-50,1.51067910945764,-1.87940640484018,5744.11583586248,-0.00302059826656701,2.12296813812643,-1.81750111021003,5942.76566954579,-0.615309626935354
1.489,8.82187500000001,1.39819419287881,-1.94645032,-50,1.40156658552868,-1.92933919060261,5747.88484736674,-0.00337239264988222,2.01734742118588,-1.86935742764903,5940.36953144272,-0.619153228307082
1.49,8.921875,1.28453340333247,-1.99645032,-50,1.28959434758019,-1.97922925545295,5762.39814230215,-0.00506094424771265,1.90875849028235,-1.92111132332544,5948.90809236865,-0.624225086949878
1.491,9.021875,1.16891426054356,-2.04645032,-50,1.17476200967349,-2.02917551301618,5769.20314941375,-0.00584774912992685,1.79720432724692,-1.97286355522408,5949.9230173067,-0.628290066703349
1.492,9.121875,1.05049747026526,-2.09645032,-50,1.05706838629935,-2.07910695994561,5775.77998471377,-0.00657091603409728,1.68268701026707,-2.0245449084727,5950.88881794863,-0.632189540001816
1.493,9.22187500000001,0.928443744209492,-2.14645032000001,-50,0.936514385524017,-2.12902152001706,5788.46506719991,-0.00807064131452879,1.56521061019022,-2.0761550409897,5958.13646596392,-0.636766865980714
1.494,9.321875,0.804431667203027,-2.19645032,-50,0.813099364250131,-2.17897541527928,5793.71848411565,-0.00866769704710279,1.44477754885382,-2.12775185616303,5958.1207555703,-0.640345881650802
1.495,9.42187500000001,0.677062415959448,-2.24645032000001,-50,0.686823029178052,-2.22890021343946,5803.1802818911,-0.00976061321859322,1.32139050302912,-2.17926855173723,5962.47659158708,-0.644328087069669
1.496,9.52187500000001,0.546615753738069,-2.29645032,-50,0.557685936993564,-2.27883467670203,5814.1044228879,-0.0110701832555012,1.19505290750603,-2.23074547012464,5968.45294314249,-0.64843715376795
1.497,9.62187500000001,0.414210739259605,-2.34645032,-47.999999999999,0.425687148940228,-2.32879224364371,5600.47355249361,-0.0114764096806162,1.06576661247915,-2.28219758172285,5967.41891195878,-0.651555873219533
1.498,9.721875,0.277889021183704,-2.39645032,-31.9999999999993,0.290884526150978,-2.376706972349,3907.81063938145,-0.0129955049672623,0.933534885831877,-2.3335604294612,5975.17086675856,-0.655645864648182
1.499,9.82187500000002,0.139678892496292,-2.43238782000001,-6.99999999999363,0.153784838475867,-2.40897493442417,1837.81063938145,-0.0141059459795774,0.798360522403336,-2.38491498276972,5738.62435716804,-0.658681629907033
1.5,9.921875,-3.36691530453939e-15,-2.45738782,25,0.0153833360068646,-2.42214888115812,-232.189360618551,-0.0153833360068618,0.660308384507415,-2.43401370863237,5345.48449461184,-0.660308384507414
1.501,-9.97812500000002,-0.139678892496294,-2.43238782000001,40.9999999999968,-0.12322682261805,-2.41625840827463,-2302.18936061855,-0.016452069878252,0.519548893203629,-2.47941944473442,4153.1554911315,-0.659227785699936
1.502,-9.878125,-0.277889021183704,-2.39645032,50,-0.260954173156789,-2.39133306562412,-4372.18936061855,-0.0169348480269056,0.376504111992796,-2.51378537511349,2934.3917586935,-0.654393133176493
1.503,-9.77812500000001,-0.414210739259605,-2.34645032,50,-0.396708943136838,-2.34740235725471,-5319.53189926793,-0.017501796122775,0.231813052088073,-2.53688541196205,1642.07883363162,-0.646023791347688
1.504,-9.67812500000001,-0.546615753738069,-2.29645032,50,-0.529698937491138,-2.2948241901277,-5280.5544941439,-0.0169168162469356,0.0861400860561747,-2.54806036484291,513.606106589248,-0.632755839794233
1.505,-9.57812500000001,-0.677062415959448,-2.24645032000001,50,-0.659689032375233,-2.24268611128688,-5241.16773983429,-0.0173733835842256,-0.0598752404639331,-2.54883604745803,-457.206306575032,-0.61718717549551
1.506,-9.47812499999999,-0.804431667203027,-2.19645032,50,-0.786704531337064,-2.19099120460791,-5210.00625717125,-0.0177271358659612,-0.205679107992263,-2.54067905356398,-1299.26582346666,-0.598752559210763
1.507,-9.37812500000001,-0.928443744209492,-2.14645032000001,50,-0.910768638734972,-2.13966311067479,-5188.05794665359,-0.0176751054745124,-0.350794042702459,-2.52478775545506,-2031.24623111614,-0.57764970150704
1.508,-9.278125,-1.05049747026526,-2.09645032,50,-1.03189992687408,-2.08861649974403,-5163.53563980028,-0.0185975433911754,-0.494806257555867,-2.50218686910784,-2656.78862249699,-0.555691212709391
1.509,-9.178125,-1.16891426054356,-2.04645032,50,-1.15011518944738,-2.03787461628327,-5149.54569638612,-0.0187990710961937,-0.63735967226417,-2.47386602413375,-3202.45738988106,-0.531554588279394
1.51,-9.078125,-1.28453340333247,-1.99645032,50,-1.26542909660573,-1.98734009022127,-5138.26569198476,-0.0191043067267322,-0.77814786286854,-2.44056892380944,-3672.16874746289,-0.506385540463922
1.511,-8.97812500000001,-1.39819419287881,-1.94645032,50,-1.37785280561227,-1.93698766871517,-5123.05982249944,-0.0203413872665248,-0.916905951285832,-2.40300208950087,-4069.52506027491,-0.481288241592974
1.512,-8.87812499999999,-1.50765851119108,-1.89645031999999,50,-1.48739777690659,-1.88685318746167,-5121.40274750868,-0.0202607342844906,-1.05340855931133,-2.36183780570762,-4420.92976009191,-0.454249951879743
1.513,-8.77812500000001,-1.61488471517874,-1.84645032,50,-1.59407291693964,-1.83681165974402,-5116.57125573352,-0.0208117982391,-1.18746183904857,-2.31750440331592,-4717.44577425959,-0.427422876130155
1.514,-8.67812499999999,-1.71987280484185,-1.79645032,50,-1.69788438408036,-1.78689214611867,-5109.1003336781,-0.0219884207614789,-1.31889882059348,-2.2705117703676,-4966.39714054138,-0.400973984248376
1.515,-8.57812500000001,-1.82066442670858,-1.74645032000001,50,-1.7988398594531,-1.73711874022235,-5114.14055252592,-0.0218245672554743,-1.44757979550597,-2.22130162343055,-5188.85342183657,-0.373084631202611
1.516,-8.478125,-1.91949769556196,-1.69645032,50,-1.89694441048269,-1.68737611309176,-5113.00415947918,-0.0225532850792655,-1.57338479112058,-2.17012115443333,-5371.28666246185,-0.346112904441382
1.517,-8.37812500000002,-2.01553331692592,-1.64645032000001,50,-1.99220142720723,-1.63772104184926,-5112.96630391266,-0.023331889718687,-1.69621155228565,-2.11734162934931,-5525.46937229381,-0.319321764640273
1.518,-8.278125,-2.10793199953309,-1.59645032,50,-2.08461563279055,-1.5881432842384,-5120.1848436672,-0.0233163667425404,-1.81597597656752,-2.06322543159872,-5661.47877851022,-0.29195602296557
1.519,-8.178125,-2.19837233141868,-1.54645032,50,-2.17418954104458,-1.53857596158609,-5120.96427441228,-0.0241827903740932,-1.93260632738426,-2.00794182741744,-5769.03445405245,-0.265766004034429
1.52,-8.07812500000001,-2.2854554918174,-1.49645032,50,-2.26092544648041,-1.48907829752104,-5126.80914259396,-0.0245300453369979,-2.04604326839411,-1.95175440060767,-5862.61605030967,-0.239412223423281
1.521,-7.97812500000001,-2.36946123997779,-1.44645032,50,-2.34482600209828,-1.43960358204802,-5134.85548123278,-0.024635237879517,-2.15623873752511,-1.89479311362387,-5941.95086640084,-0.213222502452685
1.522,-7.87812499999999,-2.45150863535398,-1.39645032,50,-2.42589194151582,-1.3901315260685,-5136.37455164107,-0.0256166938381733,-2.26315218510775,-1.83719023632687,-6000.56657948946,-0.188356450246243
1.523,-7.77812500000001,-2.52963932745357,-1.34645032000001,50,-2.50412513732332,-1.340722176328,-5147.07806977351,-0.0255141901302463,-2.36675233995314,-1.77913737892926,-6056.13922374635,-0.162886987500426
1.524,-7.678125,-2.60525213887539,-1.29645032,50,-2.57952675888077,-1.29129093871277,-5155.06072300744,-0.0257253799946231,-2.46701424211469,-1.72066323513345,-6098.47301706294,-0.138237896760692
1.525,-7.578125,-2.67890659865889,-1.24645032,50,-2.65209627019001,-1.2418628791061,-5156.54361555276,-0.0268103284688894,-2.563917261606,-1.66189025536202,-6125.2763661081,-0.114989337052896
1.526,-7.478125,-2.74808482245938,-1.19645032,50,-2.72183556627712,-1.1924977903804,-5171.4308815297,-0.0262492561822558,-2.6574483828695,-1.60296178289801,-6157.74689310147,-0.0906364395898723
1.527,-7.378125,-2.81530469622586,-1.14645032,50,-2.78874471944713,-1.14307225469524,-5178.76295786378,-0.0265599767787285,-2.74759721008993,-1.54382592071799,-6176.04950390582,-0.0677074861359387
1.528,-7.27812499999999,-2.88000669137719,-1.09645031999999,50,-2.85282226027868,-1.09365587348811,-5183.89600053884,-0.027184431098522,-2.83435560402512,-1.48461333510494,-6186.51744135796,-0.0456510873520782
1.529,-7.17812500000001,-2.94079198004335,-1.04645032,50,-2.91406929245683,-1.04426886367925,-5197.66958522026,-0.0267226875865226,-2.91772123706413,-1.42539622397503,-6200.8388666556,-0.023070742979228
1.53,-7.07812499999999,-2.9996189177588,-0.996450320199996,50,-2.97248522022822,-0.994831686756521,-5204.05367957317,-0.0271336975305871,-2.99769283448736,-1.36613914225464,-6203.72030683338,-0.00192608327143275
1.531,-6.97812500000001,-3.05536844827793,-0.946450320840006,50,-3.02806911903497,-0.945412403789975,-5212.5790866877,-0.0272993292429598,-3.07427112305273,-1.30694739976128,-6205.33147382963,0.0189026747748105
1.532,-6.878125,-3.1077608018098,-0.896450320999999,50,-3.08082144896506,-0.895991286966574,-5225.0157324032,-0.026939352844738,-3.14746017831478,-1.24783258173242,-6207.99609509693,0.0396993765049828
1.533,-6.77812500000002,-3.15819480278664,-0.846450321000008,50,-3.1307410741793,-0.846532355733666,-5230.25867600021,-0.0274537286073474,-3.21726412665587,-1.18878487715584,-6201.08886839955,0.0590693238692213
1.534,-6.678125,-3.20499186500667,-0.796450321000001,50,-3.1778277257271,-0.797101850763077,-5242.00951071137,-0.0271641392795739,-3.28368933317531,-1.12989224300697,-6198.72641076247,0.07869746816865
1.535,-6.578125,-3.24899128202913,-0.746450321000002,50,-3.22208131582747,-0.74763985539585,-5252.96505405477,-0.0269099662016639,-3.34674347804635,-1.0711126270513,-6193.96427920349,0.0977521960172141
1.536,-6.47812500000001,-3.2910323474133,-0.696450321000003,50,-3.26350025121936,-0.698153735122682,-5256.9425181622,-0.0275320961939529,-3.40643366417545,-1.01246793111069,-6180.9294084527,0.115401316762154
1.537,-6.37812500000001,-3.32887694500113,-0.646450321000004,50,-3.30208498986537,-0.64870772566615,-5271.8117184014,-0.0267919551357677,-3.462769796287,-0.954034055259707,-6177.7586592636,0.13389285128588
1.538,-6.27812499999999,-3.36448342459746,-0.596450320999996,50,-3.33783495753257,-0.599201560882074,-5281.19419140628,-0.0266484670648884,-3.51576134432744,-0.89571992280883,-6168.30346653284,0.151277919729981
1.539,-6.17812500000001,-3.39785178620226,-0.546450321000006,50,-3.37074815633076,-0.549685811901769,-5285.92555937107,-0.0271036298714956,-3.5654168201027,-0.837583165036374,-6153.59702715174,0.167565033900443
1.54,-6.078125,-3.42702368344849,-0.496450320999998,50,-3.40082526339951,-0.500203283747108,-5301.41853560446,-0.0261984200489895,-3.61174776257871,-0.779671818480771,-6149.22151254876,0.184724079130233
1.541,-5.978125,-3.4542372279105,-0.446450320999999,50,-3.42806534434098,-0.450654918129739,-5309.21405028225,-0.0261718835695128,-3.65476435403307,-0.721890489246677,-6136.86286337611,0.200527126122565
1.542,-5.878125,-3.47865312488312,-0.396450321,50,-3.45246665861737,-0.401111633744041,-5316.78663627206,-0.0261864662657602,-3.69447614217585,-0.664312420645285,-6124.11937474172,0.215823017292711
1.543,-5.778125,-3.4994320860783,-0.346450321000001,50,-3.47402955589139,-0.351575473658034,-5330.46796684258,-0.0254025301868986,-3.73089486538633,-0.606940838145661,-6117.42802360252,0.231462779308023
1.544,-5.67812499999999,-3.51825269540601,-0.296450320999994,50,-3.49275283401471,-0.301990226378913,-5336.71412076581,-0.0254998613912905,-3.76403075017293,-0.549719742029392,-6103.33416603149,0.24577805476692
1.545,-5.57812500000001,-3.53371612774644,-0.246450321000004,50,-3.50863564229751,-0.25242437161698,-5347.16177534148,-0.0250804854489356,-3.79389436309696,-0.492717002101756,-6093.54985043871,0.260178235350513
1.546,-5.47812499999999,-3.54610215036957,-0.196450320999996,50,-3.52167798363811,-0.202839225507832,-5359.0620271093,-0.0244241667314556,-3.82049706952514,-0.435892632124462,-6085.38948627596,0.274394919155575
1.547,-5.37812500000001,-3.5565298213544,-0.146450321008006,50,-3.53187837073297,-0.153221454058889,-5363.78647546889,-0.0246514506214123,-3.84384865337282,-0.379231415270931,-6070.27753814199,0.287318832018436
1.548,-5.278125,-3.56304078906265,-0.0964503210719979,50,-3.53923682699549,-0.103637125230784,-5377.13425212068,-0.0238039620671549,-3.86396028754429,-0.322797053226354,-6064.05695848789,0.300919498481645
1.549,-5.17812500000002,-3.5670338760931,-0.0464503211144078,50,-3.54375299429222,-0.0540068525671661,-5387.27618229944,-0.0232808818008634,-3.88084261637504,-0.266507393775765,-6054.93457132288,0.313808740281939
1.55,-5.078125,-3.56906861148526,0.00354967886,50,-3.54542508721019,-0.00436020106853207,-5390.49967463907,-0.0236435242750529,-3.89450468908969,-0.210388909259242,-6039.22702682763,0.325436077604439
1.551,-4.978125,-3.56662711089439,0.0535496788855989,50,-3.54425399146609,0.0452391542498036,-5406.76659163193,-0.0223731194282942,-3.90495804127655,-0.154501917803076,-6036.91959896536,0.338330930382157
1.552,-4.878125,-3.56222726026951,0.103549678927998,50,-3.54023897709865,0.0949112862037303,-5415.1676159178,-0.0219882831708615,-3.91221239448909,-0.0987227795199996,-6027.12135889764,0.349985134219581
1.553,-4.77812500000001,-3.55530953102948,0.153549678991997,50,-3.53337795068468,0.144583715776558,-5421.10262441132,-0.0219315803447959,-3.91627589775267,-0.0431202427098853,-6015.24625154165,0.360966366723177
1.554,-4.67812499999999,-3.54447509851287,0.203549679000005,50,-3.52367154512965,0.194233755161689,-5435.44919685663,-0.0208035533832265,-3.91715920912484,0.0122868591804982,-6012.18221523964,0.372684110611961
1.555,-4.57812500000001,-3.53168231321206,0.253549678999995,50,-3.51111882534588,0.243938825452269,-5442.21041287541,-0.0205634878661843,-3.91487119527249,0.0675798909289732,-6001.93951027898,0.383188882060443
1.556,-4.478125,-3.51581211567291,0.303549679000002,50,-3.49571863993934,0.293629056071272,-5450.94583842391,-0.0200934757335632,-3.90942027888224,0.1226929855926,-5994.08216737151,0.393608163209342
1.557,-4.378125,-3.49658474389669,0.353549679000001,50,-3.4774713181778,0.343322632747862,-5463.4502821195,-0.0191134257189009,-3.90081613291224,0.177648367404749,-5990.40714544165,0.404231389015539
1.558,-4.278125,-3.47539902048219,0.403549679,50,-3.45637567513025,0.393054225262602,-5468.64050137368,-0.0190233453519331,-3.88906668434517,0.232484758173335,-5979.83138641645,0.413667663862977
1.559,-4.178125,-3.45057635831085,0.453549678999999,50,-3.43243146207894,0.442756483826083,-5480.23690608965,-0.018144896231902,-3.87418056434424,0.287138855553198,-5976.07382155038,0.423604206033381
1.56,-4.07812499999999,-3.42295605094196,0.503549679000007,50,-3.40563867001493,0.492488390812177,-5490.95261925377,-0.0173173809270197,-3.8561664124494,0.341673669485354,-5971.84469451675,0.433210361507437
1.561,-3.97812500000001,-3.39337739193478,0.553549678999997,50,-3.37599583364084,0.542241797903553,-5494.61897987255,-0.0173815582939325,-3.83503118208729,0.396085046487206,-5960.97129187503,0.441653790152522
1.562,-3.87812499999999,-3.35960226513126,0.603549679000005,50,-3.34350357997755,0.59195181773163,-5509.11803194199,-0.016098685153705,-3.8107836913611,0.450312050550401,-5961.33062909573,0.451181426229859
1.563,-3.77812500000001,-3.3235890221697,0.653549678999995,50,-3.30816153793506,0.641718178308012,-5518.08187331197,-0.0154274842346493,-3.78343153536764,0.504458308659729,-5956.5489699308,0.459842513197951
1.564,-3.67812499999999,-3.28533766305008,0.703549679000003,50,-3.2699679407914,0.691489868366105,-5522.35526302182,-0.0153697222586848,-3.75298069188783,0.558476648804669,-5947.46458112741,0.467643028837748
1.565,-3.57812500000001,-3.24288983269639,0.753549678999993,50,-3.22892371964462,0.741223727489938,-5537.35886212107,-0.0139661130517801,-3.71943961843099,0.612327684145394,-5949.49110048651,0.476549785734598
1.566,-3.478125,-3.19848365185031,0.803549679000001,50,-3.18502821230745,0.791018532243843,-5544.64031221634,-0.0134554395428577,-3.68281496502981,0.666113894359445,-5944.16872511092,0.484331313179496
1.567,-3.378125,-3.15127982809851,0.853549679,50,-3.13827996481288,0.840803144391255,-5551.67997097465,-0.0129998632856424,-3.64311237989093,0.719767770094208,-5938.9700413473,0.491832551792409
1.568,-3.278125,-3.10043906261051,0.903549678999999,50,-3.0886796244283,0.890575355250416,-5564.8146083999,-0.0117594381822277,-3.60033940674505,0.773290654430957,-5940.22380221916,0.499900344134547
1.569,-3.178125,-3.04763994479667,0.953549679159998,50,-3.03622629474837,0.940391257847057,-5570.50455040011,-0.0114136500482936,-3.55450184441979,0.826742112897006,-5934.38214059784,0.506861899623122
1.57,-3.07812499999999,-2.99148365274574,1.00354967980001,50,-2.98091943648933,0.990182293261075,-5580.39012345645,-0.0105642162564117,-3.50560565221817,0.880056978315515,-5933.07707343176,0.514121999472417
1.571,-2.97812500000001,-2.93224995097752,1.05354968,50,-2.9227593675286,1.03998709984232,-5591.72555716667,-0.00949058344893327,-3.45365745461253,0.933277199074699,-5933.55445511725,0.521407503634991
1.572,-2.87812499999999,-2.87105789757099,1.10354968,50,-2.8617449173218,1.0898189949635,-5595.88511035257,-0.00931298024919352,-3.39866220035651,0.986419320403212,-5927.18014685064,0.527604302785507
1.573,-2.778125,-2.80594914088789,1.15354968,50,-2.79787642629202,1.13961191853655,-5608.67016404995,-0.00807271459586511,-3.34062616658534,1.03942042780761,-5929.74714627872,0.534677025697444
1.574,-2.678125,-2.73832250352699,1.20354968,50,-2.73115385227204,1.18944528557208,-5618.25343166196,-0.00716865125495377,-3.27955506996383,1.09236299989027,-5929.41982859767,0.541232566436844
1.575,-2.578125,-2.66873751452779,1.25354968,50,-2.66157572368262,1.23928957695073,-5620.92390394436,-0.00716179084517095,-3.21545302454756,1.14522049966354,-5922.47891753004,0.546715510019759
1.576,-2.47812499999998,-2.59467629321249,1.30354968000001,50,-2.58914323703047,1.28908117802274,-5636.6447308948,-0.00553305618202562,-3.14832664392578,1.19793221393034,-5928.87938891526,0.553650350713298
1.577,-2.378125,-2.51865671865465,1.35354968,50,-2.51385596934901,1.33894023372104,-5644.50773675786,-0.00480074930562829,-3.07818075825667,1.25062110937677,-5927.70500369605,0.559524039602019
1.578,-2.27812499999999,-2.44011926135632,1.40354968000001,50,-2.43571212978003,1.38879434753695,-5649.91368670501,-0.00440713157628614,-3.00501867038271,1.30321753269124,-5924.34858937163,0.564899409026378
1.579,-2.17812500000001,-2.35766510399001,1.45354968,50,-2.35471264883618,1.43862092221595,-5663.7408157568,-0.00295245515383069,-2.9288462495575,1.35570155253779,-5929.68058091237,0.571181145567503
1.58,-2.07812499999999,-2.27325259429782,1.50354968,50,-2.27085688368005,1.48849747529148,-5669.99279311555,-0.0023957106177751,-2.84966764111284,1.40815327647575,-5927.69699469159,0.576415046815029
1.581,-1.97812500000001,-2.18576267236734,1.55354967999999,50,-2.1841439694911,1.53835423790144,-5678.22962650312,-0.00161870287623519,-2.76748662213186,1.46050545124837,-5927.95034036089,0.581723949764525
1.582,-1.878125,-2.09491557619976,1.60354968,50,-2.09457451617089,1.58820950139652,-5690.24645274611,-0.000341060028872818,-2.68230830237411,1.51277881093026,-5932.22841719578,0.587392726174354
1.583,-1.778125,-2.0021101283939,1.65354968,50,-2.00214761328868,1.63809804403462,-5694.96026342617,3.74848947908153e-05,-2.59413613335142,1.56501050521152,-5929.44104398295,0.592026004957528
1.584,-1.678125,-1.90566774183122,1.70354968,50,-1.90686328035483,1.68795262648989,-5706.09162216797,0.00119553852359781,-2.50297436263943,1.61713559653308,-5933.30177924176,0.597306620808216
1.585,-1.578125,-1.80642771007098,1.75354968,50,-1.80872177022377,1.73783234284277,-5716.35373703659,0.00229406015279973,-2.40882734122484,1.66921541272748,-5936.51699543707,0.602399631153859
1.586,-1.47812499999999,-1.70522932667242,1.80354968000001,50,-1.70772187304373,1.7877291570921,-5719.57797373048,0.00249254637131245,-2.31169783130431,1.72124408519577,-5932.91139304019,0.606468504631886
1.587,-1.37812500000001,-1.59983447547757,1.85354968,50,-1.60386446484391,1.83757829425693,-5733.64635345381,0.00402998936634345,-2.21159055862546,1.77315894167969,-5940.36049845883,0.611756083147877
1.588,-1.27812499999999,-1.49220150812464,1.90354968,50,-1.49714941711429,1.88747959435261,-5742.19090951213,0.00494790898964676,-2.10850912572465,1.82506186190591,-5942.49002000995,0.616307617600022
1.589,-1.17812499999999,-1.38233042461367,1.95354968,50,-1.38757519931754,1.93738215734887,-5746.05630133956,0.00524477470385856,-2.00245561800168,1.87690392420405,-5940.13846074673,0.620125193388002
1.59,-1.078125,-1.26826287330637,2.00354968,50,-1.27514297239412,1.98724293297731,-5760.66303534661,0.00688009908774187,-1.89343470069293,1.9286439969604,-5948.72033762819,0.625171827386544
1.591,-0.978124999999999,-1.15223696898568,2.05354968,49.680267728,-1.15985229773388,2.03716080635638,-5732.80514095784,0.00761532874819662,-1.78144933121708,1.98038282587129,-5949.7773632999,0.629212362231388
1.592,-0.878124999999983,-1.03341341717558,2.10354968000001,48.8276483359999,-1.04171109841439,2.08674501440334,-5652.24040411202,0.00829768123881738,-1.6665015640402,2.03205118423355,-5950.78407225765,0.633088146864614
1.593,-0.778125000000003,-0.911001380274335,2.1524672532,44.8804643800001,-0.920752368681091,2.13551117134885,-5236.64533686908,0.00975098840675813,-1.54859544695962,2.08364871836276,-5939.50165813155,0.637594066685279
1.594,-0.678125000000023,-0.786753494007509,2.19931420999999,39.4847627640017,-0.797111243874706,2.18037826613245,-4688.00803836339,0.0103577498672009,-1.42773827368855,2.13506247810411,-5888.11847798772,0.640984779681031
1.595,-0.578125000000007,-0.659482395476264,2.24069869,31.8858990200005,-0.671046015354728,2.22012835377289,-3898.57912730442,0.0115636198784758,-1.30395113454483,2.18592382126053,-5754.84743565614,0.644468739068564
1.596,-0.478125000000009,-0.530029543859972,2.2739203252,24.3084947800007,-0.542913101995892,2.25255408279574,-3098.23494857835,0.0128835581359231,-1.17728723855059,2.23548023574561,-5501.01369574042,0.647257694690625
1.597,-0.378125000000011,-0.39932089955156,2.3019535204,16.7432364928009,-0.413134710236467,2.27756638549433,-2333.71259802685,0.0138138106849038,-1.04785307024212,2.28262456738102,-5189.1229876799,0.648532170690555
1.598,-0.278125000000014,-0.266763648032609,2.3196403236,9.19471963520102,-0.282125827707068,2.29550631349866,-1520.57688814551,0.0153621796744503,-0.915802026208388,2.32682643078823,-4746.93624574376,0.649038378175786
1.599,-0.178124999999998,-0.133612704315548,2.3306926868,1.64982818279984,-0.150304170150924,2.30593758608368,-720.896419861847,0.0166914658353803,-0.7813369077012,2.36689166328136,-4249.08343537821,0.647724203385651
1.6,-0.0781250000000178,-2.37343841141692e-14,2.33658493,-5.89224350999866,-0.0180960721459684,2.30899562988797,40.6881598250749,0.0180960721459486,-0.644709213911032,2.40231454880875,-3729.76552335399,0.644709213911009
1.601,0.0218749999999801,0.133612704315524,2.3306926868,-13.4407603675985,0.114086379394534,2.30504235559126,883.06564246852,0.0195263249209955,-0.506190382940982,2.43290480407295,-3079.33380767832,0.639803087256503
1.602,0.121874999999996,0.266763648032585,2.3196403236,-20.9976479399997,0.245820483041918,2.29334533602938,1682.99700413386,0.0209431649906759,-0.36609164595075,2.45746367265728,-2428.2442389922,0.632855293983329
1.603,0.221875000000011,0.39932089955156,2.3019535204,-28.5652978600009,0.376674085854413,2.2743070783205,2470.05876830421,0.0226468136971594,-0.224758481506753,2.47599445096339,-1753.24491783434,0.624079381058321
1.604,0.321874999999991,0.530029543859949,2.2739203252,-36.1602598759994,0.506230283770469,2.24805736168071,3316.95284604786,0.0237992600894852,-0.0825423077361204,2.48828651280847,-988.667291242651,0.612571851596061
1.605,0.421875000000007,0.659482395476264,2.24069869,-42.8411394000003,0.634060441408877,2.21405690658646,4017.86540071547,0.0254219540673839,0.0601760909530947,2.49352540779305,-242.269187625392,0.599306304523167
1.606,0.521874999999987,0.786753494007464,2.19931421000001,-47.5024536399994,0.759759293309383,2.17366075669467,4529.36180933174,0.0269942006980842,0.202997702463746,2.49188931993713,542.928064397356,0.58375579154373
1.607,0.621875000000003,0.911001380274335,2.1524672532,-49.307246744,0.883010599779338,2.12862145387594,4748.4653355353,0.0279907804950042,0.345518698646879,2.48303195329877,1318.96182268078,0.565482681627461
1.608,0.721874999999983,1.03341341717558,2.10354968000001,-50,1.00362559716738,2.08163620953551,4842.78852569496,0.0297878200082118,0.487328066496669,2.46704880500249,2018.39939151475,0.546085350678908
1.609,0.821874999999999,1.15223696898568,2.05354968,-50,1.12152576482363,2.03385601897434,4873.20031265191,0.0307112041620547,0.628038032949786,2.4446556049528,2646.89450818017,0.524198936035896
1.61,0.921874999999979,1.26826287330635,2.00354968000001,-50,1.23668243551055,1.98587009926853,4900.55786585939,0.0315804377958065,0.767300311361953,2.41651495928987,3188.84232445621,0.500962561944403
1.611,1.02187499999999,1.38233042461367,1.95354968,-50,1.34908463592728,1.93770686824876,4918.96214036269,0.0332457886863985,0.904808663024629,2.38343201171797,3649.19382550283,0.47752176158905
1.612,1.12187499999997,1.49220150812462,1.90354968000001,-50,1.45872457448865,1.88944897091163,4946.53071335906,0.0334769336359771,1.0403016399291,2.34616510890518,4055.52946013361,0.451899868195528
1.613,1.22187499999999,1.59983447547756,1.85354968000001,-50,1.56559441606991,1.84101224244382,4967.10147521794,0.0342400594076423,1.17355394133708,2.30521768195315,4399.93948363027,0.426280534140467
1.614,1.32187500000001,1.70522932667244,1.80354968,-50,1.66968576669009,1.79246133989602,4981.69900243263,0.0355435599823574,1.30437117333018,2.26116515129672,4690.64450770824,0.40085815334226
1.615,1.42187499999999,1.80642771007096,1.75354968000001,-50,1.7709936640353,1.7438513939968,5005.90107016856,0.0354340460356629,1.43258971897204,2.2145064158413,4949.49657401992,0.373837991098913
1.616,1.521875,1.90566774183122,1.70354968,-50,1.86951219641416,1.69509413449056,5021.39269908958,0.036155545417048,1.55806876463784,2.16553856241576,5163.65064099572,0.347598977193388
1.617,1.62187500000002,2.00211012839392,1.65354967999999,-50,1.96523522564841,1.64626992575047,5035.77430735612,0.0368749027455151,1.68068789077899,2.11467639174686,5345.47523268779,0.32142223761492
1.618,1.721875,2.09491557619976,1.60354968,-50,2.05815921136005,1.59738908373788,5055.48758241888,0.0367563648397175,1.80034716590352,2.06222027119892,5505.56776500776,0.294568410296239
1.619,1.82187500000001,2.18576267236734,1.55354967999999,-50,2.1482795059991,1.54840264489984,5067.0846487224,0.0374831663682448,1.91696106190303,2.00837260634049,5634.10178450138,0.268801610464318
1.62,1.92187499999999,2.27325259429782,1.50354968,-50,2.23559220311482,1.499385442032,5082.28610525954,0.0376603911829919,2.0304582285321,1.95342589238325,5745.95314159249,0.242794365765712
1.621,2.02187500000001,2.35766510399001,1.45354968,-50,2.320094591449,1.45030436242846,5098.41643873716,0.037570512541,2.14078014061059,1.8975353133474,5841.1948678956,0.216884963379409
1.622,2.12187499999999,2.44011926135632,1.40354968000001,-50,2.40178276915531,1.40115095943031,5106.91133075074,0.0383364922009974,2.24787713820869,1.84085514082708,5913.6563790753,0.192242123147641
1.623,2.221875,2.51865671865465,1.35354968,-50,2.48065460802138,1.35199559120029,5123.62590853068,0.0380021106332643,2.35171001998033,1.7835961766713,5981.27701559352,0.166946698674304
1.624,2.32187499999998,2.59467629321249,1.30354968000001,-50,2.55670782914978,1.30276263967545,5136.78001413297,0.0379684640627018,2.45224692517215,1.725803854054,6034.09083653626,0.142429368040331
1.625,2.421875,2.66873751452779,1.25354968,-50,2.62993892919031,1.25348498145393,5142.70386932761,0.0387985853374803,2.54946122077169,1.66761522238408,6070.00677721641,0.119276293756112
1.626,2.52187499999998,2.73832250352698,1.20354968000001,-50,2.70034725423215,1.20422920413486,5161.39673890343,0.0379752492948331,2.64333467115588,1.609186356439,6110.39741341302,0.0949878323711022
1.627,2.621875,2.80594914088789,1.15354968,-50,2.76793069157813,1.15487779887054,5171.98210099894,0.0380184493097566,2.73385234322869,1.55047646138312,6135.58039958593,0.0720967976592101
1.628,2.72187499999998,2.87105789757098,1.10354968000001,-50,2.8326859032163,1.1055055029531,5179.88848562652,0.0383719943546914,2.82100215582419,1.49162588319178,6152.02222989238,0.0500557417467861
1.629,2.82187499999999,2.93224995097751,1.05354968,-50,2.89461239920091,1.05613699535576,5196.0185283722,0.0376375517766129,2.90477835846355,1.43271525855783,6171.52729461168,0.0274715925139773
1.63,2.92187499999997,2.99148365274573,1.00354967980001,-50,2.95370822898633,1.00669661255193,5204.39724912557,0.0377754237594001,2.98517670605749,1.37371649879663,6178.90361333237,0.00630694668823178
1.631,3.02187499999999,3.04763994479666,0.953549679160006,-50,3.00997132056113,0.95725577811052,5214.60342409747,0.0376686242355216,3.06219534940818,1.31474132498084,6184.40943738624,-0.0145554046115364
1.632,3.121875,3.10043906261051,0.903549678999999,-50,3.06340116642351,0.907797680152752,5228.44869770699,0.0370378961869907,3.13583613183209,1.25580690910317,6190.44565111568,-0.0353970692215821
1.633,3.22187499999998,3.15127982809851,0.853549679000009,-50,3.11399581909046,0.85828886572961,5234.8645858485,0.0372840090080393,3.20610124698742,1.19690830840379,6186.45437047629,-0.0548214188889252
1.634,3.321875,3.19848365185031,0.803549679000001,-50,3.16175433306777,0.808797763797923,5247.58444405804,0.0367293187825581,3.27299538819467,1.13813772031738,6186.61102807422,-0.074511736344357
1.635,3.42187500000001,3.24288983269639,0.753549678999993,-50,3.20667606094189,0.759266350378702,5259.33268793683,0.0362137717545049,3.33652479111897,1.07945678539261,6184.02242015447,-0.0936349584225844
1.636,3.52187499999999,3.28533766305008,0.703549679000003,-50,3.24875895090396,0.709703626806597,5263.95061398394,0.0365787121461195,3.39669531207088,1.02089062110983,6172.860227911,-0.111357649020798
1.637,3.62187500000001,3.3235890221697,0.653549678999995,-50,3.28800308967542,0.660175240536394,5279.32903296135,0.0355859324942784,3.45351578148643,0.962517926550329,6171.3003685753,-0.129926759316724
1.638,3.72187499999999,3.35960226513126,0.603549679000005,-50,3.3244076070722,0.610582141810318,5289.1076819456,0.0351946580590552,3.50699474497686,0.904250060373283,6163.22826753374,-0.147392479845612
1.639,3.82187500000001,3.39337739193478,0.553549678999997,-50,3.35797027409586,0.560975948816613,5294.13806131068,0.0354071178389189,3.55713992048147,0.846146772718394,6149.7068069037,-0.163762528546694
1.64,3.92187499999999,3.42295605094196,0.503549679000007,-50,3.3886915925383,0.511400365931889,5309.84673593291,0.0342644584036657,3.6039621665834,0.788257942597166,6146.34408515391,-0.181006115641454
1.641,4.021875,3.45057635831085,0.453549678999999,-50,3.4165705004926,0.461757105394111,5317.78660554189,0.0340058578182506,3.64747108382823,0.730489777202725,6134.8485758607,-0.196894725517368
1.642,4.12187499999998,3.47539902048218,0.403549679000009,-50,3.44160517087085,0.412117745109765,5325.44263322986,0.0337938496113268,3.68767572391975,0.672916911150142,6122.83824720728,-0.212276703437584
1.643,4.221875,3.49658474389669,0.353549679000001,-50,3.46379590177747,0.36248489037913,5339.15560185761,0.0327888421192332,3.72458740369998,0.615543778063552,6116.76727531116,-0.228002659803294
1.644,4.32187499999998,3.51581211567291,0.303549679000011,-50,3.48314146929344,0.312802807261953,5345.38943528608,0.0326706463794675,3.75821599277557,0.558315426274691,6103.19594361073,-0.242403877102654
1.645,4.42187499999999,3.53168231321205,0.253549679000004,-50,3.49964102623119,0.263140380106064,5355.78762417805,0.0320412869808661,3.78857175687414,0.501300634682746,6093.84931630772,-0.256889443662084
1.646,4.52187500000001,3.54447509851287,0.203549678999996,-50,3.51329460036157,0.213459266374462,5367.60723227813,0.0311804981513057,3.8156658091451,0.444460204988957,6086.05320389286,-0.27119071063223
1.647,4.62187499999999,3.55530953102948,0.153549678992006,-50,3.52410074722234,0.163746417974623,5372.22497909215,0.0312087838071338,3.83950772339233,0.38777960219541,6071.241953437,-0.284198192362839
1.648,4.721875,3.56222726026951,0.103549678927998,-50,3.53205954808688,0.114068141219114,5385.44443237198,0.0301677121826258,3.86010849883954,0.331323117840386,6065.26712913156,-0.297881238570022
1.649,4.82187500000002,3.56662711089439,0.0535496788855901,-50,3.53717071515859,0.0643452468224024,5395.44024321361,0.0294563957357935,3.87747863764193,0.275009109419723,6056.34304388495,-0.31085152674755
1.65,4.921875,3.56906861148526,0.00354967886,-50,3.53943254364122,0.0146074614522624,5398.5031477208,0.0296360678440395,3.89162707405161,0.218864489296381,6040.79289036351,-0.322558462566355
1.651,5.02187500000002,3.5670338760931,-0.0464503211144078,-50,3.53884600824693,-0.03508140907202,5414.59788685332,0.0281878678461807,3.90256525215201,0.162949954746628,6038.60764442027,-0.335531376058905
1.652,5.121875,3.56304078906265,-0.0964503210719979,-50,3.53541047473994,-0.0848413334470089,5422.81762567063,0.027630314322709,3.91030282219578,0.107142191988104,6028.90134073158,-0.347262033133127
1.653,5.22187500000001,3.5565298213544,-0.146450321008006,-50,3.52912395072928,-0.134599751536336,5428.56436654164,0.0274058706251071,3.91484787926918,0.0515102292557916,6017.09223145555,-0.35831805791479
1.654,5.32187499999999,3.54610215036957,-0.196450320999996,-50,3.51998717423667,-0.184333914093638,5442.71749814207,0.0261149761328939,3.91621104238217,-0.00392686012894597,6014.07198390637,-0.370108892012612
1.655,5.42187500000001,3.53371612774644,-0.246450321000004,-50,3.50799931833139,-0.2341211975097,5449.28165295969,0.0257168094150405,3.91440115190436,-0.0592502357476848,6003.85410233402,-0.380685024157929
1.656,5.52187499999999,3.51825269540601,-0.296450320999994,-50,3.49315934192641,-0.283891700860789,5457.81772410395,0.0250933534796056,3.90942661511788,-0.114393855623749,5996.00543540006,-0.391173919711871
1.657,5.621875,3.4994320860783,-0.346450321000001,-50,3.47546768598409,-0.333663591786211,5470.12170171242,0.0239644000942108,3.90129709885461,-0.169379795153213,5992.3254390607,-0.401865012776309
1.658,5.72187499999998,3.47865312488313,-0.396450320999992,-50,3.45492327799226,-0.383471532874697,5475.11128839865,0.0237298468908605,3.89002053183398,-0.224246650510084,5981.73316252208,-0.411367406950863
1.659,5.821875,3.4542372279105,-0.446450320999999,-50,3.43152598181466,-0.433248175852008,5486.50768888163,0.0227112460958315,3.87560555359329,-0.278931013296996,5977.94935957896,-0.421368325682783
1.66,5.92187499999998,3.42702368344849,-0.496450320999989,-50,3.40527590072761,-0.483052511917149,5497.0247593851,0.0217477827208798,3.85806081763783,-0.333495804334512,5973.68591718487,-0.431037134189335
1.661,6.02187499999999,3.39785178620227,-0.546450320999997,-50,3.37617168102046,-0.53287640831002,5500.49440555345,0.0216801051818089,3.83739329602877,-0.387936796275895,5962.77149546012,-0.439541509826494
1.662,6.12187499999997,3.36448342459747,-0.596450320999987,-50,3.34421406026084,-0.582654998408232,5514.79911715656,0.020269364336629,3.81361182937062,-0.4421929919999,5963.0842721759,-0.449128404773149
1.663,6.22187499999999,3.32887694500114,-0.646450320999995,-50,3.30940277660022,-0.632488035038539,5523.57143350349,0.0194741684009104,3.78672403845398,-0.496367968166319,5958.25158979052,-0.457847093452847
1.664,6.32187500000001,3.2910323474133,-0.696450321000003,-50,3.27173617102112,-0.682324535772462,5527.65643636169,0.0192961763921772,3.75673592935045,-0.550414512441734,5949.11260546172,-0.465703581937136
1.665,6.42187499999999,3.24899128202914,-0.746450320999993,-50,3.2312152805899,-0.732121371956542,5542.47500776724,0.0177760014392225,3.72365598993386,-0.604293205917697,5951.08168458581,-0.474664707904722
1.666,6.521875,3.20499186500667,-0.796450321000001,-50,3.187839547211,-0.781977353901468,5549.57503678095,0.0171523177956646,3.68749090224562,-0.658106502946714,5945.69972467645,-0.482499037238956
1.667,6.62187500000002,3.15819480278664,-0.846450321000008,-50,3.14160761901182,-0.831821379341306,5556.43705034998,0.0165871837748306,3.64824634776641,-0.71178687533417,5940.43988715365,-0.490051544979768
1.668,6.721875,3.1077608018098,-0.896450320999999,-50,3.0925202432502,-0.881651277066546,5569.39789859131,0.0152405585596053,3.60592990442813,-0.765335652639216,5941.63136945797,-0.498169102618313
1.669,6.82187500000001,3.05536844827793,-0.946450320840006,-50,3.0405766213448,-0.931523178254133,5574.91801807469,0.0147918269331358,3.56054740591658,-0.818812390976638,5935.72674290022,-0.505178957638665
1.67,6.92187499999999,2.9996189177588,-0.996450320199996,-50,2.98577630962245,-0.981368563094127,5584.63780267293,0.0138426081363552,3.51210484681635,-0.872151917805307,5934.3583874101,-0.512485929057552
1.671,7.02187500000001,2.94079198004335,-1.04645032,-50,2.92811971931434,-1.03122610960592,5595.81150631399,0.0126722607290029,3.46060888709276,-0.925396179496881,5934.77244891701,-0.519816907049391
1.672,7.12187499999999,2.88000669137719,-1.09645031999999,-50,2.86760577095227,-1.08110917499412,5599.81340659629,0.0124009204249158,3.40606451103105,-0.978561721948698,5928.3350495339,-0.526057819653851
1.673,7.221875,2.81530469622586,-1.14645032,-50,2.80423489375015,-1.13095173911357,5612.44490114474,0.0110698024757036,3.34847803119101,-1.03158563373539,5930.83942348227,-0.533173334965149
1.674,7.32187499999998,2.74808482245939,-1.19645031999999,-50,2.73800713204042,-1.18083325700847,5621.87863921187,0.0100776904189569,3.28785519942398,-1.08455039869914,5930.45008218926,-0.539770376964581
1.675,7.421875,2.67890659865889,-1.24645032,-50,2.66892109846843,-1.23072424894086,5624.40358428378,0.00998550019045727,3.2242001646362,-1.13742948633729,5923.44790511958,-0.545293565977319
1.676,7.52187499999998,2.6052521388754,-1.29645031999999,-50,2.59697807151802,-1.28056113933041,5639.98288357427,0.00827406735737381,3.15751957485527,-1.19016219136057,5929.78803292459,-0.552267435979875
1.677,7.62187499999999,2.52963932745359,-1.34645032,-50,2.52217770796369,-1.33046411209333,5647.7082641567,0.00746161948990258,3.08781829418152,-1.24287148986687,5928.55428327586,-0.558178966727929
1.678,7.72187500000001,2.45150863535397,-1.39645032000001,-50,2.44451829448209,-1.38036080874983,5652.98042963159,0.0069903408718827,3.0150996588458,-1.29548773846371,5925.13956380727,-0.563591023491823
1.679,7.82187499999999,2.3694612399778,-1.44645032,-50,2.36400083695976,-1.43022866944888,5666.67759073378,0.00546040301804444,2.9393695709011,-1.34799101645612,5930.41441603902,-0.569908330923313
1.68,7.92187500000001,2.2854554918174,-1.49645032,-50,2.28062476579813,-1.48014524884598,5672.80332093908,0.0048307260192522,2.86063220784127,-1.40046144300817,5928.37488174222,-0.575176716023872
1.681,8.02187500000002,2.19837233141866,-1.54645032000001,-50,2.19438928731551,-1.53004081426291,5680.91754946278,0.00398304410314746,2.77889137824046,-1.45283177668354,5928.57350449568,-0.580519046821791
1.682,8.121875,2.10793199953309,-1.59645032,-50,2.10529508050138,-1.57993369245586,5692.81531514448,0.00263691903169796,2.69415222266352,-1.50512276367104,5932.79809022611,-0.586220223130444
1.683,8.22187500000002,2.01553331692592,-1.64645032000001,-50,2.01334130201173,-1.62985869613188,5697.41354703585,0.00219201491419675,2.6064182227323,-1.55737156581743,5929.95849282397,-0.590884905806374
1.684,8.321875,1.91949769556196,-1.69645032,-50,1.91852803648789,-1.67974861978561,5708.43273526018,0.000969659074072412,2.51569365542722,-1.60951325802439,5933.76828863016,-0.596195959865252
1.685,8.42187500000001,1.82066442670858,-1.74645032000001,-50,1.82085559999835,-1.72966259058933,5718.58602257399,-0.000191173289765702,2.42198290042164,-1.66160918072985,5936.93387042739,-0.60131847371307
1.686,8.52187499999999,1.71987280484185,-1.79645032,-50,1.72032284402807,-1.7795926049816,5721.70468219054,-0.000450039186212977,2.32528874787189,-1.71365347810765,5933.27992666967,-0.605415943030036
1.687,8.62187500000001,1.61488471517874,-1.84645032,-50,1.61693070411012,-1.82947391952003,5735.67064080485,-0.00204598893138838,2.22561595075714,-1.76558349054195,5940.68196504589,-0.610731235578395
1.688,8.72187499999999,1.50765851119108,-1.89645031999999,-50,1.51067910945764,-1.87940640484018,5744.11583586247,-0.00302059826656701,2.12296813812643,-1.81750111021003,5942.76566954579,-0.615309626935354
1.689,8.82187500000001,1.39819419287881,-1.94645032,-50,1.40156658552869,-1.92933919060261,5747.88484736673,-0.00337239264988222,2.01734742118588,-1.86935742764903,5940.36953144272,-0.619153228307082
1.69,8.92187499999999,1.28453340333249,-1.99645031999999,-50,1.28959434758019,-1.97922925545295,5762.3981423018,-0.00506094424768721,1.90875849028235,-1.92111132332544,5948.90809236831,-0.624225086949852
1.691,9.021875,1.16891426054356,-2.04645032,-50,1.17476200967349,-2.02917551301618,5769.2031494138,-0.00584774912992685,1.79720432724693,-1.97286355522408,5949.92301730694,-0.628290066703375
1.692,9.12187499999998,1.05049747026528,-2.09645031999999,-50,1.05706838629935,-2.07910695994561,5775.77998471347,-0.00657091603407184,1.68268701026708,-2.0245449084727,5950.88881794831,-0.632189540001791
1.693,9.221875,0.928443744209514,-2.14645032,-50,0.936514385524022,-2.12902152001706,5788.46506719966,-0.00807064131450335,1.56521061019022,-2.0761550409897,5958.13646596383,-0.636766865980714
1.694,9.32187499999998,0.80443166720305,-2.19645031999999,-50,0.813099364250135,-2.17897541527927,5793.71848411544,-0.00866769704707735,1.44477754885383,-2.12775185616303,5958.12075557004,-0.640345881650777
1.695,9.42187499999999,0.67706241595947,-2.24645032,-50,0.686823029178057,-2.22890021343945,5803.18028189111,-0.00976061321859322,1.32139050302913,-2.17926855173722,5962.47659158706,-0.644328087069669
1.696,9.52187500000001,0.546615753738069,-2.29645032,-50,0.55768593699357,-2.27883467670202,5814.10442288805,-0.0110701832555012,1.19505290750603,-2.23074547012463,5968.45294314261,-0.64843715376795
1.697,9.62187499999999,0.414210739259629,-2.34645031999999,-48.0000000000018,0.425687148940234,-2.3287922436437,5600.4735524939,-0.0114764096806162,1.06576661247916,-2.28219758172285,5967.41891195873,-0.651555873219533
1.698,9.721875,0.277889021183704,-2.39645032,-31.9999999999993,0.290884526150985,-2.37670697234899,3907.81063938173,-0.0129955049672877,0.933534885831883,-2.3335604294612,5975.17086675867,-0.655645864648182
1.699,9.82187500000002,0.139678892496292,-2.43238782000001,-6.99999999999363,0.153784838475874,-2.40897493442417,1837.81063938173,-0.0141059459795774,0.798360522403342,-2.38491498276971,5738.62435716832,-0.658681629907059
1.7,9.921875,-3.36691530453939e-15,-2.45738782,25,0.0153833360068716,-2.42214888115812,-232.189360618271,-0.0153833360068872,0.660308384507421,-2.43401370863237,5345.48449461189,-0.660308384507414
1.701,-9.97812499999998,-0.139678892496344,-2.43238782,41.0000000000025,-0.123226822618043,-2.41625840827464,-2302.18936061827,-0.0164520698783029,0.519548893203635,-2.47941944473442,4153.15549113176,-0.659227785699987
1.702,-9.878125,-0.277889021183704,-2.39645032,50,-0.260954173156782,-2.39133306562412,-4372.18936061827,-0.0169348480269311,0.376504111992802,-2.51378537511349,2934.39175869368,-0.654393133176518
1.703,-9.77812499999999,-0.414210739259629,-2.34645031999999,50,-0.396708943136832,-2.34740235725472,-5319.53189926803,-0.0175017961228005,0.231813052088079,-2.53688541196205,1642.07883363162,-0.646023791347714
1.704,-9.67812500000001,-0.546615753738069,-2.29645032,50,-0.529698937491132,-2.29482419012771,-5280.55449414402,-0.0169168162469356,0.0861400860561809,-2.54806036484292,513.606106589402,-0.632755839794258
1.705,-9.57812499999999,-0.67706241595947,-2.24645032,50,-0.659689032375228,-2.24268611128688,-5241.16773983435,-0.0173733835842511,-0.059875240463927,-2.54883604745803,-457.206306575051,-0.617187175495536
1.706,-9.47812500000001,-0.804431667203005,-2.19645032000001,50,-0.786704531337059,-2.19099120460791,-5210.00625717138,-0.0177271358659357,-0.205679107992257,-2.54067905356398,-1299.26582346676,-0.598752559210737
1.707,-9.378125,-0.928443744209514,-2.14645032,50,-0.910768638734967,-2.13966311067479,-5188.05794665362,-0.0176751054745378,-0.350794042702453,-2.52478775545506,-2031.24623111614,-0.577649701507065
1.708,-9.27812500000002,-1.05049747026524,-2.09645032000001,50,-1.03189992687408,-2.08861649974404,-5163.53563980039,-0.01859754339115,-0.494806257555862,-2.50218686910784,-2656.78862249707,-0.555691212709366
1.709,-9.178125,-1.16891426054356,-2.04645032,50,-1.15011518944737,-2.03787461628327,-5149.54569638617,-0.0187990710961937,-0.637359672264165,-2.47386602413375,-3202.45738988109,-0.531554588279394
1.71,-9.07812499999999,-1.28453340333249,-1.99645031999999,50,-1.26542909660572,-1.98734009022128,-5138.26569198476,-0.0191043067267577,-0.778147862868534,-2.44056892380944,-3672.16874746287,-0.506385540463947
1.711,-8.97812500000001,-1.39819419287881,-1.94645032,50,-1.37785280561227,-1.93698766871517,-5123.05982249929,-0.0203413872665502,-0.916905951285827,-2.40300208950087,-4069.52506027493,-0.481288241592974
1.712,-8.87812499999999,-1.50765851119108,-1.89645031999999,50,-1.48739777690658,-1.88685318746167,-5121.40274750875,-0.0202607342844906,-1.05340855931133,-2.36183780570762,-4420.92976009193,-0.454249951879743
1.713,-8.77812499999997,-1.61488471517877,-1.84645031999999,50,-1.59407291693964,-1.83681165974403,-5116.57125573369,-0.0208117982391254,-1.18746183904857,-2.31750440331593,-4717.44577425952,-0.427422876130206
1.714,-8.67812499999999,-1.71987280484185,-1.79645032,50,-1.69788438408035,-1.78689214611867,-5109.10033367794,-0.0219884207615043,-1.31889882059348,-2.2705117703676,-4966.3971405414,-0.400973984248376
1.715,-8.57812499999998,-1.82066442670862,-1.74645031999999,50,-1.7988398594531,-1.73711874022235,-5114.14055252589,-0.0218245672555252,-1.44757979550596,-2.22130162343055,-5188.8534218365,-0.373084631202662
1.716,-8.478125,-1.91949769556196,-1.69645032,50,-1.89694441048269,-1.68737611309177,-5113.00415947925,-0.0225532850792655,-1.57338479112057,-2.17012115443333,-5371.28666246188,-0.346112904441382
1.717,-8.37812499999998,-2.01553331692596,-1.64645031999999,50,-1.99220142720723,-1.63772104184927,-5112.96630391264,-0.0233318897187379,-1.69621155228565,-2.11734162934931,-5525.46937229395,-0.319321764640299
1.718,-8.278125,-2.10793199953309,-1.59645032,50,-2.08461563279054,-1.5881432842384,-5120.18484366726,-0.0233163667425404,-1.81597597656752,-2.06322543159872,-5661.47877851023,-0.29195602296557
1.719,-8.17812499999999,-2.19837233141869,-1.54645031999999,50,-2.17418954104458,-1.5385759615861,-5120.96427441229,-0.0241827903741186,-1.93260632738425,-2.00794182741744,-5769.03445405241,-0.265766004034454
1.72,-8.07812500000001,-2.2854554918174,-1.49645032,50,-2.2609254464804,-1.48907829752104,-5126.80914259401,-0.0245300453369979,-2.04604326839411,-1.95175440060767,-5862.61605030968,-0.239412223423281
1.721,-7.97812500000003,-2.36946123997777,-1.44645032000001,50,-2.34482600209828,-1.43960358204802,-5134.85548123287,-0.0246352378794915,-2.15623873752511,-1.89479311362387,-5941.95086640089,-0.213222502452659
1.722,-7.87812500000001,-2.45150863535397,-1.39645032000001,50,-2.42589194151581,-1.39013152606851,-5136.37455164115,-0.0256166938381479,-2.26315218510774,-1.83719023632687,-6000.5665794895,-0.188356450246218
1.723,-7.77812500000003,-2.52963932745356,-1.34645032000002,50,-2.50412513732331,-1.340722176328,-5147.07806977338,-0.0255141901302463,-2.36675233995314,-1.77913737892926,-6056.1392237462,-0.162886987500426
1.724,-7.67812500000002,-2.60525213887537,-1.29645032000001,50,-2.57952675888077,-1.29129093871278,-5155.06072300752,-0.0257253799945977,-2.46701424211468,-1.72066323513345,-6098.47301706281,-0.138237896760692
1.725,-7.578125,-2.67890659865889,-1.24645032,50,-2.65209627019001,-1.2418628791061,-5156.54361555278,-0.0268103284688894,-2.563917261606,-1.66189025536202,-6125.27636610814,-0.114989337052896
1.726,-7.47812500000002,-2.74808482245937,-1.19645032000001,50,-2.72183556627712,-1.1924977903804,-5171.43088152958,-0.0262492561822558,-2.65744838286949,-1.60296178289801,-6157.74689310136,-0.0906364395898723
1.727,-7.378125,-2.81530469622586,-1.14645032,50,-2.78874471944712,-1.14307225469524,-5178.76295786383,-0.0265599767787285,-2.74759721008992,-1.54382592071799,-6176.04950390587,-0.0677074861359387
1.728,-7.27812499999999,-2.88000669137719,-1.09645031999999,50,-2.85282226027868,-1.09365587348812,-5183.89600053887,-0.027184431098522,-2.83435560402512,-1.48461333510494,-6186.51744135801,-0.0456510873520782
1.729,-7.17812500000001,-2.94079198004335,-1.04645032,50,-2.91406929245683,-1.04426886367925,-5197.66958522029,-0.0267226875865226,-2.91772123706412,-1.42539622397504,-6200.83886665564,-0.023070742979228
1.73,-7.07812499999999,-2.9996189177588,-0.996450320199996,50,-2.97248522022822,-0.994831686756523,-5204.0536795732,-0.0271336975305871,-2.99769283448736,-1.36613914225464,-6203.72030683342,-0.00192608327143275
1.731,-6.97812500000001,-3.05536844827793,-0.946450320840006,50,-3.02806911903497,-0.945412403789976,-5212.57908668772,-0.0272993292429598,-3.07427112305272,-1.30694739976128,-6205.33147382966,0.0189026747748105
1.732,-6.878125,-3.1077608018098,-0.896450320999999,50,-3.08082144896505,-0.895991286966575,-5225.01573240303,-0.0269393528447634,-3.14746017831477,-1.24783258173242,-6207.99609509676,0.0396993765049573
1.733,-6.77812500000002,-3.15819480278664,-0.846450321000008,50,-3.1307410741793,-0.846532355733669,-5230.25867600026,-0.0274537286073474,-3.21726412665587,-1.18878487715584,-6201.0888683996,0.0590693238692213
1.734,-6.678125,-3.20499186500667,-0.796450321000001,50,-3.17782772572709,-0.797101850763079,-5242.00951071141,-0.0271641392795739,-3.28368933317531,-1.12989224300697,-6198.72641076251,0.07869746816865
1.735,-6.57812500000002,-3.24899128202912,-0.746450321000011,50,-3.22208131582747,-0.747639855395852,-5252.96505405465,-0.0269099662016639,-3.34674347804635,-1.0711126270513,-6193.96427920338,0.0977521960172141
1.736,-6.47812500000001,-3.2910323474133,-0.696450321000003,50,-3.26350025121936,-0.698153735122685,-5256.94251816225,-0.0275320961939529,-3.40643366417544,-1.0124679311107,-6180.92940845275,0.115401316762154
1.737,-6.37812500000003,-3.32887694500113,-0.646450321000013,50,-3.30208498986537,-0.648707725666152,-5271.81171840129,-0.0267919551357677,-3.462769796287,-0.95403405525971,-6177.7586592635,0.13389285128588
1.738,-6.27812500000001,-3.36448342459745,-0.596450321000005,50,-3.33783495753257,-0.599201560882078,-5281.19419140619,-0.0266484670648884,-3.51576134432743,-0.895719922808833,-6168.30346653275,0.151277919729981
1.739,-6.17812499999999,-3.39785178620227,-0.546450320999997,50,-3.37074815633076,-0.549685811901774,-5285.9255593711,-0.0271036298715211,-3.5654168201027,-0.837583165036378,-6153.59702715178,0.167565033900418
1.74,-6.07812500000001,-3.42702368344848,-0.496450321000007,50,-3.4008252633995,-0.500203283747112,-5301.41853560438,-0.0261984200489895,-3.61174776257871,-0.779671818480775,-6149.22151254868,0.184724079130233
1.741,-5.978125,-3.4542372279105,-0.446450320999999,50,-3.42806534434097,-0.450654918129743,-5309.21405028214,-0.0261718835695382,-3.65476435403307,-0.721890489246682,-6136.86286337619,0.200527126122565
1.742,-5.87812499999998,-3.47865312488313,-0.396450320999992,50,-3.45246665861736,-0.401111633744047,-5316.78663627231,-0.0261864662657602,-3.69447614217585,-0.664312420645289,-6124.11937474194,0.215823017292711
1.743,-5.778125,-3.4994320860783,-0.346450321000001,50,-3.47402955589139,-0.351575473658038,-5330.46796684245,-0.025402530186924,-3.73089486538633,-0.606940838145663,-6117.42802360255,0.231462779308023
1.744,-5.67812499999999,-3.51825269540601,-0.296450320999994,50,-3.4927528340147,-0.301990226378917,-5336.7141207657,-0.025499861391316,-3.76403075017293,-0.549719742029393,-6103.33416603152,0.24577805476692
1.745,-5.57812500000001,-3.53371612774644,-0.246450321000004,50,-3.50863564229751,-0.252424371616986,-5347.16177534158,-0.0250804854489356,-3.79389436309696,-0.492717002101758,-6093.54985043873,0.260178235350513
1.746,-5.47812499999999,-3.54610215036957,-0.196450320999996,50,-3.52167798363811,-0.202839225507837,-5359.06202710938,-0.0244241667314556,-3.82049706952514,-0.435892632124464,-6085.38948627598,0.274394919155575
1.747,-5.37812500000001,-3.5565298213544,-0.146450321008006,50,-3.53187837073297,-0.153221454058893,-5363.78647546877,-0.0246514506214378,-3.84384865337283,-0.379231415270932,-6070.27753814201,0.287318832018436
1.748,-5.278125,-3.56304078906265,-0.0964503210719979,50,-3.53923682699549,-0.103637125230789,-5377.13425212076,-0.0238039620671549,-3.86396028754429,-0.322797053226355,-6064.0569584879,0.300919498481645
1.749,-5.17812500000002,-3.5670338760931,-0.0464503211144078,50,-3.54375299429223,-0.0540068525671705,-5387.27618229952,-0.0232808818008634,-3.88084261637505,-0.266507393775766,-6054.93457132289,0.313808740281939
1.75,-5.078125,-3.56906861148526,0.00354967886,50,-3.54542508721019,-0.00436020106853584,-5390.49967463913,-0.0236435242750529,-3.89450468908969,-0.210388909259242,-6039.22702682764,0.325436077604439
1.751,-4.97812500000002,-3.56662711089439,0.0535496788855901,50,-3.5442539914661,0.0452391542498004,-5406.76659163184,-0.0223731194282942,-3.90495804127655,-0.154501917803076,-6036.91959896522,0.338330930382157
1.752,-4.878125,-3.56222726026951,0.103549678927998,50,-3.54023897709865,0.0949112862037262,-5415.16761591787,-0.0219882831708615,-3.91221239448909,-0.0987227795200014,-6027.12135889767,0.349985134219581
1.753,-4.77812500000002,-3.55530953102949,0.153549678991988,50,-3.53337795068468,0.144583715776555,-5421.10262441123,-0.0219315803447959,-3.91627589775267,-0.0431202427098869,-6015.24625154153,0.360966366723177
1.754,-4.67812500000001,-3.54447509851287,0.203549678999996,50,-3.52367154512965,0.194233755161685,-5435.44919685655,-0.0208035533832265,-3.91715920912484,0.0122868591804956,-6012.18221523953,0.372684110611961
1.755,-4.57812500000003,-3.53168231321206,0.253549678999986,50,-3.51111882534588,0.243938825452264,-5442.21041287534,-0.0205634878661843,-3.91487119527249,0.0675798909289695,-6001.93951027889,0.383188882060443
1.756,-4.47812500000001,-3.51581211567291,0.303549678999994,50,-3.49571863993934,0.293629056071266,-5450.94583842385,-0.0200934757335632,-3.90942027888224,0.122692985592595,-5994.08216737143,0.393608163209342
1.757,-4.378125,-3.49658474389669,0.353549679000001,50,-3.47747131817781,0.343322632747856,-5463.45028211979,-0.0191134257188754,-3.90081613291224,0.177648367404744,-5990.40714544174,0.404231389015539
1.758,-4.27812500000002,-3.47539902048219,0.403549678999991,50,-3.45637567513025,0.393054225262598,-5468.64050137359,-0.0190233453519331,-3.88906668434518,0.232484758173331,-5979.83138641637,0.413667663862977
1.759,-4.178125,-3.45057635831085,0.453549678999999,50,-3.43243146207895,0.442756483826079,-5480.23690608973,-0.018144896231902,-3.87418056434424,0.287138855553193,-5976.07382155046,0.423604206033381
1.76,-4.07812499999999,-3.42295605094196,0.503549679000007,50,-3.40563867001494,0.492488390812174,-5490.95261925383,-0.0173173809270197,-3.85616641244941,0.34167366948535,-5971.84469451683,0.433210361507437
1.761,-3.97812500000001,-3.39337739193478,0.553549678999997,50,-3.37599583364085,0.54224179790355,-5494.6189798726,-0.0173815582939325,-3.8350311820873,0.396085046487202,-5960.97129187509,0.441653790152522
1.762,-3.87812499999999,-3.35960226513126,0.603549679000005,50,-3.34350357997756,0.591951817731627,-5509.11803194204,-0.016098685153705,-3.81078369136111,0.450312050550398,-5961.33062909578,0.451181426229859
1.763,-3.77812500000001,-3.3235890221697,0.653549678999995,50,-3.30816153793506,0.64171817830801,-5518.08187331201,-0.0154274842346493,-3.78343153536764,0.504458308659726,-5956.54896993084,0.459842513197951
1.764,-3.67812499999999,-3.28533766305008,0.703549679000003,50,-3.26996794079141,0.691489868366103,-5522.35526302185,-0.0153697222586848,-3.75298069188783,0.558476648804667,-5947.46458112744,0.467643028837748
1.765,-3.57812500000001,-3.24288983269639,0.753549678999993,50,-3.22892371964463,0.741223727489937,-5537.35886212129,-0.0139661130517547,-3.719439618431,0.612327684145393,-5949.49110048653,0.476549785734598
1.766,-3.478125,-3.19848365185031,0.803549679000001,50,-3.18502821230746,0.791018532243843,-5544.64031221633,-0.0134554395428577,-3.68281496502981,0.666113894359443,-5944.16872511094,0.484331313179496
1.767,-3.37812500000002,-3.15127982809852,0.853549678999991,50,-3.13827996481288,0.840803144391256,-5551.67997097449,-0.0129998632856424,-3.64311237989093,0.719767770094207,-5938.97004134717,0.491832551792409
1.768,-3.278125,-3.10043906261051,0.903549678999999,50,-3.0886796244283,0.890575355250415,-5564.81460840011,-0.0117594381822023,-3.60033940674506,0.773290654430955,-5940.2238022192,0.499900344134547
1.769,-3.17812500000002,-3.04763994479668,0.953549679159989,50,-3.03622629474838,0.940391257847058,-5570.50455039995,-0.0114136500482936,-3.55450184441979,0.826742112897004,-5934.38214059772,0.506861899623122
1.77,-3.07812500000001,-2.99148365274575,1.0035496798,50,-2.98091943648934,0.990182293261074,-5580.39012345631,-0.0105642162564117,-3.50560565221817,0.880056978315512,-5933.07707343166,0.514121999472417
1.771,-2.97812499999999,-2.93224995097751,1.05354968,50,-2.92275936752861,1.03998709984232,-5591.72555716704,-0.00949058344890782,-3.45365745461253,0.933277199074695,-5933.55445511766,0.521407503635017
1.772,-2.87812500000001,-2.871057897571,1.10354967999999,50,-2.8617449173218,1.0898189949635,-5595.88511035239,-0.00931298024919352,-3.39866220035651,0.986419320403211,-5927.18014685049,0.527604302785507
1.773,-2.778125,-2.80594914088789,1.15354968,50,-2.79787642629203,1.13961191853655,-5608.67016404995,-0.00807271459586511,-3.34062616658535,1.03942042780761,-5929.74714627893,0.53467702569747
1.774,-2.67812499999998,-2.73832250352698,1.20354968000001,50,-2.73115385227204,1.18944528557208,-5618.2534316623,-0.00716865125492832,-3.27955506996384,1.09236299989028,-5929.419828598,0.541232566436869
1.775,-2.578125,-2.66873751452779,1.25354968,50,-2.66157572368262,1.23928957695073,-5620.92390394431,-0.00716179084517095,-3.21545302454756,1.14522049966355,-5922.47891753017,0.546715510019784
1.776,-2.47812499999998,-2.59467629321249,1.30354968000001,50,-2.58914323703048,1.28908117802275,-5636.64473089476,-0.00553305618202562,-3.14832664392579,1.19793221393035,-5928.87938891518,0.553650350713298
1.777,-2.378125,-2.51865671865465,1.35354968,50,-2.51385596934901,1.33894023372104,-5644.50773675782,-0.00480074930562829,-3.07818075825667,1.25062110937677,-5927.70500369598,0.559524039602019
1.778,-2.27812499999999,-2.44011926135632,1.40354968000001,50,-2.43571212978003,1.38879434753695,-5649.91368670498,-0.00440713157628614,-3.00501867038271,1.30321753269124,-5924.34858937176,0.564899409026404
1.779,-2.17812500000001,-2.35766510399001,1.45354968,50,-2.35471264883619,1.43862092221595,-5663.74081575677,-0.00295245515383069,-2.92884624955751,1.35570155253779,-5929.68058091229,0.571181145567503
1.78,-2.07812499999999,-2.27325259429782,1.50354968,50,-2.27085688368005,1.48849747529148,-5669.99279311553,-0.0023957106177751,-2.84966764111284,1.40815327647575,-5927.69699469152,0.576415046815029
1.781,-1.97812500000001,-2.18576267236734,1.55354967999999,50,-2.1841439694911,1.53835423790144,-5678.2296265031,-0.00161870287623519,-2.76748662213186,1.46050545124838,-5927.95034036084,0.581723949764525
1.782,-1.878125,-2.09491557619976,1.60354968,50,-2.0945745161709,1.58820950139652,-5690.24645274609,-0.000341060028872818,-2.68230830237411,1.51277881093026,-5932.22841719574,0.587392726174354
1.783,-1.77812500000002,-2.00211012839392,1.65354967999999,50,-2.00214761328869,1.63809804403462,-5694.96026342582,3.74848947653709e-05,-2.59413613335142,1.56501050521152,-5929.44104398257,0.592026004957502
1.784,-1.678125,-1.90566774183122,1.70354968,50,-1.90686328035483,1.68795262648988,-5706.0916221682,0.00119553852362326,-2.50297436263943,1.61713559653308,-5933.30177924177,0.597306620808216
1.785,-1.57812500000002,-1.80642771007099,1.75354967999999,50,-1.80872177022377,1.73783234284277,-5716.35373703626,0.00229406015277429,-2.40882734122484,1.66921541272748,-5936.51699543675,0.602399631153834
1.786,-1.47812500000001,-1.70522932667244,1.80354968,50,-1.70772187304373,1.7877291570921,-5719.5779737302,0.002492546371287,-2.31169783130432,1.72124408519577,-5932.91139303992,0.60646850463186
1.787,-1.37812500000003,-1.59983447547759,1.85354967999999,50,-1.60386446484392,1.83757829425692,-5733.64635345358,0.004029989366318,-2.21159055862546,1.77315894167968,-5940.36049845879,0.611756083147877
1.788,-1.27812500000001,-1.49220150812466,1.90354968,50,-1.4971494171143,1.8874795943526,-5742.19090951212,0.00494790898964676,-2.10850912572465,1.8250618619059,-5942.49002000973,0.616307617599996
1.789,-1.17812499999999,-1.38233042461367,1.95354968,50,-1.38757519931754,1.93738215734886,-5746.0563013397,0.00524477470385856,-2.00245561800169,1.87690392420404,-5940.13846074688,0.620125193388002
1.79,-1.07812500000001,-1.26826287330639,2.00354967999999,50,-1.27514297239413,1.9872429329773,-5760.66303534658,0.00688009908774187,-1.89343470069293,1.92864399696039,-5948.72033762817,0.625171827386544
1.791,-0.978124999999999,-1.15223696898568,2.05354968,49.680267728,-1.15985229773388,2.03716080635637,-5732.80514095796,0.00761532874819662,-1.78144933121709,1.98038282587128,-5949.77736330022,0.629212362231414
1.792,-0.878124999999983,-1.03341341717558,2.10354968000001,48.8276483359999,-1.0417110984144,2.08674501440333,-5652.24040411212,0.00829768123881738,-1.66650156404021,2.03205118423354,-5950.78407225774,0.633088146864614
1.793,-0.778125000000003,-0.911001380274335,2.1524672532,44.8804643800001,-0.920752368681098,2.13551117134884,-5236.64533686917,0.00975098840675813,-1.54859544695962,2.08364871836275,-5939.50165813162,0.637594066685279
1.794,-0.678124999999987,-0.786753494007464,2.19931421000001,39.484762763999,-0.797111243874713,2.18037826613245,-4688.0080383638,0.0103577498672518,-1.42773827368856,2.1350624781041,-5888.11847798841,0.640984779681082
1.795,-0.578125000000007,-0.659482395476264,2.24069869,31.8858990200005,-0.671046015354736,2.22012835377289,-3898.57912730442,0.0115636198784758,-1.30395113454483,2.18592382126053,-5754.84743565609,0.644468739068564
1.796,-0.478124999999991,-0.530029543859949,2.2739203252,24.3084947799994,-0.5429131019959,2.25255408279574,-3098.23494857849,0.0128835581359485,-1.1772872385506,2.23548023574562,-5501.01369574067,0.647257694690651
1.797,-0.378125000000011,-0.39932089955156,2.3019535204,16.7432364928009,-0.413134710236475,2.27756638549433,-2333.71259802683,0.0138138106849038,-1.04785307024213,2.28262456738102,-5189.12298767982,0.648532170690555
1.798,-0.278124999999996,-0.266763648032585,2.3196403236,9.19471963519968,-0.282125827707076,2.29550631349866,-1520.57688814578,0.0153621796745011,-0.915802026208394,2.32682643078824,-4746.93624574394,0.649038378175812
1.799,-0.178125000000016,-0.133612704315572,2.3306926868,1.64982818280118,-0.150304170150932,2.30593758608368,-720.896419861734,0.0166914658353548,-0.781336907701205,2.36689166328136,-4249.08343537792,0.647724203385626
1.8,-0.078125,0,2.33658493,-5.89224351,-0.0180960721459757,2.30899562988798,40.6881598250519,0.0180960721459741,-0.644709213911036,2.40231454880875,-3729.76552335416,0.644709213911035
1.801,0.0218749999999801,0.133612704315524,2.3306926868,-13.4407603675985,0.114086379394527,2.30504235559126,883.065642468557,0.0195263249209955,-0.506190382940987,2.43290480407296,-3079.33380767826,0.639803087256503
1.802,0.121874999999996,0.266763648032585,2.3196403236,-20.9976479399997,0.245820483041911,2.29334533602938,1682.99700413389,0.0209431649906759,-0.366091645950754,2.45746367265728,-2428.24423899215,0.632855293983329
1.803,0.221875000000011,0.39932089955156,2.3019535204,-28.5652978600009,0.376674085854406,2.2743070783205,2470.05876830423,0.0226468136971594,-0.224758481506757,2.47599445096339,-1753.2449178343,0.624079381058321
1.804,0.321874999999991,0.530029543859949,2.2739203252,-36.1602598759994,0.506230283770463,2.24805736168071,3316.95284604788,0.0237992600894852,-0.0825423077361243,2.48828651280847,-988.667291242614,0.612571851596061
1.805,0.421875000000007,0.659482395476264,2.24069869,-42.8411394000003,0.63406044140887,2.21405690658646,4017.86540071548,0.0254219540673839,0.060176090953091,2.49352540779305,-242.269187625362,0.599306304523167
1.806,0.521875000000023,0.786753494007509,2.19931420999999,-47.5024536400011,0.759759293309376,2.17366075669467,4529.3618093318,0.0269942006981351,0.202997702463742,2.49188931993713,542.928064397435,0.583755791543756
1.807,0.621875000000003,0.911001380274335,2.1524672532,-49.307246744,0.883010599779332,2.12862145387594,4748.46533553531,0.0279907804950042,0.345518698646875,2.48303195329877,1318.96182268078,0.565482681627461
1.808,0.721875000000018,1.03341341717563,2.10354967999999,-50,1.00362559716738,2.08163620953551,4842.78852569507,0.0297878200082372,0.487328066496666,2.46704880500249,2018.39939151467,0.546085350678959
1.809,0.821874999999999,1.15223696898568,2.05354968,-50,1.12152576482363,2.03385601897434,4873.20031265191,0.0307112041620547,0.628038032949782,2.4446556049528,2646.89450818018,0.524198936035896
1.81,0.921875000000014,1.26826287330639,2.00354967999999,-50,1.23668243551054,1.98587009926853,4900.5578658593,0.0315804377958574,0.767300311361949,2.41651495928987,3188.84232445613,0.500962561944454
1.811,1.02187499999999,1.38233042461367,1.95354968,-50,1.34908463592728,1.93770686824876,4918.9621403627,0.0332457886863985,0.904808663024626,2.38343201171797,3649.19382550285,0.47752176158905
1.812,1.12187500000001,1.49220150812466,1.90354968,-50,1.45872457448865,1.88944897091163,4946.53071335917,0.0334769336360026,1.04030163992909,2.34616510890518,4055.52946013372,0.451899868195553
1.813,1.22187499999999,1.59983447547756,1.85354968000001,-50,1.56559441606991,1.84101224244382,4967.10147521793,0.0342400594076423,1.17355394133707,2.30521768195315,4399.93948363007,0.426280534140492
1.814,1.32187500000001,1.70522932667244,1.80354968,-50,1.66968576669008,1.79246133989602,4981.69900243262,0.0355435599823574,1.30437117333018,2.26116515129673,4690.64450770827,0.40085815334226
1.815,1.42187499999999,1.80642771007096,1.75354968000001,-50,1.7709936640353,1.7438513939968,5005.90107016855,0.0354340460356629,1.43258971897204,2.2145064158413,4949.49657401994,0.373837991098913
1.816,1.521875,1.90566774183122,1.70354968,-50,1.86951219641415,1.69509413449056,5021.39269908938,0.0361555454170735,1.55806876463784,2.16553856241576,5163.65064099573,0.347598977193388
1.817,1.62187499999998,2.00211012839388,1.65354968000001,-50,1.96523522564841,1.64626992575048,5035.77430735623,0.0368749027454642,1.68068789077899,2.11467639174686,5345.4752326877,0.321422237614894
1.818,1.721875,2.09491557619976,1.60354968,-50,2.05815921136004,1.59738908373788,5055.48758241889,0.0367563648397175,1.80034716590352,2.06222027119892,5505.56776500779,0.294568410296239
1.819,1.82187499999998,2.18576267236731,1.55354968000001,-50,2.1482795059991,1.54840264489984,5067.08464872229,0.0374831663682193,1.91696106190303,2.00837260634049,5634.1017845015,0.268801610464267
1.82,1.92187499999999,2.27325259429782,1.50354968,-50,2.23559220311482,1.499385442032,5082.28610525937,0.0376603911830173,2.0304582285321,1.95342589238325,5745.9531415925,0.242794365765712
1.821,2.02187500000001,2.35766510399001,1.45354968,-50,2.32009459144899,1.45030436242846,5098.4164387372,0.037570512541,2.14078014061059,1.89753531334741,5841.19486789562,0.216884963379409
1.822,2.12187499999999,2.44011926135632,1.40354968000001,-50,2.40178276915531,1.40115095943031,5106.91133075059,0.0383364922010229,2.24787713820868,1.84085514082708,5913.65637907531,0.192242123147641
1.823,2.221875,2.51865671865465,1.35354968,-50,2.48065460802137,1.35199559120029,5123.62590853074,0.0380021106332643,2.35171001998033,1.7835961766713,5981.27701559353,0.166946698674304
1.824,2.32187500000002,2.59467629321252,1.30354967999999,-50,2.55670782914977,1.30276263967545,5136.78001413294,0.0379684640627527,2.45224692517215,1.725803854054,6034.09083653619,0.142429368040382
1.825,2.421875,2.66873751452779,1.25354968,-50,2.62993892919031,1.25348498145393,5142.70386932766,0.0387985853374803,2.54946122077169,1.66761522238408,6070.00677721643,0.119276293756112
1.826,2.52187500000002,2.738322503527,1.20354967999999,-50,2.70034725423214,1.20422920413486,5161.39673890359,0.0379752492948586,2.64333467115588,1.609186356439,6110.39741341314,0.0949878323711276
1.827,2.621875,2.80594914088789,1.15354968,-50,2.76793069157813,1.15487779887054,5171.98210099896,0.0380184493097566,2.73385234322869,1.55047646138312,6135.58039958592,0.0720967976592101
1.828,2.72187500000001,2.871057897571,1.10354967999999,-50,2.8326859032163,1.1055055029531,5179.88848562665,0.0383719943547168,2.82100215582418,1.49162588319178,6152.02222989248,0.0500557417468115
1.829,2.82187499999999,2.93224995097751,1.05354968,-50,2.8946123992009,1.05613699535576,5196.0185283722,0.0376375517766129,2.90477835846354,1.43271525855782,6171.52729461166,0.0274715925139773
1.83,2.92187500000001,2.99148365274575,1.0035496798,-50,2.95370822898633,1.00669661255193,5204.39724912568,0.0377754237594255,2.98517670605749,1.37371649879663,6178.90361333247,0.00630694668825722
1.831,3.02187499999999,3.04763994479666,0.953549679160006,-50,3.00997132056112,0.957255778110519,5214.60342409746,0.0376686242355216,3.06219534940818,1.31474132498084,6184.40943738602,-0.014555404611511
1.832,3.121875,3.10043906261051,0.903549678999999,-50,3.06340116642351,0.907797680152751,5228.44869770679,0.0370378961870162,3.13583613183209,1.25580690910317,6190.44565111569,-0.0353970692215821
1.833,3.22187499999998,3.15127982809851,0.853549679000009,-50,3.11399581909045,0.858288865729612,5234.86458584833,0.0372840090080647,3.20610124698742,1.19690830840379,6186.4543704761,-0.0548214188888998
1.834,3.321875,3.19848365185031,0.803549679000001,-50,3.16175433306776,0.808797763797926,5247.58444405809,0.0367293187825581,3.27299538819467,1.13813772031739,6186.61102807426,-0.074511736344357
1.835,3.42187500000001,3.24288983269639,0.753549678999993,-50,3.20667606094188,0.759266350378705,5259.33268793687,0.0362137717545049,3.33652479111896,1.07945678539261,6184.02242015431,-0.093634958422559
1.836,3.52187499999999,3.28533766305008,0.703549679000003,-50,3.24875895090396,0.709703626806599,5263.95061398398,0.0365787121461195,3.39669531207088,1.02089062110983,6172.86022791105,-0.111357649020798
1.837,3.62187500000001,3.3235890221697,0.653549678999995,-50,3.28800308967541,0.660175240536396,5279.32903296138,0.0355859324942784,3.45351578148643,0.962517926550331,6171.30036857534,-0.129926759316724
1.838,3.72187500000003,3.35960226513127,0.603549678999987,-50,3.32440760707219,0.61058214181032,5289.10768194573,0.0351946580590806,3.50699474497686,0.904250060373285,6163.22826753389,-0.147392479845587
1.839,3.82187500000001,3.39337739193478,0.553549678999997,-50,3.35797027409586,0.560975948816613,5294.13806131068,0.0354071178389189,3.55713992048147,0.846146772718395,6149.70680690372,-0.163762528546694
1.84,3.92187500000002,3.42295605094197,0.503549678999989,-50,3.3886915925383,0.511400365931889,5309.84673593322,0.0342644584036657,3.6039621665834,0.788257942597167,6146.34408515403,-0.181006115641429
1.841,4.021875,3.45057635831085,0.453549678999999,-50,3.4165705004926,0.461757105394109,5317.78660554185,0.0340058578182506,3.64747108382823,0.730489777202724,6134.84857586069,-0.196894725517368
1.842,4.12187500000002,3.47539902048219,0.403549678999991,-50,3.44160517087085,0.412117745109763,5325.44263322993,0.0337938496113523,3.68767572391975,0.672916911150142,6122.83824720738,-0.212276703437558
1.843,4.221875,3.49658474389669,0.353549679000001,-50,3.46379590177746,0.362484890379127,5339.15560185756,0.0327888421192332,3.72458740369998,0.615543778063551,6116.76727531114,-0.228002659803294
1.844,4.32187500000001,3.51581211567291,0.303549678999994,-50,3.48314146929343,0.31280280726195,5345.38943528634,0.0326706463794675,3.75821599277556,0.55831542627469,6103.19594361101,-0.242403877102654
1.845,4.42187499999999,3.53168231321205,0.253549679000004,-50,3.49964102623118,0.26314038010606,5355.78762417797,0.0320412869808661,3.78857175687413,0.501300634682743,6093.84931630766,-0.256889443662084
1.846,4.52187500000001,3.54447509851287,0.203549678999996,-50,3.51329460036156,0.213459266374458,5367.60723227807,0.0311804981513057,3.8156658091451,0.444460204988954,6086.0532038928,-0.27119071063223
1.847,4.62187499999999,3.55530953102948,0.153549678992006,-50,3.52410074722233,0.163746417974619,5372.2249790919,0.0312087838071593,3.83950772339232,0.387779602195407,6071.24195343696,-0.284198192362839
1.848,4.72187499999997,3.56222726026951,0.103549678928016,-50,3.53205954808688,0.114068141219113,5385.44443237166,0.0301677121826258,3.86010849883954,0.331323117840384,6065.26712913122,-0.297881238570022
1.849,4.82187499999998,3.56662711089439,0.0535496788856078,-50,3.53717071515858,0.0643452468224042,5395.44024321334,0.0294563957357935,3.87747863764192,0.275009109419724,6056.34304388447,-0.310851526747525
1.85,4.921875,3.56906861148526,0.00354967886,-50,3.53943254364122,0.0146074614522667,5398.50314772087,0.0296360678440395,3.89162707405161,0.218864489296387,6040.7928903636,-0.322558462566355
1.851,5.02187499999998,3.5670338760931,-0.04645032111439,-50,3.53884600824692,-0.0350814090720164,5414.59788685308,0.0281878678461807,3.90256525215201,0.162949954746632,6038.60764442004,-0.335531376058905
1.852,5.121875,3.56304078906265,-0.0964503210719979,-50,3.53541047473994,-0.0848413334470031,5422.81762567073,0.027630314322709,3.91030282219577,0.10714219198811,6028.90134073169,-0.347262033133127
1.853,5.22187500000001,3.5565298213544,-0.146450321008006,-50,3.52912395072928,-0.134599751536331,5428.56436654153,0.0274058706251326,3.91484787926918,0.0515102292557971,6017.09223145564,-0.35831805791479
1.854,5.32187499999999,3.54610215036957,-0.196450320999996,-50,3.51998717423666,-0.184333914093632,5442.71749814216,0.0261149761328939,3.91621104238217,-0.00392686012894133,6014.07198390645,-0.370108892012612
1.855,5.42187500000001,3.53371612774644,-0.246450321000004,-50,3.50799931833139,-0.234121197509695,5449.28165295959,0.025716809415066,3.91440115190436,-0.0592502357476808,6003.8541023339,-0.380685024157904
1.856,5.52187499999999,3.51825269540601,-0.296450320999994,-50,3.49315934192641,-0.283891700860783,5457.81772410405,0.0250933534796056,3.90942661511787,-0.114393855623744,5996.00543540015,-0.391173919711871
1.857,5.621875,3.4994320860783,-0.346450321000001,-50,3.47546768598409,-0.333663591786206,5470.1217017125,0.0239644000942108,3.9012970988546,-0.169379795153208,5992.32543906078,-0.401865012776309
1.858,5.72187499999998,3.47865312488313,-0.396450320999992,-50,3.45492327799226,-0.383471532874692,5475.11128839872,0.0237298468908605,3.89002053183398,-0.22424665051008,5981.73316252214,-0.411367406950863
1.859,5.821875,3.4542372279105,-0.446450320999999,-50,3.43152598181466,-0.433248175852005,5486.50768888169,0.0227112460958315,3.87560555359328,-0.278931013296993,5977.94935957901,-0.421368325682783
1.86,5.92187499999998,3.42702368344849,-0.496450320999989,-50,3.40527590072761,-0.483052511917146,5497.02475938515,0.0217477827208798,3.85806081763783,-0.33349580433451,5973.68591718491,-0.431037134189335
1.861,6.02187499999999,3.39785178620227,-0.546450320999997,-50,3.37617168102046,-0.532876408310018,5500.4944055535,0.0216801051818089,3.83739329602877,-0.387936796275893,5962.77149546016,-0.439541509826494
1.862,6.12187499999997,3.36448342459747,-0.596450320999987,-50,3.34421406026083,-0.582654998408229,5514.79911715659,0.020269364336629,3.81361182937062,-0.442192991999899,5963.08427217593,-0.449128404773149
1.863,6.22187499999999,3.32887694500114,-0.646450320999995,-50,3.30940277660022,-0.632488035038537,5523.57143350352,0.0194741684009104,3.78672403845399,-0.496367968166317,5958.25158979054,-0.457847093452847
1.864,6.32187500000001,3.2910323474133,-0.696450321000003,-50,3.27173617102111,-0.68232453577246,5527.65643636172,0.0192961763921772,3.75673592935045,-0.550414512441733,5949.11260546174,-0.465703581937136
1.865,6.42187499999999,3.24899128202914,-0.746450320999993,-50,3.2312152805899,-0.73212137195654,5542.47500776726,0.0177760014392225,3.72365598993386,-0.604293205917696,5951.08168458583,-0.474664707904722
1.866,6.521875,3.20499186500667,-0.796450321000001,-50,3.187839547211,-0.781977353901467,5549.57503678097,0.0171523177956646,3.68749090224562,-0.658106502946713,5945.69972467647,-0.482499037238956
1.867,6.62187500000002,3.15819480278664,-0.846450321000008,-50,3.14160761901182,-0.831821379341304,5556.43705035,0.0165871837748306,3.64824634776642,-0.711786875334169,5940.43988715367,-0.490051544979768
1.868,6.721875,3.1077608018098,-0.896450320999999,-50,3.0925202432502,-0.881651277066545,5569.39789859132,0.0152405585596053,3.60592990442813,-0.765335652639215,5941.63136945817,-0.498169102618338
1.869,6.82187500000001,3.05536844827793,-0.946450320840006,-50,3.04057662134479,-0.931523178254132,5574.91801807471,0.0147918269331358,3.56054740591658,-0.81881239097664,5935.7267429002,-0.505178957638665
1.87,6.92187499999999,2.9996189177588,-0.996450320199996,-50,2.98577630962245,-0.981368563094126,5584.63780267294,0.0138426081363552,3.51210484681635,-0.872151917805308,5934.35838741008,-0.512485929057552
1.871,7.02187500000001,2.94079198004335,-1.04645032,-50,2.92811971931434,-1.03122610960592,5595.81150631381,0.0126722607290284,3.46060888709276,-0.925396179496882,5934.77244891718,-0.519816907049416
1.872,7.12187499999999,2.88000669137719,-1.09645031999999,-50,2.86760577095226,-1.08110917499412,5599.81340659633,0.0124009204249158,3.40606451103105,-0.9785617219487,5928.33504953385,-0.526057819653851
1.873,7.221875,2.81530469622586,-1.14645032,-50,2.80423489375015,-1.13095173911356,5612.44490114477,0.0110698024757036,3.34847803119101,-1.03158563373539,5930.83942348223,-0.533173334965149
1.874,7.32187499999998,2.74808482245939,-1.19645031999999,-50,2.73800713204042,-1.18083325700847,5621.8786392119,0.0100776904189569,3.28785519942398,-1.08455039869914,5930.45008218924,-0.539770376964581
1.875,7.421875,2.67890659865889,-1.24645032,-50,2.66892109846843,-1.23072424894086,5624.4035842838,0.00998550019045727,3.22420016463621,-1.1374294863373,5923.44790511955,-0.545293565977319
1.876,7.52187499999998,2.6052521388754,-1.29645031999999,-50,2.59697807151802,-1.28056113933041,5639.98288357429,0.00827406735737381,3.15751957485527,-1.19016219136057,5929.78803292457,-0.552267435979875
1.877,7.62187499999999,2.52963932745359,-1.34645032,-50,2.52217770796369,-1.33046411209333,5647.70826415672,0.00746161948990258,3.08781829418152,-1.24287148986687,5928.55428327584,-0.558178966727929
1.878,7.72187499999998,2.451508635354,-1.39645031999999,-50,2.44451829448209,-1.38036080874983,5652.98042963112,0.00699034087190814,3.01509965884581,-1.29548773846371,5925.13956380676,-0.563591023491797
1.879,7.82187499999999,2.3694612399778,-1.44645032,-50,2.36400083695976,-1.43022866944887,5666.67759073387,0.00546040301804444,2.9393695709011,-1.34799101645612,5930.41441603908,-0.569908330923313
1.88,7.92187499999997,2.28545549181743,-1.49645031999999,-50,2.28062476579813,-1.48014524884598,5672.80332093847,0.00483072601930309,2.86063220784128,-1.40046144300817,5928.37488174178,-0.575176716023847
1.881,8.02187499999999,2.19837233141869,-1.54645031999999,-50,2.19438928731551,-1.5300408142629,5680.91754946245,0.0039830441031729,2.77889137824046,-1.45283177668353,5928.57350449531,-0.580519046821766
1.882,8.121875,2.10793199953309,-1.59645032,-50,2.10529508050138,-1.57993369245585,5692.81531514469,0.00263691903169796,2.69415222266352,-1.50512276367103,5932.79809022629,-0.586220223130444
1.883,8.22187499999998,2.01553331692596,-1.64645031999999,-50,2.01334130201174,-1.62985869613187,5697.41354703553,0.00219201491422219,2.60641822273231,-1.55737156581742,5929.95849282362,-0.590884905806349
1.884,8.321875,1.91949769556196,-1.69645032,-50,1.91852803648789,-1.67974861978559,5708.43273526041,0.000969659074072412,2.51569365542722,-1.60951325802438,5933.76828863036,-0.596195959865252
1.885,8.42187500000001,1.82066442670858,-1.74645032000001,-50,1.82085559999835,-1.72966259058932,5718.58602257418,-0.000191173289765702,2.42198290042164,-1.66160918072984,5936.93387042755,-0.60131847371307
1.886,8.52187499999999,1.71987280484185,-1.79645032,-50,1.72032284402807,-1.77959260498159,5721.70468219071,-0.000450039186212977,2.3252887478719,-1.71365347810765,5933.27992667,-0.605415943030061
1.887,8.62187500000001,1.61488471517874,-1.84645032,-50,1.61693070411012,-1.82947391952003,5735.67064080498,-0.00204598893138838,2.22561595075714,-1.76558349054194,5940.68196504598,-0.610731235578395
1.888,8.72187499999999,1.50765851119108,-1.89645031999999,-50,1.51067910945765,-1.87940640484018,5744.11583586259,-0.00302059826656701,2.12296813812644,-1.81750111021003,5942.76566954586,-0.615309626935354
1.889,8.82187500000001,1.39819419287881,-1.94645032,-50,1.40156658552869,-1.92933919060261,5747.88484736682,-0.00337239264988222,2.01734742118589,-1.86935742764902,5940.36953144278,-0.619153228307082
1.89,8.92187499999999,1.28453340333249,-1.99645031999999,-50,1.2895943475802,-1.97922925545295,5762.39814230207,-0.00506094424771265,1.90875849028236,-1.92111132332544,5948.90809236855,-0.624225086949878
1.891,9.021875,1.16891426054356,-2.04645032,-50,1.1747620096735,-2.02917551301618,5769.20314941383,-0.00584774912992685,1.79720432724693,-1.97286355522408,5949.92301730695,-0.628290066703375
1.892,9.12187499999998,1.05049747026528,-2.09645031999999,-50,1.05706838629936,-2.07910695994561,5775.77998471351,-0.00657091603407184,1.68268701026708,-2.0245449084727,5950.88881794831,-0.632189540001791
1.893,9.221875,0.928443744209514,-2.14645032,-50,0.936514385524028,-2.12902152001706,5788.46506719969,-0.00807064131450335,1.56521061019023,-2.07615504098969,5958.13646596384,-0.636766865980714
1.894,9.32187499999998,0.80443166720305,-2.19645031999999,-50,0.813099364250141,-2.17897541527927,5793.71848411565,-0.00866769704710279,1.44477754885384,-2.12775185616303,5958.12075557005,-0.640345881650777
1.895,9.42187499999999,0.67706241595947,-2.24645032,-50,0.686823029178063,-2.22890021343945,5803.1802818911,-0.00976061321859322,1.32139050302914,-2.17926855173722,5962.47659158706,-0.644328087069669
1.896,9.52187500000001,0.546615753738069,-2.29645032,-50,0.557685936993576,-2.27883467670202,5814.10442288804,-0.0110701832555012,1.19505290750604,-2.23074547012463,5968.45294314281,-0.648437153767975
1.897,9.62187499999999,0.414210739259629,-2.34645031999999,-48.0000000000018,0.42568714894024,-2.3287922436437,5600.47355249389,-0.0114764096806162,1.06576661247916,-2.28219758172285,5967.41891195871,-0.651555873219533
1.898,9.721875,0.277889021183704,-2.39645032,-31.9999999999993,0.290884526150991,-2.37670697234899,3907.81063938173,-0.0129955049672877,0.93353488583189,-2.3335604294612,5975.17086675864,-0.655645864648182
1.899,9.82187500000002,0.139678892496292,-2.43238782000001,-6.99999999999363,0.153784838475879,-2.40897493442417,1837.81063938172,-0.0141059459795774,0.798360522403348,-2.38491498276971,5738.6243571683,-0.658681629907059
1.9,9.921875,-3.36691530453939e-15,-2.45738782,25,0.0153833360068773,-2.42214888115812,-232.189360618278,-0.0153833360068872,0.660308384507428,-2.43401370863237,5345.48449461207,-0.66030838450744
1.901,-9.97812499999998,-0.139678892496344,-2.43238782,41.0000000000025,-0.123226822618038,-2.41625840827464,-2302.18936061828,-0.0164520698783029,0.519548893203642,-2.47941944473442,4153.15549113172,-0.659227785699987
1.902,-9.878125,-0.277889021183704,-2.39645032,50,-0.260954173156777,-2.39133306562412,-4372.18936061828,-0.0169348480269311,0.376504111992809,-2.51378537511349,2934.39175869365,-0.654393133176518
1.903,-9.77812499999999,-0.414210739259629,-2.34645031999999,50,-0.396708943136826,-2.34740235725472,-5319.53189926802,-0.0175017961228005,0.231813052088085,-2.53688541196205,1642.07883363159,-0.646023791347714
1.904,-9.67812500000001,-0.546615753738069,-2.29645032,50,-0.529698937491127,-2.29482419012771,-5280.55449414402,-0.0169168162469356,0.086140086056187,-2.54806036484292,513.606106589378,-0.632755839794258
1.905,-9.57812499999999,-0.67706241595947,-2.24645032,50,-0.659689032375222,-2.24268611128688,-5241.16773983435,-0.0173733835842511,-0.0598752404639209,-2.54883604745803,-457.206306574882,-0.617187175495561
1.906,-9.47812500000001,-0.804431667203005,-2.19645032000001,50,-0.786704531337053,-2.19099120460791,-5210.00625717119,-0.0177271358659612,-0.205679107992251,-2.54067905356399,-1299.26582346661,-0.598752559210763
1.907,-9.378125,-0.928443744209514,-2.14645032,50,-0.910768638734962,-2.1396631106748,-5188.05794665346,-0.0176751054745633,-0.350794042702448,-2.52478775545507,-2031.24623111621,-0.577649701507065
1.908,-9.27812500000002,-1.05049747026524,-2.09645032000001,50,-1.03189992687407,-2.08861649974404,-5163.53563980025,-0.0185975433911754,-0.494806257555856,-2.50218686910784,-2656.78862249694,-0.555691212709391
1.909,-9.178125,-1.16891426054356,-2.04645032,50,-1.15011518944737,-2.03787461628327,-5149.54569638624,-0.0187990710961937,-0.637359672264159,-2.47386602413376,-3202.45738988116,-0.531554588279394
1.91,-9.07812500000002,-1.28453340333245,-1.99645032000001,50,-1.26542909660572,-1.98734009022128,-5138.26569198471,-0.0191043067267322,-0.778147862868529,-2.44056892380944,-3672.16874746283,-0.506385540463922
1.911,-8.97812500000001,-1.39819419287881,-1.94645032,50,-1.37785280561227,-1.93698766871518,-5123.05982249936,-0.0203413872665502,-0.916905951285822,-2.40300208950088,-4069.52506027482,-0.481288241592999
1.912,-8.87812500000003,-1.50765851119104,-1.89645032000001,50,-1.48739777690658,-1.88685318746167,-5121.40274750869,-0.0202607342844651,-1.05340855931132,-2.36183780570762,-4420.92976009191,-0.454249951879718
1.913,-8.77812500000001,-1.61488471517874,-1.84645032,50,-1.59407291693963,-1.83681165974403,-5116.57125573364,-0.0208117982391,-1.18746183904856,-2.31750440331593,-4717.44577425951,-0.427422876130181
1.914,-8.67812499999999,-1.71987280484185,-1.79645032,50,-1.69788438408035,-1.78689214611868,-5109.10033367801,-0.0219884207615043,-1.31889882059347,-2.2705117703676,-4966.3971405415,-0.400973984248376
1.915,-8.57812500000001,-1.82066442670858,-1.74645032000001,50,-1.7988398594531,-1.73711874022235,-5114.14055252603,-0.0218245672554743,-1.44757979550596,-2.22130162343055,-5188.85342183667,-0.373084631202611
1.916,-8.478125,-1.91949769556196,-1.69645032,50,-1.89694441048268,-1.68737611309177,-5113.00415947909,-0.022553285079291,-1.57338479112057,-2.17012115443334,-5371.28666246174,-0.346112904441408
1.917,-8.37812499999998,-2.01553331692596,-1.64645031999999,50,-1.99220142720722,-1.63772104184927,-5112.9663039127,-0.0233318897187379,-1.69621155228565,-2.11734162934932,-5525.46937229402,-0.319321764640299
1.918,-8.278125,-2.10793199953309,-1.59645032,50,-2.08461563279054,-1.58814328423841,-5120.18484366731,-0.0233163667425404,-1.81597597656751,-2.06322543159872,-5661.47877851029,-0.29195602296557
1.919,-8.17812499999999,-2.19837233141869,-1.54645031999999,50,-2.17418954104458,-1.5385759615861,-5120.96427441234,-0.0241827903741186,-1.93260632738425,-2.00794182741745,-5769.03445405246,-0.265766004034454
1.92,-8.07812500000001,-2.2854554918174,-1.49645032,50,-2.2609254464804,-1.48907829752105,-5126.80914259404,-0.0245300453369979,-2.0460432683941,-1.95175440060767,-5862.61605030972,-0.239412223423281
1.921,-7.97812499999999,-2.3694612399778,-1.44645032,50,-2.34482600209828,-1.43960358204802,-5134.855481233,-0.024635237879517,-2.15623873752511,-1.89479311362388,-5941.95086640104,-0.213222502452685
1.922,-7.87812500000001,-2.45150863535397,-1.39645032000001,50,-2.42589194151581,-1.39013152606851,-5136.37455164115,-0.0256166938381479,-2.26315218510774,-1.83719023632687,-6000.56657948952,-0.188356450246218
1.923,-7.77812499999999,-2.52963932745359,-1.34645032,50,-2.50412513732331,-1.340722176328,-5147.07806977349,-0.0255141901302718,-2.36675233995314,-1.77913737892926,-6056.13922374632,-0.162886987500452
1.924,-7.67812500000002,-2.60525213887537,-1.29645032000001,50,-2.57952675888077,-1.29129093871278,-5155.06072300751,-0.0257253799945977,-2.46701424211468,-1.72066323513345,-6098.47301706281,-0.138237896760692
1.925,-7.578125,-2.67890659865889,-1.24645032,50,-2.65209627019001,-1.2418628791061,-5156.54361555278,-0.0268103284688894,-2.563917261606,-1.66189025536202,-6125.27636610814,-0.114989337052896
1.926,-7.47812500000002,-2.74808482245937,-1.19645032000001,50,-2.72183556627711,-1.1924977903804,-5171.43088152957,-0.0262492561822558,-2.65744838286949,-1.60296178289801,-6157.74689310136,-0.0906364395898723
1.927,-7.378125,-2.81530469622586,-1.14645032,50,-2.78874471944712,-1.14307225469524,-5178.76295786382,-0.0265599767787285,-2.74759721008992,-1.54382592071799,-6176.04950390587,-0.0677074861359387
1.928,-7.27812499999999,-2.88000669137719,-1.09645031999999,50,-2.85282226027867,-1.09365587348812,-5183.89600053887,-0.027184431098522,-2.83435560402512,-1.48461333510494,-6186.51744135801,-0.0456510873520782
1.929,-7.17812500000001,-2.94079198004335,-1.04645032,50,-2.91406929245683,-1.04426886367925,-5197.66958522029,-0.0267226875865226,-2.91772123706412,-1.42539622397504,-6200.83886665564,-0.023070742979228
1.93,-7.07812499999999,-2.9996189177588,-0.996450320199996,50,-2.97248522022821,-0.994831686756522,-5204.05367957319,-0.0271336975305871,-2.99769283448736,-1.36613914225464,-6203.72030683341,-0.00192608327143275
1.931,-6.97812499999998,-3.05536844827795,-0.946450320839989,50,-3.02806911903497,-0.945412403789976,-5212.57908668783,-0.0272993292429852,-3.07427112305272,-1.30694739976128,-6205.33147382977,0.018902674774785
1.932,-6.878125,-3.1077608018098,-0.896450320999999,50,-3.08082144896505,-0.895991286966574,-5225.01573240301,-0.0269393528447634,-3.14746017831477,-1.24783258173242,-6207.99609509674,0.0396993765049573
1.933,-6.77812499999998,-3.15819480278666,-0.846450320999991,50,-3.13074107417929,-0.846532355733668,-5230.25867600035,-0.0274537286073728,-3.21726412665587,-1.18878487715584,-6201.0888683997,0.0590693238691959
1.934,-6.678125,-3.20499186500667,-0.796450321000001,50,-3.17782772572709,-0.797101850763078,-5242.00951071138,-0.0271641392795739,-3.2836893331753,-1.12989224300697,-6198.72641076229,0.0786974681686245
1.935,-6.57812499999999,-3.24899128202914,-0.746450320999993,50,-3.22208131582746,-0.74763985539585,-5252.96505405493,-0.0269099662016639,-3.34674347804634,-1.0711126270513,-6193.96427920368,0.0977521960172141
1.936,-6.47812500000001,-3.2910323474133,-0.696450321000003,50,-3.26350025121935,-0.698153735122681,-5256.94251816218,-0.0275320961939529,-3.40643366417544,-1.01246793111069,-6180.92940845271,0.115401316762154
1.937,-6.37812499999999,-3.32887694500114,-0.646450320999995,50,-3.30208498986537,-0.648707725666149,-5271.81171840154,-0.0267919551357677,-3.462769796287,-0.954034055259708,-6177.75865926357,0.133892851285854
1.938,-6.27812500000001,-3.36448342459745,-0.596450321000005,50,-3.33783495753256,-0.599201560882072,-5281.1941914061,-0.0266484670648884,-3.51576134432743,-0.89571992280883,-6168.3034665327,0.151277919729981
1.939,-6.17812499999999,-3.39785178620227,-0.546450320999997,50,-3.37074815633076,-0.549685811901769,-5285.92555937102,-0.0271036298715211,-3.56541682010269,-0.837583165036376,-6153.59702715174,0.167565033900418
1.94,-6.07812500000001,-3.42702368344848,-0.496450321000007,50,-3.4008252633995,-0.500203283747108,-5301.41853560431,-0.0261984200489895,-3.61174776257871,-0.779671818480773,-6149.22151254865,0.184724079130233
1.941,-5.978125,-3.4542372279105,-0.446450320999999,50,-3.42806534434097,-0.45065491812974,-5309.21405028209,-0.0261718835695382,-3.65476435403306,-0.72189048924668,-6136.86286337616,0.200527126122565
1.942,-5.87812500000002,-3.47865312488312,-0.396450321000009,50,-3.45246665861736,-0.401111633744044,-5316.78663627196,-0.0261864662657602,-3.69447614217584,-0.664312420645287,-6124.11937474181,0.215823017292736
1.943,-5.778125,-3.4994320860783,-0.346450321000001,50,-3.47402955589139,-0.351575473658038,-5330.46796684246,-0.025402530186924,-3.73089486538633,-0.606940838145662,-6117.42802360255,0.231462779308023
1.944,-5.67812500000002,-3.518252695406,-0.296450321000011,50,-3.4927528340147,-0.301990226378918,-5336.71412076559,-0.0254998613912905,-3.76403075017292,-0.549719742029393,-6103.33416603122,0.24577805476692
1.945,-5.57812500000001,-3.53371612774644,-0.246450321000004,50,-3.5086356422975,-0.252424371616987,-5347.1617753416,-0.0250804854489356,-3.79389436309696,-0.49271700210176,-6093.54985043878,0.260178235350513
1.946,-5.47812499999999,-3.54610215036957,-0.196450320999996,50,-3.5216779836381,-0.202839225507838,-5359.0620271094,-0.0244241667314556,-3.82049706952514,-0.435892632124466,-6085.38948627601,0.274394919155575
1.947,-5.37812500000001,-3.5565298213544,-0.146450321008006,50,-3.53187837073297,-0.153221454058894,-5363.78647546878,-0.0246514506214378,-3.84384865337283,-0.379231415270934,-6070.27753814204,0.287318832018436
1.948,-5.278125,-3.56304078906265,-0.0964503210719979,50,-3.53923682699548,-0.10363712523079,-5377.13425212078,-0.0238039620671549,-3.86396028754429,-0.322797053226357,-6064.05695848793,0.300919498481645
1.949,-5.17812499999998,-3.5670338760931,-0.04645032111439,50,-3.54375299429222,-0.0540068525671712,-5387.27618229964,-0.0232808818008889,-3.88084261637505,-0.266507393775767,-6054.93457132322,0.313808740281939
1.95,-5.078125,-3.56906861148526,0.00354967886,50,-3.54542508721019,-0.00436020106853539,-5390.49967463912,-0.0236435242750529,-3.89450468908969,-0.210388909259241,-6039.22702682761,0.325436077604439
1.951,-4.97812499999998,-3.56662711089439,0.0535496788856078,50,-3.54425399146609,0.0452391542498008,-5406.76659163213,-0.0223731194282942,-3.90495804127655,-0.154501917803075,-6036.9195989655,0.338330930382157
1.952,-4.878125,-3.56222726026951,0.103549678927998,50,-3.54023897709865,0.0949112862037293,-5415.16761591782,-0.0219882831708615,-3.91221239448909,-0.0987227795199976,-6027.1213588976,0.349985134219581
1.953,-4.77812499999999,-3.55530953102948,0.153549678992006,50,-3.53337795068467,0.144583715776557,-5421.1026244113,-0.0219315803448213,-3.91627589775267,-0.0431202427098836,-6015.24625154177,0.360966366723177
1.954,-4.67812500000001,-3.54447509851287,0.203549678999996,50,-3.52367154512964,0.194233755161688,-5435.4491968565,-0.0208035533832265,-3.91715920912484,0.0122868591805011,-6012.18221523944,0.372684110611961
1.955,-4.57812499999999,-3.53168231321205,0.253549679000004,50,-3.51111882534588,0.243938825452267,-5442.2104128756,-0.0205634878661843,-3.91487119527249,0.0675798909289742,-6001.93951027911,0.383188882060443
1.956,-4.47812500000001,-3.51581211567291,0.303549678999994,50,-3.49571863993933,0.293629056071271,-5450.94583842358,-0.0200934757335886,-3.90942027888224,0.122692985592602,-5994.08216737113,0.393608163209317
1.957,-4.378125,-3.49658474389669,0.353549679000001,50,-3.4774713181778,0.343322632747858,-5463.45028211956,-0.0191134257189009,-3.90081613291224,0.177648367404748,-5990.40714544167,0.404231389015539
1.958,-4.27812500000002,-3.47539902048219,0.403549678999991,50,-3.45637567513025,0.393054225262599,-5468.64050137358,-0.0190233453519331,-3.88906668434518,0.232484758173334,-5979.83138641632,0.413667663862977
1.959,-4.178125,-3.45057635831085,0.453549678999999,50,-3.43243146207894,0.442756483826079,-5480.23690608972,-0.018144896231902,-3.87418056434424,0.287138855553196,-5976.07382155042,0.423604206033381
1.96,-4.07812499999999,-3.42295605094196,0.503549679000007,50,-3.40563867001493,0.492488390812174,-5490.95261925383,-0.0173173809270197,-3.85616641244941,0.341673669485352,-5971.84469451679,0.433210361507437
1.961,-3.97812500000001,-3.39337739193478,0.553549678999997,50,-3.37599583364084,0.54224179790355,-5494.6189798726,-0.0173815582939325,-3.8350311820873,0.396085046487204,-5960.97129187506,0.441653790152522
1.962,-3.87812499999999,-3.35960226513126,0.603549679000005,50,-3.34350357997755,0.591951817731628,-5509.11803194203,-0.016098685153705,-3.81078369136111,0.4503120505504,-5961.33062909575,0.451181426229859
1.963,-3.77812499999997,-3.32358902216969,0.653549679000013,50,-3.30816153793506,0.64171817830801,-5518.08187331249,-0.0154274842346239,-3.78343153536764,0.504458308659727,-5956.54896993111,0.459842513197951
1.964,-3.67812499999999,-3.28533766305008,0.703549679000003,50,-3.2699679407914,0.691489868366108,-5522.35526302178,-0.0153697222586848,-3.75298069188783,0.558476648804671,-5947.46458112738,0.467643028837748
1.965,-3.57812499999998,-3.24288983269638,0.753549679000011,50,-3.22892371964462,0.741223727489941,-5537.35886212152,-0.0139661130517547,-3.71943961843099,0.612327684145396,-5949.49110048697,0.476549785734624
1.966,-3.478125,-3.19848365185031,0.803549679000001,50,-3.18502821230745,0.791018532243849,-5544.64031221623,-0.0134554395428577,-3.68281496502981,0.666113894359451,-5944.16872511082,0.484331313179496
1.967,-3.37812499999998,-3.15127982809851,0.853549679000009,50,-3.13827996481287,0.840803144391261,-5551.67997097471,-0.0129998632856424,-3.64311237989093,0.719767770094213,-5938.97004134737,0.491832551792409
1.968,-3.278125,-3.10043906261051,0.903549678999999,50,-3.08867962442829,0.890575355250422,-5564.8146083998,-0.0117594381822277,-3.60033940674506,0.773290654430963,-5940.22380221907,0.499900344134547
1.969,-3.17812499999999,-3.04763994479666,0.953549679160006,50,-3.03622629474837,0.940391257847062,-5570.50455040018,-0.0114136500482936,-3.55450184441979,0.82674211289701,-5934.38214059791,0.506861899623122
1.97,-3.07812500000001,-2.99148365274575,1.0035496798,50,-2.98091943648933,0.99018229326108,-5580.39012345621,-0.0105642162564117,-3.50560565221817,0.880056978315521,-5933.07707343152,0.514121999472417
1.971,-2.97812499999999,-2.93224995097751,1.05354968,50,-2.9227593675286,1.03998709984232,-5591.72555716696,-0.00949058344890782,-3.45365745461253,0.933277199074702,-5933.55445511754,0.521407503635017
1.972,-2.87812500000001,-2.871057897571,1.10354967999999,50,-2.86174491732179,1.0898189949635,-5595.88511035213,-0.00931298024921896,-3.39866220035651,0.986419320403217,-5927.18014685039,0.527604302785507
1.973,-2.778125,-2.80594914088789,1.15354968,50,-2.79787642629202,1.13961191853655,-5608.67016404992,-0.00807271459586511,-3.34062616658534,1.03942042780762,-5929.74714627866,0.534677025697444
1.974,-2.67812500000002,-2.738322503527,1.20354967999999,50,-2.73115385227204,1.18944528557208,-5618.25343166179,-0.00716865125495377,-3.27955506996383,1.09236299989028,-5929.41982859747,0.541232566436844
1.975,-2.578125,-2.66873751452779,1.25354968,50,-2.66157572368261,1.23928957695073,-5620.92390394437,-0.00716179084517095,-3.21545302454756,1.14522049966354,-5922.47891753002,0.546715510019759
1.976,-2.47812500000002,-2.59467629321252,1.30354967999999,50,-2.58914323703047,1.28908117802274,-5636.64473089432,-0.00553305618205107,-3.14832664392578,1.19793221393034,-5928.87938891476,0.553650350713273
1.977,-2.378125,-2.51865671865465,1.35354968,50,-2.51385596934901,1.33894023372104,-5644.50773675794,-0.00480074930562829,-3.07818075825667,1.25062110937677,-5927.70500369611,0.559524039602019
1.978,-2.27812499999999,-2.44011926135632,1.40354968000001,50,-2.43571212978002,1.38879434753694,-5649.91368670488,-0.00440713157631158,-3.00501867038271,1.30321753269124,-5924.34858937168,0.564899409026378
1.979,-2.17812500000001,-2.35766510399001,1.45354968,50,-2.35471264883618,1.43862092221594,-5663.74081575689,-0.00295245515383069,-2.9288462495575,1.35570155253778,-5929.68058091242,0.571181145567503
1.98,-2.07812499999999,-2.27325259429782,1.50354968,50,-2.27085688368004,1.48849747529147,-5669.99279311562,-0.0023957106177751,-2.84966764111284,1.40815327647575,-5927.69699469144,0.576415046815004
1.981,-1.97812500000001,-2.18576267236734,1.55354967999999,50,-2.1841439694911,1.53835423790143,-5678.22962650318,-0.00161870287623519,-2.76748662213186,1.46050545124837,-5927.95034036095,0.581723949764525
1.982,-1.878125,-2.09491557619976,1.60354968,50,-2.09457451617089,1.58820950139652,-5690.24645274615,-0.000341060028872818,-2.68230830237411,1.51277881093025,-5932.22841719584,0.587392726174354
1.983,-1.77812500000002,-2.00211012839392,1.65354967999999,50,-2.00214761328868,1.63809804403462,-5694.96026342587,3.74848947653709e-05,-2.59413613335142,1.56501050521151,-5929.44104398266,0.592026004957502
1.984,-1.678125,-1.90566774183122,1.70354968,50,-1.90686328035482,1.68795262648988,-5706.09162216805,0.00119553852359781,-2.50297436263943,1.61713559653308,-5933.30177924184,0.597306620808216
1.985,-1.57812500000002,-1.80642771007099,1.75354967999999,50,-1.80872177022377,1.73783234284277,-5716.35373703633,0.00229406015277429,-2.40882734122484,1.66921541272748,-5936.51699543681,0.602399631153834
1.986,-1.47812500000001,-1.70522932667244,1.80354968,50,-1.70772187304373,1.7877291570921,-5719.57797373025,0.002492546371287,-2.31169783130431,1.72124408519577,-5932.91139303997,0.60646850463186
1.987,-1.37812500000003,-1.59983447547759,1.85354967999999,50,-1.60386446484391,1.83757829425692,-5733.64635345363,0.004029989366318,-2.21159055862546,1.77315894167968,-5940.36049845883,0.611756083147877
1.988,-1.27812500000001,-1.49220150812466,1.90354968,50,-1.49714941711429,1.8874795943526,-5742.19090951216,0.00494790898964676,-2.10850912572465,1.8250618619059,-5942.49002000976,0.616307617599996
1.989,-1.17812499999999,-1.38233042461367,1.95354968,50,-1.38757519931754,1.93738215734886,-5746.05630133974,0.00524477470385856,-2.00245561800168,1.87690392420404,-5940.1384607469,0.620125193388002
1.99,-1.07812500000001,-1.26826287330639,2.00354967999999,50,-1.27514297239412,1.9872429329773,-5760.66303534642,0.00688009908771643,-1.89343470069293,1.92864399696039,-5948.72033762819,0.625171827386544
1.991,-0.978124999999999,-1.15223696898568,2.05354968,49.680267728,-1.15985229773388,2.03716080635637,-5732.80514095802,0.00761532874819662,-1.78144933121709,1.98038282587128,-5949.77736330024,0.629212362231414
1.992,-0.878124999999983,-1.03341341717558,2.10354968000001,48.8276483359999,-1.04171109841439,2.08674501440333,-5652.24040411217,0.00829768123881738,-1.66650156404021,2.03205118423354,-5950.78407225775,0.633088146864614
1.993,-0.778125000000003,-0.911001380274335,2.1524672532,44.8804643800001,-0.920752368681093,2.13551117134884,-5236.64533686921,0.00975098840675813,-1.54859544695962,2.08364871836275,-5939.50165813164,0.637594066685279
1.994,-0.678124999999987,-0.786753494007464,2.19931421000001,39.484762763999,-0.797111243874708,2.18037826613244,-4688.00803836384,0.0103577498672518,-1.42773827368855,2.1350624781041,-5888.11847798842,0.640984779681082
1.995,-0.578125000000007,-0.659482395476264,2.24069869,31.8858990200005,-0.671046015354731,2.22012835377289,-3898.57912730445,0.0115636198784758,-1.30395113454483,2.18592382126053,-5754.84743565611,0.644468739068564
1.996,-0.478124999999991,-0.530029543859949,2.2739203252,24.3084947799994,-0.542913101995895,2.25255408279574,-3098.23494857852,0.0128835581359485,-1.17728723855059,2.23548023574562,-5501.01369574068,0.647257694690651
1.997,-0.378125000000011,-0.39932089955156,2.3019535204,16.7432364928009,-0.41313471023647,2.27756638549433,-2333.71259802685,0.0138138106849038,-1.04785307024212,2.28262456738102,-5189.12298767983,0.648532170690555
1.998,-0.278124999999996,-0.266763648032585,2.3196403236,9.19471963519968,-0.282125827707071,2.29550631349866,-1520.57688814561,0.0153621796744757,-0.915802026208391,2.32682643078824,-4746.93624574395,0.649038378175812
1.999,-0.178125000000016,-0.133612704315572,2.3306926868,1.64982818280118,-0.150304170150927,2.30593758608368,-720.896419861772,0.0166914658353548,-0.781336907701203,2.36689166328136,-4249.08343537792,0.647724203385626
2,-0.078125,0,2.33658493,-5.89224351,-0.0180960721459713,2.30899562988797,40.688159825022,0.0180960721459741,-0.644709213911034,2.40231454880875,-3729.76552335416,0.644709213911035
2.001,0.0218749999999801,0.133612704315524,2.3306926868,-13.4407603675985,0.114086379394531,2.30504235559126,883.065642468535,0.0195263249209955,-0.506190382940984,2.43290480407296,-3079.33380767826,0.639803087256503
2.002,0.12187499999996,0.266763648032538,2.31964032360001,-20.997647939997,0.245820483041915,2.29334533602938,1682.99700413386,0.020943164990625,-0.366091645950752,2.45746367265728,-2428.24423899187,0.632855293983278
2.003,0.221875000000011,0.39932089955156,2.3019535204,-28.5652978600009,0.37667408585441,2.2743070783205,2470.05876830422,0.0226468136971594,-0.224758481506754,2.47599445096339,-1753.24491783434,0.624079381058321
2.004,0.321874999999991,0.530029543859949,2.2739203252,-36.1602598759994,0.506230283770467,2.24805736168071,3316.95284604788,0.0237992600894852,-0.0825423077361221,2.48828651280847,-988.667291242651,0.612571851596061
2.005,0.421874999999972,0.659482395476218,2.24069869000001,-42.8411393999987,0.634060441408874,2.21405690658646,4017.86540071544,0.025421954067333,0.060176090953093,2.49352540779305,-242.269187625256,0.599306304523116
2.006,0.521875000000023,0.786753494007509,2.19931420999999,-47.5024536400011,0.759759293309381,2.17366075669467,4529.3618093318,0.0269942006981351,0.202997702463744,2.49188931993712,542.928064397389,0.583755791543756
2.007,0.621875000000003,0.911001380274335,2.1524672532,-49.307246744,0.883010599779336,2.12862145387594,4748.46533553531,0.0279907804950042,0.345518698646877,2.48303195329877,1318.96182268075,0.565482681627461
2.008,0.721874999999983,1.03341341717558,2.10354968000001,-50,1.00362559716738,2.08163620953551,4842.78852569497,0.0297878200082118,0.487328066496667,2.46704880500249,2018.39939151472,0.546085350678908
2.009,0.821874999999999,1.15223696898568,2.05354968,-50,1.12152576482363,2.03385601897434,4873.20031265192,0.0307112041620547,0.628038032949784,2.4446556049528,2646.89450818014,0.524198936035896
2.01,0.921874999999979,1.26826287330635,2.00354968000001,-50,1.23668243551054,1.98587009926853,4900.55786585939,0.0315804377958065,0.767300311361951,2.41651495928987,3188.84232445619,0.500962561944403
2.011,1.02187499999999,1.38233042461367,1.95354968,-50,1.34908463592728,1.93770686824876,4918.9621403627,0.0332457886863985,0.904808663024627,2.38343201171797,3649.19382550281,0.47752176158905
2.012,1.12187500000001,1.49220150812466,1.90354968,-50,1.45872457448865,1.88944897091163,4946.53071335917,0.0334769336360026,1.04030163992909,2.34616510890518,4055.52946013369,0.451899868195553
2.013,1.22187499999999,1.59983447547756,1.85354968000001,-50,1.56559441606991,1.84101224244382,4967.10147521793,0.0342400594076423,1.17355394133708,2.30521768195315,4399.93948363024,0.426280534140467
2.014,1.32187500000001,1.70522932667244,1.80354968,-50,1.66968576669009,1.79246133989602,4981.69900243262,0.0355435599823574,1.30437117333018,2.26116515129672,4690.64450770822,0.40085815334226
2.015,1.42187500000002,1.80642771007099,1.75354967999999,-50,1.7709936640353,1.7438513939968,5005.90107016866,0.0354340460356883,1.43258971897204,2.2145064158413,4949.49657401981,0.373837991098964
2.016,1.521875,1.90566774183122,1.70354968,-50,1.86951219641416,1.69509413449056,5021.39269908955,0.036155545417048,1.55806876463784,2.16553856241576,5163.65064099571,0.347598977193388
2.017,1.62187499999998,2.00211012839388,1.65354968000001,-50,1.96523522564841,1.64626992575047,5035.77430735619,0.0368749027454642,1.68068789077899,2.11467639174686,5345.47523268768,0.321422237614894
2.018,1.721875,2.09491557619976,1.60354968,-50,2.05815921136005,1.59738908373788,5055.48758241886,0.0367563648397175,1.80034716590352,2.06222027119892,5505.56776500777,0.294568410296239
2.019,1.82187500000001,2.18576267236734,1.55354967999999,-50,2.1482795059991,1.54840264489984,5067.08464872237,0.0374831663682448,1.91696106190303,2.00837260634049,5634.1017845014,0.268801610464318
2.02,1.92187499999999,2.27325259429782,1.50354968,-50,2.23559220311482,1.49938544203199,5082.28610525952,0.0376603911829919,2.0304582285321,1.95342589238325,5745.9531415925,0.242794365765712
2.021,2.02187500000001,2.35766510399001,1.45354968,-50,2.320094591449,1.45030436242846,5098.41643873714,0.037570512541,2.14078014061059,1.89753531334741,5841.19486789562,0.216884963379409
2.022,2.12187500000002,2.44011926135635,1.40354967999999,-50,2.40178276915531,1.40115095943031,5106.91133075065,0.0383364922010483,2.24787713820869,1.84085514082708,5913.65637907542,0.192242123147666
2.023,2.221875,2.51865671865465,1.35354968,-50,2.48065460802138,1.35199559120029,5123.62590853068,0.0380021106332643,2.35171001998033,1.7835961766713,5981.27701559351,0.166946698674304
2.024,2.32187500000002,2.59467629321252,1.30354967999999,-50,2.55670782914978,1.30276263967545,5136.78001413289,0.0379684640627527,2.45224692517215,1.725803854054,6034.09083653617,0.142429368040382
2.025,2.421875,2.66873751452779,1.25354968,-50,2.62993892919031,1.25348498145393,5142.70386932762,0.0387985853374803,2.54946122077169,1.66761522238408,6070.00677721642,0.119276293756112
2.026,2.52187499999998,2.73832250352698,1.20354968000001,-50,2.70034725423215,1.20422920413486,5161.39673890344,0.0379752492948331,2.64333467115588,1.609186356439,6110.39741341303,0.0949878323711022
2.027,2.62187500000003,2.80594914088791,1.15354967999998,-50,2.76793069157813,1.15487779887054,5171.98210099906,0.0380184493097821,2.73385234322869,1.55047646138312,6135.58039958604,0.0720967976592356
2.028,2.72187500000001,2.871057897571,1.10354967999999,-50,2.8326859032163,1.1055055029531,5179.88848562662,0.0383719943547168,2.82100215582418,1.49162588319178,6152.02222989247,0.0500557417468115
2.029,2.82187499999999,2.93224995097751,1.05354968,-50,2.8946123992009,1.05613699535575,5196.01852837218,0.0376375517766129,2.90477835846354,1.43271525855782,6171.52729461165,0.0274715925139773
2.03,2.92187500000004,2.99148365274577,1.00354967979998,-50,2.95370822898633,1.00669661255193,5204.39724912576,0.0377754237594509,2.98517670605749,1.37371649879663,6178.90361333256,0.00630694668828267
2.031,3.02187500000002,3.04763994479668,0.953549679159989,-50,3.00997132056112,0.957255778110517,5214.60342409753,0.037668624235547,3.06219534940818,1.31474132498084,6184.40943738629,-0.014555404611511
2.032,3.121875,3.10043906261051,0.903549678999999,-50,3.06340116642351,0.907797680152748,5228.44869770674,0.0370378961870162,3.13583613183209,1.25580690910316,6190.44565111562,-0.0353970692215821
2.033,3.22187499999998,3.15127982809851,0.853549679000009,-50,3.11399581909046,0.858288865729609,5234.86458584848,0.0372840090080393,3.20610124698742,1.19690830840379,6186.45437047604,-0.0548214188888998
2.034,3.32187499999996,3.1984836518503,0.803549679000019,-50,3.16175433306776,0.808797763797923,5247.58444405792,0.0367293187825327,3.27299538819467,1.13813772031738,6186.6110280741,-0.0745117363443825
2.035,3.42187500000001,3.24288983269639,0.753549678999993,-50,3.20667606094188,0.759266350378703,5259.33268793683,0.0362137717545049,3.33652479111896,1.07945678539261,6184.02242015429,-0.093634958422559
2.036,3.52187499999999,3.28533766305008,0.703549679000003,-50,3.24875895090396,0.709703626806597,5263.95061398395,0.0365787121461195,3.39669531207088,1.02089062110983,6172.86022791103,-0.111357649020798
2.037,3.62187499999997,3.32358902216969,0.653549679000013,-50,3.28800308967541,0.660175240536394,5279.32903296106,0.0355859324942784,3.45351578148643,0.96251792655033,6171.30036857522,-0.129926759316749
2.038,3.72187500000003,3.35960226513127,0.603549678999987,-50,3.32440760707219,0.610582141810321,5289.10768194576,0.0351946580590806,3.50699474497686,0.904250060373285,6163.22826753389,-0.147392479845587
2.039,3.82187500000001,3.39337739193478,0.553549678999997,-50,3.35797027409586,0.560975948816614,5294.13806131071,0.0354071178389189,3.55713992048147,0.846146772718395,6149.70680690372,-0.163762528546694
2.04,3.92187499999999,3.42295605094196,0.503549679000007,-50,3.3886915925383,0.51140036593189,5309.84673593293,0.0342644584036657,3.6039621665834,0.788257942597167,6146.34408515392,-0.181006115641454
2.041,4.021875,3.45057635831085,0.453549678999999,-50,3.4165705004926,0.461757105394112,5317.78660554191,0.0340058578182506,3.64747108382823,0.730489777202725,6134.84857586071,-0.196894725517368
2.042,4.12187499999998,3.47539902048218,0.403549679000009,-50,3.44160517087085,0.412117745109766,5325.44263322987,0.0337938496113268,3.68767572391975,0.672916911150142,6122.8382472071,-0.212276703437558
2.043,4.221875,3.49658474389669,0.353549679000001,-50,3.46379590177746,0.362484890379131,5339.15560185762,0.0327888421192332,3.72458740369998,0.615543778063554,6116.7672753112,-0.228002659803294
2.044,4.32187500000001,3.51581211567291,0.303549678999994,-50,3.48314146929343,0.312802807261953,5345.38943528639,0.0326706463794675,3.75821599277557,0.558315426274693,6103.19594361106,-0.242403877102654
2.045,4.42187499999999,3.53168231321205,0.253549679000004,-50,3.49964102623118,0.263140380106062,5355.78762417801,0.0320412869808661,3.78857175687413,0.501300634682745,6093.8493163077,-0.256889443662084
2.046,4.52187499999997,3.54447509851287,0.203549679000013,-50,3.51329460036156,0.21345926637446,5367.6072322778,0.0311804981513057,3.8156658091451,0.444460204988956,6086.05320389254,-0.27119071063223
2.047,4.62187499999999,3.55530953102948,0.153549678992006,-50,3.52410074722234,0.163746417974624,5372.22497909217,0.0312087838071338,3.83950772339233,0.387779602195412,6071.24195343704,-0.284198192362839
2.048,4.721875,3.56222726026951,0.103549678927998,-50,3.53205954808688,0.114068141219115,5385.444432372,0.0301677121826258,3.86010849883954,0.331323117840388,6065.26712913158,-0.297881238570022
2.049,4.82187499999998,3.56662711089439,0.0535496788856078,-50,3.53717071515859,0.0643452468224032,5395.44024321332,0.0294563957357935,3.87747863764193,0.275009109419725,6056.34304388467,-0.31085152674755
2.05,4.921875,3.56906861148526,0.00354967886,-50,3.53943254364122,0.0146074614522658,5398.50314772086,0.0296360678440395,3.89162707405161,0.218864489296385,6040.79289036357,-0.322558462566355
2.051,5.02187500000002,3.5670338760931,-0.0464503211144078,-50,3.53884600824693,-0.0350814090720171,5414.59788685337,0.0281878678461807,3.90256525215201,0.162949954746631,6038.60764442032,-0.335531376058905
2.052,5.121875,3.56304078906265,-0.0964503210719979,-50,3.53541047473994,-0.0848413334470065,5422.81762567067,0.027630314322709,3.91030282219578,0.107142191988107,6028.90134073163,-0.347262033133127
2.053,5.22187500000001,3.5565298213544,-0.146450321008006,-50,3.52912395072928,-0.134599751536334,5428.56436654167,0.0274058706251071,3.91484787926918,0.051510229255794,6017.09223145559,-0.35831805791479
2.054,5.32187499999999,3.54610215036957,-0.196450320999996,-50,3.51998717423666,-0.184333914093636,5442.71749814209,0.0261149761328939,3.91621104238217,-0.00392686012894396,6014.0719839064,-0.370108892012612
2.055,5.42187499999997,3.53371612774645,-0.246450320999986,-50,3.50799931833139,-0.234121197509698,5449.28165295923,0.025716809415066,3.91440115190436,-0.059250235747683,6003.85410233356,-0.380685024157904
2.056,5.52187500000002,3.518252695406,-0.296450321000011,-50,3.49315934192641,-0.283891700860783,5457.81772410434,0.0250933534796056,3.90942661511788,-0.114393855623743,5996.00543540046,-0.391173919711871
2.057,5.621875,3.4994320860783,-0.346450321000001,-50,3.47546768598409,-0.333663591786209,5470.12170171245,0.0239644000942108,3.90129709885461,-0.16937979515321,5992.32543906074,-0.401865012776309
2.058,5.72187499999998,3.47865312488313,-0.396450320999992,-50,3.45492327799226,-0.383471532874695,5475.11128839868,0.0237298468908605,3.89002053183399,-0.224246650510082,5981.73316252211,-0.411367406950863
2.059,5.82187500000003,3.45423722791049,-0.446450321000017,-50,3.43152598181466,-0.433248175852007,5486.50768888195,0.0227112460958315,3.87560555359329,-0.278931013296995,5977.94935957929,-0.421368325682783
2.06,5.92187500000001,3.42702368344848,-0.496450321000007,-50,3.40527590072761,-0.48305251191715,5497.02475938537,0.0217477827208798,3.85806081763783,-0.333495804334514,5973.68591718514,-0.431037134189335
2.061,6.02187499999999,3.39785178620227,-0.546450320999997,-50,3.37617168102046,-0.532876408310024,5500.49440555339,0.0216801051818089,3.83739329602877,-0.387936796275899,5962.77149546006,-0.439541509826494
2.062,6.12187499999997,3.36448342459747,-0.596450320999987,-50,3.34421406026083,-0.582654998408235,5514.7991171565,0.020269364336629,3.81361182937062,-0.442192991999904,5963.08427217584,-0.449128404773149
2.063,6.22187499999995,3.32887694500115,-0.646450320999977,-50,3.30940277660022,-0.632488035038542,5523.57143350295,0.0194741684009359,3.78672403845399,-0.496367968166322,5958.25158978998,-0.457847093452821
2.064,6.32187500000001,3.2910323474133,-0.696450321000003,-50,3.27173617102111,-0.682324535772459,5527.65643636173,0.0192961763921772,3.75673592935045,-0.550414512441732,5949.11260546176,-0.465703581937136
2.065,6.42187499999999,3.24899128202914,-0.746450320999993,-50,3.2312152805899,-0.73212137195654,5542.47500776727,0.0177760014392225,3.72365598993386,-0.604293205917695,5951.08168458584,-0.474664707904722
2.066,6.52187499999997,3.20499186500668,-0.796450320999983,-50,3.187839547211,-0.781977353901466,5549.57503678049,0.0171523177956901,3.68749090224562,-0.658106502946713,5945.69972467599,-0.482499037238931
2.067,6.62187500000002,3.15819480278664,-0.846450321000008,-50,3.14160761901182,-0.8318213793413,5556.43705035008,0.0165871837748306,3.64824634776642,-0.711786875334164,5940.43988715375,-0.490051544979768
2.068,6.721875,3.1077608018098,-0.896450320999999,-50,3.0925202432502,-0.881651277066541,5569.39789859139,0.0152405585596053,3.60592990442813,-0.765335652639211,5941.63136945825,-0.498169102618338
2.069,6.82187499999998,3.05536844827795,-0.946450320839989,-50,3.0405766213448,-0.931523178254129,5574.91801807427,0.0147918269331612,3.56054740591658,-0.818812390976636,5935.72674289977,-0.50517895763864
2.07,6.92187499999999,2.9996189177588,-0.996450320199996,-50,2.98577630962245,-0.981368563094118,5584.63780267307,0.0138426081363552,3.51210484681635,-0.8721519178053,5934.35838741021,-0.512485929057552
2.071,7.02187499999997,2.94079198004338,-1.04645031999999,-50,2.92811971931434,-1.03122610960591,5595.81150631362,0.0126722607290284,3.46060888709276,-0.925396179496876,5934.7724489168,-0.519816907049391
2.072,7.12187499999999,2.88000669137719,-1.09645031999999,-50,2.86760577095227,-1.08110917499411,5599.81340659647,0.0124009204249158,3.40606451103105,-0.97856172194869,5928.33504953421,-0.526057819653876
2.073,7.221875,2.81530469622586,-1.14645032,-50,2.80423489375016,-1.13095173911356,5612.44490114489,0.0110698024757036,3.34847803119101,-1.03158563373538,5930.83942348234,-0.533173334965149
2.074,7.32187499999998,2.74808482245939,-1.19645031999999,-50,2.73800713204043,-1.18083325700846,5621.87863921199,0.0100776904189569,3.28785519942398,-1.08455039869913,5930.45008218933,-0.539770376964581
2.075,7.421875,2.67890659865889,-1.24645032,-50,2.66892109846843,-1.23072424894085,5624.40358428388,0.00998550019045727,3.22420016463621,-1.13742948633729,5923.44790511963,-0.545293565977319
2.076,7.52187500000002,2.60525213887537,-1.29645032000001,-50,2.59697807151802,-1.28056113933041,5639.98288357485,0.00827406735734837,3.15751957485528,-1.19016219136057,5929.78803292513,-0.5522674359799
2.077,7.62187499999999,2.52963932745359,-1.34645032,-50,2.52217770796369,-1.33046411209333,5647.7082641567,0.00746161948990258,3.08781829418152,-1.24287148986687,5928.55428327582,-0.558178966727929
2.078,7.72187499999998,2.451508635354,-1.39645031999999,-50,2.44451829448209,-1.38036080874983,5652.9804296311,0.00699034087190814,3.01509965884581,-1.29548773846371,5925.13956380694,-0.563591023491823
2.079,7.82187499999999,2.3694612399778,-1.44645032,-50,2.36400083695976,-1.43022866944887,5666.67759073385,0.00546040301804444,2.93936957090111,-1.34799101645612,5930.41441603904,-0.569908330923313
2.08,7.92187500000001,2.2854554918174,-1.49645032,-50,2.28062476579814,-1.48014524884598,5672.80332093914,0.0048307260192522,2.86063220784128,-1.40046144300817,5928.37488174224,-0.575176716023872
2.081,8.02187499999999,2.19837233141869,-1.54645031999999,-50,2.19438928731552,-1.53004081426291,5680.91754946234,0.0039830441031729,2.77889137824047,-1.45283177668354,5928.5735044952,-0.580519046821766
2.082,8.121875,2.10793199953309,-1.59645032,-50,2.10529508050138,-1.57993369245585,5692.8153151446,0.00263691903169796,2.69415222266353,-1.50512276367103,5932.7980902262,-0.586220223130444
2.083,8.22187500000002,2.01553331692592,-1.64645032000001,-50,2.01334130201174,-1.62985869613188,5697.41354703595,0.00219201491419675,2.60641822273231,-1.55737156581743,5929.95849282424,-0.5908849058064
2.084,8.321875,1.91949769556196,-1.69645032,-50,1.91852803648789,-1.6797486197856,5708.43273526027,0.000969659074072412,2.51569365542723,-1.60951325802439,5933.76828863019,-0.596195959865252
2.085,8.42187500000001,1.82066442670858,-1.74645032000001,-50,1.82085559999835,-1.72966259058933,5718.58602257406,-0.000191173289765702,2.42198290042165,-1.66160918072985,5936.93387042741,-0.60131847371307
2.086,8.52187499999999,1.71987280484185,-1.79645032,-50,1.72032284402807,-1.7795926049816,5721.7046821906,-0.000450039186212977,2.3252887478719,-1.71365347810765,5933.27992666988,-0.605415943030061
2.087,8.62187499999997,1.61488471517877,-1.84645031999999,-50,1.61693070411012,-1.82947391952003,5735.67064080422,-0.00204598893133749,2.22561595075714,-1.76558349054195,5940.68196504539,-0.61073123557837
2.088,8.72187500000003,1.50765851119104,-1.89645032000001,-50,1.51067910945765,-1.87940640484017,5744.11583586311,-0.00302059826659245,2.12296813812644,-1.81750111021003,5942.76566954654,-0.615309626935405
2.089,8.82187500000001,1.39819419287881,-1.94645032,-50,1.40156658552869,-1.92933919060261,5747.88484736678,-0.00337239264988222,2.01734742118589,-1.86935742764903,5940.36953144267,-0.619153228307082
2.09,8.92187499999999,1.28453340333249,-1.99645031999999,-50,1.2895943475802,-1.97922925545295,5762.39814230204,-0.00506094424771265,1.90875849028236,-1.92111132332545,5948.90809236846,-0.624225086949878
2.091,9.02187500000004,1.16891426054352,-2.04645032000002,-50,1.1747620096735,-2.02917551301618,5769.20314941448,-0.00584774912997774,1.79720432724693,-1.97286355522408,5949.92301730756,-0.628290066703426
2.092,9.12187500000002,1.05049747026524,-2.09645032000001,-50,1.05706838629936,-2.07910695994562,5775.77998471406,-0.00657091603412273,1.68268701026708,-2.02454490847271,5950.88881794882,-0.632189540001841
2.093,9.221875,0.928443744209514,-2.14645032,-50,0.936514385524026,-2.12902152001707,5788.46506719947,-0.00807064131450335,1.56521061019023,-2.07615504098971,5958.13646596359,-0.636766865980714
2.094,9.32187499999998,0.80443166720305,-2.19645031999999,-50,0.813099364250139,-2.17897541527928,5793.71848411528,-0.00866769704707735,1.44477754885383,-2.12775185616304,5958.12075556983,-0.640345881650777
2.095,9.42187499999996,0.677062415959516,-2.24645031999998,-50,0.68682302917806,-2.22890021343946,5803.1802818903,-0.00976061321854233,1.32139050302913,-2.17926855173723,5962.4765915862,-0.644328087069618
2.096,9.52187500000001,0.546615753738069,-2.29645032,-50,0.557685936993572,-2.27883467670202,5814.10442288804,-0.0110701832555012,1.19505290750603,-2.23074547012463,5968.45294314276,-0.648437153767975
2.097,9.62187499999999,0.414210739259629,-2.34645031999999,-48.0000000000018,0.425687148940237,-2.3287922436437,5600.47355249389,-0.0114764096806162,1.06576661247916,-2.28219758172285,5967.41891195867,-0.651555873219533
2.098,9.72187499999997,0.277889021183752,-2.39645031999998,-32.000000000005,0.290884526150987,-2.37670697234899,3907.81063938166,-0.0129955049672368,0.933534885831885,-2.3335604294612,5975.17086675793,-0.655645864648131
2.099,9.82187500000002,0.139678892496292,-2.43238782000001,-6.99999999999363,0.153784838475876,-2.40897493442416,1837.81063938166,-0.0141059459795774,0.798360522403343,-2.38491498276971,5738.62435716838,-0.658681629907059
2.1,9.921875,-3.36691530453939e-15,-2.45738782,25,0.0153833360068743,-2.42214888115812,-232.189360618341,-0.0153833360068872,0.660308384507423,-2.43401370863236,5345.48449461213,-0.66030838450744
2.101,-9.97812500000002,-0.139678892496294,-2.43238782000001,40.9999999999968,-0.123226822618041,-2.41625840827464,-2302.18936061834,-0.016452069878252,0.519548893203637,-2.47941944473442,4153.15549113155,-0.659227785699936
2.102,-9.878125,-0.277889021183704,-2.39645032,50,-0.260954173156779,-2.39133306562412,-4372.18936061834,-0.0169348480269311,0.376504111992804,-2.51378537511349,2934.39175869373,-0.654393133176518
2.103,-9.77812500000002,-0.414210739259581,-2.34645032000001,50,-0.396708943136829,-2.34740235725471,-5319.53189926806,-0.0175017961227496,0.231813052088082,-2.53688541196204,1642.07883363158,-0.646023791347663
2.104,-9.67812500000001,-0.546615753738069,-2.29645032,50,-0.529698937491129,-2.2948241901277,-5280.55449414397,-0.0169168162469356,0.0861400860561834,-2.54806036484291,513.606106589454,-0.632755839794258
2.105,-9.57812499999999,-0.67706241595947,-2.24645032,50,-0.659689032375224,-2.24268611128688,-5241.1677398343,-0.0173733835842511,-0.0598752404639244,-2.54883604745803,-457.206306575006,-0.617187175495536
2.106,-9.47812500000001,-0.804431667203005,-2.19645032000001,50,-0.786704531337056,-2.19099120460791,-5210.00625717114,-0.0177271358659612,-0.205679107992255,-2.54067905356398,-1299.26582346652,-0.598752559210763
2.107,-9.378125,-0.928443744209514,-2.14645032,50,-0.910768638734964,-2.13966311067479,-5188.05794665361,-0.0176751054745378,-0.350794042702451,-2.52478775545506,-2031.24623111613,-0.577649701507065
2.108,-9.27812499999998,-1.05049747026528,-2.09645031999999,50,-1.03189992687407,-2.08861649974403,-5163.5356398003,-0.0185975433912008,-0.494806257555859,-2.50218686910784,-2656.78862249698,-0.555691212709416
2.109,-9.178125,-1.16891426054356,-2.04645032,50,-1.15011518944737,-2.03787461628327,-5149.54569638617,-0.0187990710961937,-0.637359672264162,-2.47386602413375,-3202.4573898811,-0.531554588279394
2.11,-9.07812500000002,-1.28453340333245,-1.99645032000001,50,-1.26542909660572,-1.98734009022128,-5138.26569198466,-0.0191043067267322,-0.778147862868531,-2.44056892380944,-3672.16874746277,-0.506385540463922
2.111,-8.97812500000001,-1.39819419287881,-1.94645032,50,-1.37785280561227,-1.93698766871517,-5123.05982249931,-0.0203413872665502,-0.916905951285824,-2.40300208950088,-4069.52506027496,-0.481288241592974
2.112,-8.87812499999999,-1.50765851119108,-1.89645031999999,50,-1.48739777690658,-1.88685318746167,-5121.40274750857,-0.020260734284516,-1.05340855931133,-2.36183780570762,-4420.92976009176,-0.454249951879768
2.113,-8.77812500000001,-1.61488471517874,-1.84645032,50,-1.59407291693964,-1.83681165974403,-5116.57125573361,-0.0208117982391,-1.18746183904856,-2.31750440331593,-4717.44577425946,-0.427422876130181
2.114,-8.67812499999999,-1.71987280484185,-1.79645032,50,-1.69788438408035,-1.78689214611868,-5109.10033367799,-0.0219884207615043,-1.31889882059348,-2.2705117703676,-4966.39714054146,-0.400973984248376
2.115,-8.57812499999998,-1.82066442670862,-1.74645031999999,50,-1.7988398594531,-1.73711874022235,-5114.14055252593,-0.0218245672555252,-1.44757979550596,-2.22130162343055,-5188.85342183655,-0.373084631202662
2.116,-8.478125,-1.91949769556196,-1.69645032,50,-1.89694441048268,-1.68737611309177,-5113.00415947909,-0.022553285079291,-1.57338479112057,-2.17012115443334,-5371.28666246192,-0.346112904441382
2.117,-8.37812499999998,-2.01553331692596,-1.64645031999999,50,-1.99220142720722,-1.63772104184927,-5112.9663039127,-0.0233318897187379,-1.69621155228565,-2.11734162934932,-5525.46937229399,-0.319321764640299
2.118,-8.278125,-2.10793199953309,-1.59645032,50,-2.08461563279054,-1.58814328423841,-5120.18484366731,-0.0233163667425404,-1.81597597656751,-2.06322543159872,-5661.47877851026,-0.29195602296557
2.119,-8.17812500000002,-2.19837233141866,-1.54645032000001,50,-2.17418954104458,-1.5385759615861,-5120.96427441223,-0.0241827903740932,-1.93260632738425,-2.00794182741745,-5769.03445405252,-0.265766004034404
2.12,-8.07812499999997,-2.28545549181743,-1.49645031999999,50,-2.2609254464804,-1.48907829752105,-5126.80914259417,-0.0245300453370234,-2.0460432683941,-1.95175440060767,-5862.61605030961,-0.239412223423332
2.121,-7.97812499999999,-2.3694612399778,-1.44645032,50,-2.34482600209828,-1.43960358204802,-5134.855481233,-0.024635237879517,-2.15623873752511,-1.89479311362388,-5941.95086640102,-0.213222502452685
2.122,-7.87812500000001,-2.45150863535397,-1.39645032000001,50,-2.42589194151581,-1.39013152606851,-5136.37455164115,-0.0256166938381479,-2.26315218510774,-1.83719023632687,-6000.5665794895,-0.188356450246218
2.123,-7.77812499999996,-2.52963932745361,-1.34645031999998,50,-2.50412513732331,-1.340722176328,-5147.0780697736,-0.0255141901302972,-2.36675233995314,-1.77913737892926,-6056.13922374641,-0.162886987500477
2.124,-7.67812499999998,-2.6052521388754,-1.29645031999999,50,-2.57952675888077,-1.29129093871278,-5155.0607230076,-0.0257253799946231,-2.46701424211468,-1.72066323513345,-6098.47301706288,-0.138237896760718
2.125,-7.578125,-2.67890659865889,-1.24645032,50,-2.65209627019001,-1.2418628791061,-5156.54361555274,-0.0268103284688894,-2.563917261606,-1.66189025536202,-6125.2763661081,-0.114989337052896
2.126,-7.47812500000002,-2.74808482245937,-1.19645032000001,50,-2.72183556627712,-1.1924977903804,-5171.43088152954,-0.0262492561822558,-2.65744838286949,-1.60296178289801,-6157.74689310132,-0.0906364395898723
2.127,-7.37812500000004,-2.81530469622583,-1.14645032000002,50,-2.78874471944712,-1.14307225469524,-5178.76295786369,-0.0265599767787031,-2.74759721008992,-1.54382592071799,-6176.04950390573,-0.0677074861359133
2.128,-7.27812499999999,-2.88000669137719,-1.09645031999999,50,-2.85282226027867,-1.09365587348812,-5183.89600053886,-0.027184431098522,-2.83435560402512,-1.48461333510494,-6186.517441358,-0.0456510873520782
2.129,-7.17812500000001,-2.94079198004335,-1.04645032,50,-2.91406929245683,-1.04426886367925,-5197.66958522028,-0.0267226875865226,-2.91772123706412,-1.42539622397503,-6200.83886665564,-0.023070742979228
2.13,-7.07812500000003,-2.99961891775878,-0.996450320200014,50,-2.97248522022821,-0.994831686756522,-5204.05367957308,-0.0271336975305616,-2.99769283448735,-1.36613914225464,-6203.72030683311,-0.00192608327143275
2.131,-6.97812499999998,-3.05536844827795,-0.946450320839989,50,-3.02806911903497,-0.945412403789977,-5212.57908668784,-0.0272993292429852,-3.07427112305272,-1.30694739976128,-6205.33147382981,0.018902674774785
2.132,-6.878125,-3.1077608018098,-0.896450320999999,50,-3.08082144896505,-0.895991286966574,-5225.01573240302,-0.0269393528447634,-3.14746017831477,-1.24783258173242,-6207.99609509678,0.0396993765049573
2.133,-6.77812500000002,-3.15819480278664,-0.846450321000008,50,-3.1307410741793,-0.846532355733668,-5230.25867600025,-0.0274537286073474,-3.21726412665586,-1.18878487715584,-6201.08886839962,0.0590693238692213
2.134,-6.678125,-3.20499186500667,-0.796450321000001,50,-3.17782772572709,-0.797101850763079,-5242.0095107114,-0.0271641392795739,-3.2836893331753,-1.12989224300697,-6198.72641076234,0.0786974681686245
2.135,-6.57812500000002,-3.24899128202912,-0.746450321000011,50,-3.22208131582747,-0.747639855395851,-5252.96505405465,-0.0269099662016639,-3.34674347804634,-1.0711126270513,-6193.96427920342,0.0977521960172141
2.136,-6.47812500000001,-3.2910323474133,-0.696450321000003,50,-3.26350025121935,-0.698153735122685,-5256.94251816224,-0.0275320961939529,-3.40643366417544,-1.0124679311107,-6180.92940845278,0.115401316762154
2.137,-6.37812499999999,-3.32887694500114,-0.646450320999995,50,-3.30208498986537,-0.648707725666152,-5271.81171840159,-0.0267919551357677,-3.462769796287,-0.954034055259712,-6177.75865926363,0.133892851285854
2.138,-6.27812500000001,-3.36448342459745,-0.596450321000005,50,-3.33783495753257,-0.599201560882075,-5281.19419140614,-0.0266484670648884,-3.51576134432743,-0.895719922808834,-6168.30346653276,0.151277919729981
2.139,-6.17812499999999,-3.39785178620227,-0.546450320999997,50,-3.37074815633076,-0.549685811901771,-5285.92555937106,-0.0271036298715211,-3.56541682010269,-0.837583165036378,-6153.59702715178,0.167565033900418
2.14,-6.07812499999998,-3.42702368344849,-0.496450320999989,50,-3.4008252633995,-0.50020328374711,-5301.41853560464,-0.0261984200489895,-3.61174776257871,-0.779671818480776,-6149.2215125488,0.184724079130207
2.141,-5.978125,-3.4542372279105,-0.446450320999999,50,-3.42806534434097,-0.450654918129739,-5309.21405028207,-0.0261718835695382,-3.65476435403306,-0.721890489246681,-6136.86286337618,0.200527126122565
2.142,-5.87812500000002,-3.47865312488312,-0.396450321000009,50,-3.45246665861736,-0.401111633744043,-5316.78663627194,-0.0261864662657602,-3.69447614217584,-0.664312420645288,-6124.11937474182,0.215823017292736
2.143,-5.778125,-3.4994320860783,-0.346450321000001,50,-3.47402955589139,-0.351575473658037,-5330.46796684244,-0.025402530186924,-3.73089486538633,-0.606940838145663,-6117.42802360256,0.231462779308023
2.144,-5.67812499999999,-3.51825269540601,-0.296450320999994,50,-3.4927528340147,-0.301990226378917,-5336.71412076569,-0.025499861391316,-3.76403075017292,-0.549719742029394,-6103.33416603153,0.24577805476692
2.145,-5.57812500000001,-3.53371612774644,-0.246450321000004,50,-3.50863564229751,-0.252424371616985,-5347.16177534157,-0.0250804854489356,-3.79389436309696,-0.492717002101758,-6093.54985043874,0.260178235350513
2.146,-5.47812499999999,-3.54610215036957,-0.196450320999996,50,-3.52167798363811,-0.202839225507836,-5359.06202710937,-0.0244241667314556,-3.82049706952513,-0.435892632124464,-6085.38948627598,0.274394919155575
2.147,-5.37812499999998,-3.5565298213544,-0.146450321007988,50,-3.53187837073297,-0.153221454058893,-5363.78647546906,-0.0246514506214378,-3.84384865337282,-0.379231415270932,-6070.27753814213,0.287318832018411
2.148,-5.278125,-3.56304078906265,-0.0964503210719979,50,-3.53923682699548,-0.103637125230786,-5377.13425212071,-0.0238039620671549,-3.86396028754429,-0.322797053226354,-6064.05695848789,0.300919498481645
2.149,-5.17812499999998,-3.5670338760931,-0.04645032111439,50,-3.54375299429222,-0.054006852567168,-5387.27618229977,-0.0232808818008634,-3.88084261637504,-0.266507393775765,-6054.93457132318,0.313808740281939
2.15,-5.078125,-3.56906861148526,0.00354967886,50,-3.54542508721019,-0.00436020106853093,-5390.49967463905,-0.0236435242750529,-3.89450468908969,-0.210388909259239,-6039.22702682759,0.325436077604439
2.151,-4.97812500000002,-3.56662711089439,0.0535496788855901,50,-3.54425399146609,0.0452391542498046,-5406.76659163177,-0.0223731194282942,-3.90495804127655,-0.154501917803074,-6036.91959896517,0.338330930382157
2.152,-4.87812499999997,-3.56222726026951,0.103549678928016,50,-3.54023897709865,0.0949112862037297,-5415.16761591811,-0.0219882831708615,-3.91221239448909,-0.0987227795199991,-6027.12135889793,0.349985134219581
2.153,-4.77812499999999,-3.55530953102948,0.153549678992006,50,-3.53337795068467,0.144583715776561,-5421.10262441144,-0.0219315803447959,-3.91627589775267,-0.0431202427098822,-6015.24625154175,0.360966366723177
2.154,-4.67812500000001,-3.54447509851287,0.203549678999996,50,-3.52367154512965,0.194233755161692,-5435.44919685643,-0.0208035533832265,-3.91715920912484,0.0122868591805023,-6012.18221523942,0.372684110611961
2.155,-4.57812499999996,-3.53168231321205,0.253549679000021,50,-3.51111882534588,0.243938825452271,-5442.21041287602,-0.0205634878661589,-3.91487119527249,0.0675798909289752,-6001.93951027939,0.383188882060443
2.156,-4.47812499999998,-3.51581211567291,0.303549679000011,50,-3.49571863993933,0.293629056071279,-5450.94583842394,-0.0200934757335632,-3.90942027888224,0.122692985592606,-5994.08216737156,0.393608163209342
2.157,-4.378125,-3.49658474389669,0.353549679000001,50,-3.4774713181778,0.343322632747869,-5463.45028211938,-0.0191134257189009,-3.90081613291224,0.177648367404756,-5990.40714544154,0.404231389015539
2.158,-4.27812500000002,-3.47539902048219,0.403549678999991,50,-3.45637567513025,0.393054225262608,-5468.64050137343,-0.0190233453519331,-3.88906668434517,0.23248475817334,-5979.83138641621,0.413667663862977
2.159,-4.17812500000004,-3.45057635831086,0.453549678999982,50,-3.43243146207894,0.442756483826087,-5480.2369060891,-0.0181448962319275,-3.87418056434424,0.287138855553201,-5976.07382155003,0.423604206033381
2.16,-4.07812499999999,-3.42295605094196,0.503549679000007,50,-3.40563867001493,0.492488390812176,-5490.95261925379,-0.0173173809270197,-3.8561664124494,0.341673669485354,-5971.84469451676,0.433210361507437
2.161,-3.97812500000001,-3.39337739193478,0.553549678999997,50,-3.37599583364084,0.542241797903552,-5494.61897987257,-0.0173815582939325,-3.83503118208729,0.396085046487206,-5960.97129187484,0.441653790152497
2.162,-3.87812500000003,-3.35960226513127,0.603549678999987,50,-3.34350357997755,0.591951817731629,-5509.11803194152,-0.0160986851537305,-3.8107836913611,0.450312050550399,-5961.33062909527,0.451181426229833
2.163,-3.77812499999997,-3.32358902216969,0.653549679000013,50,-3.30816153793505,0.641718178308007,-5518.08187331255,-0.0154274842346239,-3.78343153536764,0.504458308659723,-5956.5489699312,0.459842513197951
2.164,-3.67812499999999,-3.28533766305008,0.703549679000003,50,-3.2699679407914,0.691489868366105,-5522.35526302182,-0.0153697222586848,-3.75298069188782,0.558476648804667,-5947.46458112745,0.467643028837748
2.165,-3.57812500000001,-3.24288983269639,0.753549678999993,50,-3.22892371964462,0.741223727489939,-5537.35886212107,-0.0139661130517801,-3.71943961843099,0.612327684145392,-5949.49110048654,0.476549785734598
2.166,-3.478125,-3.19848365185031,0.803549679000001,50,-3.18502821230745,0.791018532243843,-5544.64031221633,-0.0134554395428577,-3.6828149650298,0.666113894359443,-5944.16872511095,0.484331313179496
2.167,-3.37812500000002,-3.15127982809852,0.853549678999991,50,-3.13827996481287,0.840803144391255,-5551.6799709745,-0.0129998632856424,-3.64311237989092,0.719767770094207,-5938.97004134717,0.491832551792409
2.168,-3.278125,-3.10043906261051,0.903549678999999,50,-3.08867962442829,0.890575355250414,-5564.81460839993,-0.0117594381822277,-3.60033940674505,0.773290654430955,-5940.2238022192,0.499900344134547
2.169,-3.17812499999999,-3.04763994479666,0.953549679160006,50,-3.03622629474837,0.940391257847056,-5570.50455040028,-0.0114136500482936,-3.55450184441979,0.826742112897004,-5934.38214059803,0.506861899623122
2.17,-3.07812500000001,-2.99148365274575,1.0035496798,50,-2.98091943648933,0.990182293261075,-5580.3901234563,-0.0105642162564117,-3.50560565221817,0.880056978315515,-5933.07707343162,0.514121999472417
2.171,-2.97812500000003,-2.93224995097753,1.05354967999999,50,-2.9227593675286,1.03998709984232,-5591.72555716654,-0.00949058344893327,-3.45365745461252,0.933277199074697,-5933.55445511713,0.521407503634991
2.172,-2.87812500000001,-2.871057897571,1.10354967999999,50,-2.86174491732179,1.0898189949635,-5595.88511035226,-0.00931298024921896,-3.39866220035651,0.986419320403209,-5927.18014685054,0.527604302785507
2.173,-2.778125,-2.80594914088789,1.15354968,50,-2.79787642629202,1.13961191853654,-5608.67016405003,-0.00807271459586511,-3.34062616658534,1.03942042780761,-5929.74714627878,0.534677025697444
2.174,-2.67812500000002,-2.738322503527,1.20354967999999,50,-2.73115385227204,1.18944528557207,-5618.25343166188,-0.00716865125495377,-3.27955506996383,1.09236299989027,-5929.41982859757,0.541232566436844
2.175,-2.578125,-2.66873751452779,1.25354968,50,-2.66157572368262,1.23928957695072,-5620.92390394445,-0.00716179084517095,-3.21545302454756,1.14522049966354,-5922.47891753011,0.546715510019759
2.176,-2.47812499999998,-2.59467629321249,1.30354968000001,50,-2.58914323703047,1.28908117802274,-5636.64473089488,-0.00553305618202562,-3.14832664392578,1.19793221393034,-5928.87938891532,0.553650350713298
2.177,-2.378125,-2.51865671865465,1.35354968,50,-2.51385596934901,1.33894023372104,-5644.50773675792,-0.00480074930562829,-3.07818075825667,1.25062110937677,-5927.7050036961,0.559524039602019
2.178,-2.27812499999999,-2.44011926135632,1.40354968000001,50,-2.43571212978002,1.38879434753694,-5649.91368670506,-0.00440713157628614,-3.00501867038271,1.30321753269124,-5924.34858937167,0.564899409026378
2.179,-2.17812500000001,-2.35766510399001,1.45354968,50,-2.35471264883618,1.43862092221595,-5663.74081575685,-0.00295245515383069,-2.9288462495575,1.35570155253779,-5929.68058091241,0.571181145567503
2.18,-2.07812500000003,-2.27325259429785,1.50354967999999,50,-2.27085688368005,1.48849747529147,-5669.9927931151,-0.00239571061780055,-2.84966764111284,1.40815327647575,-5927.69699469094,0.576415046814978
2.181,-1.97812499999998,-2.18576267236731,1.55354968000001,50,-2.1841439694911,1.53835423790143,-5678.22962650372,-0.00161870287620975,-2.76748662213186,1.46050545124837,-5927.95034036151,0.581723949764551
2.182,-1.878125,-2.09491557619976,1.60354968,50,-2.09457451617089,1.58820950139652,-5690.24645274612,-0.000341060028872818,-2.68230830237411,1.51277881093026,-5932.22841719582,0.587392726174354
2.183,-1.77812500000002,-2.00211012839392,1.65354967999999,50,-2.00214761328868,1.63809804403462,-5694.96026342585,3.74848947653709e-05,-2.59413613335142,1.56501050521152,-5929.44104398264,0.592026004957502
2.184,-1.67812499999997,-1.90566774183118,1.70354968000002,50,-1.90686328035483,1.68795262648988,-5706.09162216872,0.0011955385236487,-2.50297436263943,1.61713559653308,-5933.30177924232,0.597306620808242
2.185,-1.57812499999999,-1.80642771007096,1.75354968000001,50,-1.80872177022377,1.73783234284278,-5716.35373703669,0.00229406015279973,-2.40882734122484,1.66921541272748,-5936.51699543741,0.602399631153885
2.186,-1.47812500000001,-1.70522932667244,1.80354968,50,-1.70772187304373,1.78772915709211,-5719.57797373007,0.002492546371287,-2.31169783130431,1.72124408519578,-5932.91139303979,0.60646850463186
2.187,-1.37812500000003,-1.59983447547759,1.85354967999999,50,-1.60386446484391,1.83757829425693,-5733.64635345347,0.004029989366318,-2.21159055862546,1.77315894167969,-5940.36049845868,0.611756083147877
2.188,-1.27812500000005,-1.4922015081247,1.90354967999998,50,-1.49714941711429,1.8874795943526,-5742.19090951134,0.00494790898959587,-2.10850912572465,1.82506186190591,-5942.49002000895,0.616307617599945
2.189,-1.17812499999999,-1.38233042461367,1.95354968,50,-1.38757519931754,1.93738215734886,-5746.05630133973,0.00524477470385856,-2.00245561800168,1.87690392420404,-5940.1384607469,0.620125193388002
2.19,-1.07812500000001,-1.26826287330639,2.00354967999999,50,-1.27514297239412,1.9872429329773,-5760.66303534641,0.00688009908771643,-1.89343470069293,1.92864399696039,-5948.72033762819,0.625171827386544
2.191,-0.978125000000034,-1.15223696898573,2.05354967999998,49.6802677280003,-1.15985229773388,2.03716080635637,-5732.80514095737,0.00761532874814573,-1.78144933121709,1.98038282587128,-5949.77736329956,0.629212362231363
2.192,-0.878124999999983,-1.03341341717558,2.10354968000001,48.8276483359999,-1.04171109841439,2.08674501440333,-5652.24040411226,0.00829768123881738,-1.66650156404021,2.03205118423354,-5950.78407225786,0.633088146864614
2.193,-0.778125000000003,-0.911001380274335,2.1524672532,44.8804643800001,-0.920752368681092,2.13551117134883,-5236.64533686929,0.00975098840675813,-1.54859544695962,2.08364871836275,-5939.50165813173,0.637594066685279
2.194,-0.678125000000023,-0.786753494007509,2.19931420999999,39.4847627640017,-0.797111243874708,2.18037826613244,-4688.00803836357,0.0103577498672009,-1.42773827368855,2.1350624781041,-5888.11847798806,0.640984779681056
2.195,-0.578125000000007,-0.659482395476264,2.24069869,31.8858990200005,-0.671046015354731,2.22012835377288,-3898.57912730457,0.0115636198784758,-1.30395113454483,2.18592382126053,-5754.84743565623,0.644468739068564
2.196,-0.478125000000027,-0.530029543859995,2.27392032519999,24.308494780002,-0.542913101995895,2.25255408279573,-3098.23494857835,0.0128835581358976,-1.17728723855059,2.23548023574561,-5501.01369574022,0.6472576946906
2.197,-0.378125000000011,-0.39932089955156,2.3019535204,16.7432364928009,-0.413134710236471,2.27756638549432,-2333.71259802697,0.0138138106849038,-1.04785307024212,2.28262456738101,-5189.12298768001,0.648532170690555
2.198,-0.278124999999996,-0.266763648032585,2.3196403236,9.19471963519968,-0.282125827707072,2.29550631349865,-1520.57688814572,0.0153621796744757,-0.915802026208393,2.32682643078823,-4746.9362457441,0.649038378175812
2.199,-0.178125000000016,-0.133612704315572,2.3306926868,1.64982818280118,-0.150304170150929,2.30593758608367,-720.896419861869,0.0166914658353548,-0.781336907701205,2.36689166328135,-4249.08343537805,0.647724203385626
2.2,-0.078125,0,2.33658493,-5.89224351,-0.018096072145973,2.30899562988797,40.6881598249399,0.0180960721459741,-0.644709213911037,2.40231454880875,-3729.76552335426,0.644709213911035
2.201,0.0218750000000156,0.133612704315572,2.3306926868,-13.4407603676012,0.114086379394529,2.30504235559125,883.065642468407,0.0195263249210464,-0.506190382940987,2.43290480407295,-3079.33380767869,0.639803087256554
2.202,0.121874999999996,0.266763648032585,2.3196403236,-20.9976479399997,0.245820483041913,2.29334533602938,1682.99700413383,0.0209431649906759,-0.366091645950755,2.45746367265728,-2428.24423899217,0.632855293983329
2.203,0.221874999999976,0.399320899551513,2.3019535204,-28.5652978599982,0.376674085854407,2.2743070783205,2470.05876830417,0.0226468136971085,-0.224758481506758,2.47599445096339,-1753.24491783403,0.624079381058271
2.204,0.321874999999991,0.530029543859949,2.2739203252,-36.1602598759994,0.506230283770464,2.24805736168071,3316.95284604784,0.0237992600894852,-0.0825423077361253,2.48828651280847,-988.667291242865,0.612571851596087
2.205,0.421875000000007,0.659482395476264,2.24069869,-42.8411394000003,0.634060441408871,2.21405690658646,4017.86540071545,0.0254219540673839,0.0601760909530899,2.49352540779305,-242.269187625377,0.599306304523167
2.206,0.521874999999987,0.786753494007464,2.19931421000001,-47.5024536399994,0.759759293309378,2.17366075669467,4529.36180933172,0.0269942006980842,0.202997702463741,2.49188931993713,542.928064397371,0.58375579154373
2.207,0.621875000000003,0.911001380274335,2.1524672532,-49.307246744,0.883010599779333,2.12862145387594,4748.46533553529,0.0279907804950042,0.345518698646874,2.48303195329877,1318.96182268079,0.565482681627461
2.208,0.721875000000018,1.03341341717563,2.10354967999999,-50,1.00362559716738,2.08163620953551,4842.78852569505,0.0297878200082372,0.487328066496665,2.46704880500249,2018.39939151468,0.546085350678959
2.209,0.821874999999999,1.15223696898568,2.05354968,-50,1.12152576482363,2.03385601897433,4873.20031265188,0.0307112041620547,0.628038032949781,2.4446556049528,2646.89450818019,0.524198936035896
2.21,0.921875000000014,1.26826287330639,2.00354967999999,-50,1.23668243551054,1.98587009926853,4900.55786585928,0.0315804377958574,0.767300311361948,2.41651495928987,3188.84232445614,0.500962561944454
2.211,1.02187499999999,1.38233042461367,1.95354968,-50,1.34908463592728,1.93770686824875,4918.96214036268,0.0332457886863985,0.904808663024625,2.38343201171797,3649.19382550286,0.47752176158905
2.212,1.12187499999997,1.49220150812462,1.90354968000001,-50,1.45872457448865,1.88944897091163,4946.53071335905,0.0334769336359771,1.04030163992909,2.34616510890518,4055.52946013362,0.451899868195528
2.213,1.22187500000003,1.59983447547759,1.85354967999999,-50,1.56559441606991,1.84101224244382,4967.10147521785,0.0342400594076932,1.17355394133707,2.30521768195315,4399.93948363021,0.426280534140518
2.214,1.32187500000001,1.70522932667244,1.80354968,-50,1.66968576669008,1.79246133989602,4981.69900243264,0.0355435599823574,1.30437117333018,2.26116515129673,4690.64450770827,0.40085815334226
2.215,1.42187499999999,1.80642771007096,1.75354968000001,-50,1.7709936640353,1.7438513939968,5005.90107016856,0.0354340460356629,1.43258971897203,2.2145064158413,4949.49657401994,0.373837991098913
2.216,1.52187500000004,1.90566774183125,1.70354967999998,-50,1.86951219641416,1.69509413449056,5021.3926990895,0.0361555454170989,1.55806876463783,2.16553856241576,5163.65064099583,0.347598977193414
2.217,1.62187500000002,2.00211012839392,1.65354967999999,-50,1.96523522564841,1.64626992575047,5035.77430735614,0.0368749027455151,1.68068789077898,2.11467639174686,5345.4752326876,0.321422237614945
2.218,1.721875,2.09491557619976,1.60354968,-50,2.05815921136004,1.59738908373789,5055.4875824189,0.0367563648397175,1.80034716590352,2.06222027119892,5505.56776500779,0.294568410296239
2.219,1.82187499999998,2.18576267236731,1.55354968000001,-50,2.1482795059991,1.54840264489984,5067.0846487223,0.0374831663682193,1.91696106190303,2.00837260634049,5634.10178450131,0.268801610464292
2.22,1.92187499999996,2.27325259429779,1.50354968000002,-50,2.23559220311482,1.499385442032,5082.28610525946,0.0376603911829664,2.0304582285321,1.95342589238325,5745.95314159243,0.242794365765686
2.221,2.02187500000001,2.35766510399001,1.45354968,-50,2.320094591449,1.45030436242846,5098.4164387372,0.037570512541,2.14078014061059,1.89753531334741,5841.19486789566,0.216884963379409
2.222,2.12187499999999,2.44011926135632,1.40354968000001,-50,2.40178276915531,1.40115095943031,5106.91133075059,0.0383364922010229,2.24787713820868,1.84085514082708,5913.65637907535,0.192242123147641
2.223,2.22187499999997,2.51865671865462,1.35354968000002,-50,2.48065460802138,1.35199559120029,5123.62590853063,0.0380021106332389,2.35171001998033,1.7835961766713,5981.27701559345,0.166946698674279
2.224,2.32187500000002,2.59467629321252,1.30354967999999,-50,2.55670782914977,1.30276263967545,5136.78001413296,0.0379684640627527,2.45224692517215,1.725803854054,6034.09083653623,0.142429368040382
2.225,2.421875,2.66873751452779,1.25354968,-50,2.62993892919031,1.25348498145393,5142.70386932768,0.0387985853374803,2.54946122077169,1.66761522238409,6070.00677721647,0.119276293756112
2.226,2.52187499999998,2.73832250352698,1.20354968000001,-50,2.70034725423214,1.20422920413486,5161.39673890349,0.0379752492948331,2.64333467115588,1.609186356439,6110.39741341307,0.0949878323711022
2.227,2.621875,2.80594914088789,1.15354968,-50,2.76793069157813,1.15487779887054,5171.98210099899,0.0380184493097566,2.73385234322869,1.55047646138312,6135.58039958597,0.0720967976592101
2.228,2.72187499999998,2.87105789757098,1.10354968000001,-50,2.8326859032163,1.1055055029531,5179.88848562657,0.0383719943546914,2.82100215582418,1.49162588319178,6152.02222989241,0.0500557417467861
2.229,2.82187499999999,2.93224995097751,1.05354968,-50,2.8946123992009,1.05613699535576,5196.01852837224,0.0376375517766129,2.90477835846354,1.43271525855783,6171.52729461171,0.0274715925139773
2.23,2.92187500000001,2.99148365274575,1.0035496798,-50,2.95370822898633,1.00669661255193,5204.3972491257,0.0377754237594255,2.98517670605749,1.37371649879663,6178.90361333251,0.00630694668825722
2.231,3.02187499999999,3.04763994479666,0.953549679160006,-50,3.00997132056113,0.95725577811052,5214.60342409748,0.0376686242355216,3.06219534940818,1.31474132498084,6184.40943738605,-0.014555404611511
2.232,3.121875,3.10043906261051,0.903549678999999,-50,3.06340116642351,0.907797680152752,5228.448697707,0.0370378961869907,3.13583613183209,1.25580690910317,6190.44565111572,-0.0353970692215821
2.233,3.22187500000002,3.15127982809852,0.853549678999991,-50,3.11399581909046,0.858288865729611,5234.86458584861,0.0372840090080647,3.20610124698742,1.19690830840379,6186.45437047642,-0.0548214188888998
2.234,3.321875,3.19848365185031,0.803549679000001,-50,3.16175433306777,0.808797763797923,5247.58444405804,0.0367293187825581,3.27299538819467,1.13813772031739,6186.61102807423,-0.074511736344357
2.235,3.42187499999998,3.24288983269638,0.753549679000011,-50,3.20667606094189,0.759266350378702,5259.33268793672,0.0362137717544795,3.33652479111896,1.07945678539261,6184.02242015418,-0.0936349584225844
2.236,3.52187499999999,3.28533766305008,0.703549679000003,-50,3.24875895090396,0.709703626806597,5263.95061398396,0.0365787121461195,3.39669531207088,1.02089062110983,6172.86022791105,-0.111357649020798
2.237,3.62187500000001,3.3235890221697,0.653549678999995,-50,3.28800308967542,0.660175240536395,5279.32903296137,0.0355859324942784,3.45351578148643,0.962517926550331,6171.30036857534,-0.129926759316724
2.238,3.72187499999999,3.35960226513126,0.603549679000005,-50,3.3244076070722,0.610582141810319,5289.10768194561,0.0351946580590552,3.50699474497686,0.904250060373285,6163.22826753378,-0.147392479845612
2.239,3.82187500000001,3.39337739193478,0.553549678999997,-50,3.35797027409586,0.560975948816613,5294.13806131069,0.0354071178389189,3.55713992048147,0.846146772718396,6149.70680690373,-0.163762528546694
2.24,3.92187500000002,3.42295605094197,0.503549678999989,-50,3.3886915925383,0.511400365931889,5309.84673593322,0.0342644584036657,3.6039621665834,0.788257942597168,6146.34408515404,-0.181006115641429
2.241,4.021875,3.45057635831085,0.453549678999999,-50,3.4165705004926,0.461757105394109,5317.78660554185,0.0340058578182506,3.64747108382823,0.730489777202725,6134.8485758607,-0.196894725517368
2.242,4.12187500000002,3.47539902048219,0.403549678999991,-50,3.44160517087085,0.412117745109763,5325.44263323012,0.0337938496113268,3.68767572391975,0.672916911150142,6122.83824720739,-0.212276703437558
2.243,4.221875,3.49658474389669,0.353549679000001,-50,3.46379590177746,0.362484890379126,5339.15560185753,0.0327888421192332,3.72458740369998,0.615543778063551,6116.76727531115,-0.228002659803294
2.244,4.32187499999998,3.51581211567291,0.303549679000011,-50,3.48314146929343,0.312802807261949,5345.38943528602,0.0326706463794675,3.75821599277557,0.55831542627469,6103.19594361072,-0.242403877102654
2.245,4.42187500000003,3.53168231321206,0.253549678999986,-50,3.49964102623118,0.263140380106061,5355.7876241783,0.0320412869808661,3.78857175687413,0.501300634682746,6093.84931630801,-0.256889443662084
2.246,4.52187500000001,3.54447509851287,0.203549678999996,-50,3.51329460036156,0.213459266374457,5367.60723227804,0.0311804981513057,3.8156658091451,0.444460204988954,6086.0532038928,-0.27119071063223
2.247,4.62187499999999,3.55530953102948,0.153549678992006,-50,3.52410074722234,0.163746417974618,5372.22497909188,0.0312087838071593,3.83950772339233,0.387779602195407,6071.24195343696,-0.284198192362839
2.248,4.72187500000004,3.56222726026952,0.10354967892798,-50,3.53205954808688,0.114068141219112,5385.44443237224,0.0301677121826258,3.86010849883954,0.331323117840384,6065.26712913182,-0.297881238570022
2.249,4.82187500000002,3.56662711089439,0.0535496788855901,-50,3.53717071515858,0.0643452468223978,5395.44024321353,0.0294563957357935,3.87747863764193,0.275009109419719,6056.34304388468,-0.310851526747525
2.25,4.921875,3.56906861148526,0.00354967886,-50,3.53943254364122,0.0146074614522586,5398.50314772073,0.0296360678440395,3.89162707405161,0.218864489296379,6040.79289036347,-0.322558462566355
2.251,5.02187499999998,3.5670338760931,-0.04645032111439,-50,3.53884600824693,-0.0350814090720232,5414.59788685297,0.0281878678461807,3.90256525215201,0.162949954746626,6038.60764441994,-0.335531376058905
2.252,5.12187499999996,3.56304078906265,-0.0964503210719801,-50,3.53541047473994,-0.0848413334470089,5422.81762567033,0.027630314322709,3.91030282219577,0.107142191988105,6028.9013407313,-0.347262033133127
2.253,5.22187500000001,3.5565298213544,-0.146450321008006,-50,3.52912395072928,-0.134599751536333,5428.56436654149,0.0274058706251326,3.91484787926918,0.0515102292557954,6017.09223145561,-0.35831805791479
2.254,5.32187499999999,3.54610215036957,-0.196450320999996,-50,3.51998717423666,-0.184333914093634,5442.71749814213,0.0261149761328939,3.91621104238217,-0.00392686012894277,6014.07198390642,-0.370108892012612
2.255,5.42187499999997,3.53371612774645,-0.246450320999986,-50,3.50799931833139,-0.234121197509696,5449.28165295926,0.025716809415066,3.91440115190436,-0.059250235747682,6003.85410233358,-0.380685024157904
2.256,5.52187500000002,3.518252695406,-0.296450321000011,-50,3.49315934192641,-0.283891700860781,5457.81772410437,0.0250933534796056,3.90942661511787,-0.114393855623742,5996.00543540048,-0.391173919711871
2.257,5.621875,3.4994320860783,-0.346450321000001,-50,3.47546768598409,-0.333663591786207,5470.12170171248,0.0239644000942108,3.9012970988546,-0.16937979515321,5992.32543906075,-0.401865012776309
2.258,5.72187499999998,3.47865312488313,-0.396450320999992,-50,3.45492327799226,-0.383471532874694,5475.1112883987,0.0237298468908605,3.89002053183398,-0.224246650510081,5981.73316252212,-0.411367406950863
2.259,5.821875,3.4542372279105,-0.446450320999999,-50,3.43152598181466,-0.433248175852006,5486.50768888167,0.0227112460958315,3.87560555359328,-0.278931013296994,5977.949359579,-0.421368325682783
2.26,5.92187499999998,3.42702368344849,-0.496450320999989,-50,3.40527590072761,-0.483052511917147,5497.02475938514,0.0217477827208798,3.85806081763783,-0.333495804334511,5973.6859171849,-0.431037134189335
2.261,6.02187499999999,3.39785178620227,-0.546450320999997,-50,3.37617168102046,-0.532876408310019,5500.49440555348,0.0216801051818089,3.83739329602877,-0.387936796275893,5962.77149546015,-0.439541509826494
2.262,6.12187500000001,3.36448342459745,-0.596450321000005,-50,3.34421406026083,-0.58265499840823,5514.79911715688,0.020269364336629,3.81361182937062,-0.442192991999899,5963.08427217641,-0.449128404773174
2.263,6.22187499999999,3.32887694500114,-0.646450320999995,-50,3.30940277660022,-0.632488035038541,5523.57143350346,0.0194741684009104,3.78672403845399,-0.496367968166322,5958.25158979046,-0.457847093452847
2.264,6.32187500000001,3.2910323474133,-0.696450321000003,-50,3.27173617102111,-0.682324535772463,5527.65643636167,0.0192961763921772,3.75673592935045,-0.550414512441737,5949.11260546167,-0.465703581937136
2.265,6.42187500000002,3.24899128202912,-0.746450321000011,-50,3.2312152805899,-0.732121371956543,5542.47500776752,0.0177760014392225,3.72365598993386,-0.6042932059177,5951.08168458626,-0.474664707904748
2.266,6.521875,3.20499186500667,-0.796450321000001,-50,3.187839547211,-0.781977353901471,5549.57503678089,0.0171523177956646,3.68749090224562,-0.658106502946721,5945.69972467634,-0.482499037238956
2.267,6.62187499999998,3.15819480278666,-0.846450320999991,-50,3.14160761901182,-0.831821379341309,5556.43705034963,0.0165871837748306,3.64824634776641,-0.711786875334176,5940.43988715326,-0.490051544979768
2.268,6.721875,3.1077608018098,-0.896450320999999,-50,3.0925202432502,-0.881651277066546,5569.39789859131,0.0152405585596053,3.60592990442813,-0.765335652639218,5941.63136945794,-0.498169102618313
2.269,6.82187500000001,3.05536844827793,-0.946450320840006,-50,3.04057662134479,-0.931523178254133,5574.91801807469,0.0147918269331358,3.56054740591658,-0.81881239097664,5935.72674290019,-0.505178957638665
2.27,6.92187499999999,2.9996189177588,-0.996450320199996,-50,2.98577630962245,-0.981368563094126,5584.63780267293,0.0138426081363552,3.51210484681635,-0.872151917805308,5934.35838741007,-0.512485929057552
2.271,7.02187500000001,2.94079198004335,-1.04645032,-50,2.92811971931434,-1.03122610960592,5595.8115063138,0.0126722607290284,3.46060888709276,-0.925396179496883,5934.77244891699,-0.519816907049391
2.272,7.12187500000002,2.88000669137717,-1.09645032000001,-50,2.86760577095226,-1.08110917499412,5599.81340659662,0.0124009204249158,3.40606451103105,-0.978561721948699,5928.33504953437,-0.526057819653876
2.273,7.221875,2.81530469622586,-1.14645032,-50,2.80423489375015,-1.13095173911357,5612.44490114472,0.0110698024757036,3.34847803119101,-1.03158563373539,5930.83942348218,-0.533173334965149
2.274,7.32187500000002,2.74808482245937,-1.19645032000001,-50,2.73800713204042,-1.18083325700847,5621.87863921215,0.0100776904189569,3.28785519942398,-1.08455039869914,5930.45008218968,-0.539770376964606
2.275,7.421875,2.67890659865889,-1.24645032,-50,2.66892109846843,-1.23072424894086,5624.40358428372,0.00998550019045727,3.2242001646362,-1.1374294863373,5923.44790511944,-0.545293565977319
2.276,7.52187499999998,2.6052521388754,-1.29645031999999,-50,2.59697807151802,-1.28056113933041,5639.98288357422,0.00827406735737381,3.15751957485527,-1.19016219136058,5929.78803292447,-0.552267435979875
2.277,7.62187500000003,2.52963932745356,-1.34645032000002,-50,2.52217770796368,-1.33046411209333,5647.70826415715,0.00746161948987713,3.08781829418152,-1.24287148986687,5928.55428327625,-0.558178966727954
2.278,7.72187500000001,2.45150863535397,-1.39645032000001,-50,2.44451829448208,-1.38036080874984,5652.98042963148,0.0069903408718827,3.0150996588458,-1.29548773846372,5925.13956380711,-0.563591023491823
2.279,7.82187499999999,2.3694612399778,-1.44645032,-50,2.36400083695975,-1.43022866944888,5666.67759073369,0.00546040301804444,2.9393695709011,-1.34799101645613,5930.41441603869,-0.569908330923288
2.28,7.92187500000004,2.28545549181737,-1.49645032000002,-50,2.28062476579813,-1.48014524884599,5672.80332093949,0.00483072601922676,2.86063220784127,-1.40046144300818,5928.37488174263,-0.575176716023898
2.281,8.02187500000002,2.19837233141866,-1.54645032000001,-50,2.19438928731551,-1.53004081426292,5680.91754946263,0.00398304410314746,2.77889137824046,-1.45283177668355,5928.57350449553,-0.580519046821791
2.282,8.121875,2.10793199953309,-1.59645032,-50,2.10529508050137,-1.57993369245587,5692.81531514417,0.00263691903172341,2.69415222266352,-1.50512276367105,5932.7980902258,-0.586220223130418
2.283,8.22187499999998,2.01553331692596,-1.64645031999999,-50,2.01334130201173,-1.62985869613189,5697.41354703528,0.00219201491422219,2.6064182227323,-1.55737156581743,5929.9584928234,-0.590884905806349
2.284,8.32187499999996,1.919497695562,-1.69645031999998,-50,1.91852803648788,-1.67974861978561,5708.43273525951,0.000969659074123301,2.51569365542722,-1.60951325802439,5933.76828862968,-0.596195959865227
2.285,8.42187500000001,1.82066442670858,-1.74645032000001,-50,1.82085559999834,-1.72966259058933,5718.5860225741,-0.000191173289765702,2.42198290042164,-1.66160918072985,5936.93387042728,-0.601318473713044
2.286,8.52187499999999,1.71987280484185,-1.79645032,-50,1.72032284402806,-1.7795926049816,5721.70468219064,-0.000450039186212977,2.32528874787189,-1.71365347810765,5933.27992666977,-0.605415943030036
2.287,8.62187499999997,1.61488471517877,-1.84645031999999,-50,1.61693070411011,-1.82947391952003,5735.67064080424,-0.00204598893133749,2.22561595075713,-1.76558349054194,5940.68196504549,-0.61073123557837
2.288,8.72187500000003,1.50765851119104,-1.89645032000001,-50,1.51067910945764,-1.87940640484017,5744.11583586313,-0.00302059826659245,2.12296813812643,-1.81750111021002,5942.76566954643,-0.61530962693538
2.289,8.82187500000001,1.39819419287881,-1.94645032,-50,1.40156658552868,-1.92933919060261,5747.8848473668,-0.00337239264988222,2.01734742118588,-1.86935742764902,5940.36953144277,-0.619153228307082
2.29,8.92187499999999,1.28453340333249,-1.99645031999999,-50,1.28959434758019,-1.97922925545295,5762.39814230186,-0.00506094424768721,1.90875849028235,-1.92111132332544,5948.90809236835,-0.624225086949852
2.291,9.021875,1.16891426054356,-2.04645032,-50,1.17476200967349,-2.02917551301618,5769.20314941385,-0.00584774912992685,1.79720432724692,-1.97286355522407,5949.92301730697,-0.628290066703375
2.292,9.12187499999998,1.05049747026528,-2.09645031999999,-50,1.05706838629935,-2.07910695994561,5775.77998471352,-0.00657091603407184,1.68268701026707,-2.0245449084727,5950.88881794833,-0.632189540001791
2.293,9.221875,0.928443744209514,-2.14645032,-50,0.936514385524018,-2.12902152001706,5788.4650671997,-0.00807064131450335,1.56521061019022,-2.07615504098969,5958.13646596385,-0.636766865980714
2.294,9.32187500000001,0.804431667203005,-2.19645032000001,-50,0.813099364250131,-2.17897541527927,5793.71848411615,-0.00866769704712824,1.44477754885383,-2.12775185616303,5958.12075557074,-0.640345881650828
2.295,9.42187499999999,0.67706241595947,-2.24645032,-50,0.686823029178053,-2.22890021343945,5803.18028189103,-0.00976061321859322,1.32139050302913,-2.17926855173723,5962.47659158697,-0.644328087069669
2.296,9.52187500000001,0.546615753738069,-2.29645032,-50,0.557685936993566,-2.27883467670202,5814.10442288798,-0.0110701832555012,1.19505290750603,-2.23074547012463,5968.45294314253,-0.64843715376795
2.297,9.62187499999999,0.414210739259629,-2.34645031999999,-48.0000000000018,0.42568714894023,-2.3287922436437,5600.47355249366,-0.0114764096805908,1.06576661247915,-2.28219758172285,5967.41891195867,-0.651555873219533
2.298,9.721875,0.277889021183704,-2.39645032,-31.9999999999993,0.29088452615098,-2.376706972349,3907.81063938172,-0.0129955049672877,0.93353488583188,-2.3335604294612,5975.17086675861,-0.655645864648182
2.299,9.82187499999998,0.139678892496341,-2.43238782,-7.000000000005,0.153784838475869,-2.40897493442417,1837.81063938172,-0.0141059459795265,0.798360522403339,-2.38491498276972,5738.62435716775,-0.658681629907008
2.3,9.921875,-3.36691530453939e-15,-2.45738782,25,0.0153833360068669,-2.42214888115812,-232.189360618286,-0.0153833360068618,0.660308384507419,-2.43401370863237,5345.48449461193,-0.660308384507414
2.301,-9.97812499999998,-0.139678892496344,-2.43238782,41.0000000000025,-0.123226822618048,-2.41625840827464,-2302.18936061829,-0.0164520698783029,0.519548893203633,-2.47941944473442,4153.1554911318,-0.659227785699987
2.302,-9.878125,-0.277889021183704,-2.39645032,50,-0.260954173156787,-2.39133306562412,-4372.18936061829,-0.0169348480269056,0.3765041119928,-2.51378537511349,2934.39175869352,-0.654393133176493
2.303,-9.77812499999999,-0.414210739259629,-2.34645031999999,50,-0.396708943136837,-2.34740235725472,-5319.53189926802,-0.0175017961228005,0.231813052088077,-2.53688541196204,1642.07883363168,-0.646023791347714
2.304,-9.67812500000001,-0.546615753738069,-2.29645032,50,-0.529698937491137,-2.29482419012771,-5280.55449414402,-0.0169168162469356,0.0861400860561787,-2.54806036484291,513.606106589454,-0.632755839794258
2.305,-9.57812500000003,-0.677062415959425,-2.24645032000001,50,-0.659689032375232,-2.24268611128688,-5241.16773983443,-0.0173733835842002,-0.0598752404639291,-2.54883604745803,-457.206306575089,-0.617187175495485
2.306,-9.47812499999998,-0.80443166720305,-2.19645031999999,50,-0.786704531337064,-2.19099120460791,-5210.00625717128,-0.0177271358659866,-0.205679107992259,-2.54067905356398,-1299.26582346662,-0.598752559210788
2.307,-9.378125,-0.928443744209514,-2.14645032,50,-0.910768638734972,-2.13966311067479,-5188.05794665362,-0.0176751054745378,-0.350794042702455,-2.52478775545506,-2031.24623111611,-0.577649701507065
2.308,-9.27812500000002,-1.05049747026524,-2.09645032000001,50,-1.03189992687408,-2.08861649974404,-5163.53563980039,-0.01859754339115,-0.494806257555863,-2.50218686910784,-2656.78862249704,-0.555691212709366
2.309,-9.17812499999997,-1.1689142605436,-2.04645031999998,50,-1.15011518944738,-2.03787461628327,-5149.54569638628,-0.0187990710962191,-0.637359672264166,-2.47386602413375,-3202.45738988098,-0.531554588279444
2.31,-9.07812499999999,-1.28453340333249,-1.99645031999999,50,-1.26542909660573,-1.98734009022128,-5138.26569198474,-0.0191043067267577,-0.778147862868536,-2.44056892380944,-3672.16874746286,-0.506385540463947
2.311,-8.97812500000001,-1.39819419287881,-1.94645032,50,-1.37785280561227,-1.93698766871517,-5123.05982249947,-0.0203413872665248,-0.916905951285828,-2.40300208950087,-4069.52506027493,-0.481288241592974
2.312,-8.87812500000003,-1.50765851119104,-1.89645032000001,50,-1.48739777690659,-1.88685318746167,-5121.4027475086,-0.0202607342844651,-1.05340855931133,-2.36183780570762,-4420.92976009181,-0.454249951879718
2.313,-8.77812500000005,-1.6148847151787,-1.84645032000002,50,-1.59407291693964,-1.83681165974402,-5116.57125573364,-0.0208117982390491,-1.18746183904857,-2.31750440331593,-4717.44577425951,-0.42742287613013
2.314,-8.67812499999999,-1.71987280484185,-1.79645032,50,-1.69788438408036,-1.78689214611867,-5109.10033367812,-0.0219884207614789,-1.31889882059348,-2.2705117703676,-4966.39714054143,-0.400973984248376
2.315,-8.57812500000001,-1.82066442670858,-1.74645032000001,50,-1.79883985945311,-1.73711874022235,-5114.14055252593,-0.0218245672554743,-1.44757979550596,-2.22130162343055,-5188.85342183661,-0.373084631202611
2.316,-8.47812500000003,-1.91949769556193,-1.69645032000002,50,-1.89694441048269,-1.68737611309177,-5113.00415947909,-0.0225532850792401,-1.57338479112057,-2.17012115443333,-5371.28666246178,-0.346112904441357
2.317,-8.37812499999998,-2.01553331692596,-1.64645031999999,50,-1.99220142720723,-1.63772104184927,-5112.96630391262,-0.0233318897187379,-1.69621155228565,-2.11734162934931,-5525.46937229398,-0.319321764640299
2.318,-8.278125,-2.10793199953309,-1.59645032,50,-2.08461563279055,-1.5881432842384,-5120.18484366724,-0.0233163667425404,-1.81597597656752,-2.06322543159872,-5661.47877851025,-0.29195602296557
2.319,-8.17812500000002,-2.19837233141866,-1.54645032000001,50,-2.17418954104458,-1.5385759615861,-5120.96427441236,-0.0241827903740677,-1.93260632738425,-2.00794182741745,-5769.03445405252,-0.265766004034404
2.32,-8.07812500000001,-2.2854554918174,-1.49645032,50,-2.26092544648041,-1.48907829752104,-5126.80914259398,-0.0245300453369979,-2.04604326839411,-1.95175440060767,-5862.61605030969,-0.239412223423281
2.321,-7.97812500000003,-2.36946123997777,-1.44645032000001,50,-2.34482600209828,-1.43960358204802,-5134.85548123284,-0.0246352378794915,-2.15623873752511,-1.89479311362388,-5941.9508664009,-0.213222502452659
2.322,-7.87812500000001,-2.45150863535397,-1.39645032000001,50,-2.42589194151582,-1.3901315260685,-5136.37455164113,-0.0256166938381479,-2.26315218510775,-1.83719023632687,-6000.56657948951,-0.188356450246218
2.323,-7.77812499999999,-2.52963932745359,-1.34645032,50,-2.50412513732332,-1.340722176328,-5147.07806977347,-0.0255141901302718,-2.36675233995314,-1.77913737892926,-6056.13922374631,-0.162886987500452
2.324,-7.67812500000002,-2.60525213887537,-1.29645032000001,50,-2.57952675888078,-1.29129093871278,-5155.06072300749,-0.0257253799945977,-2.46701424211468,-1.72066323513345,-6098.47301706279,-0.138237896760692
2.325,-7.578125,-2.67890659865889,-1.24645032,50,-2.65209627019001,-1.2418628791061,-5156.54361555276,-0.0268103284688894,-2.563917261606,-1.66189025536202,-6125.27636610813,-0.114989337052896
2.326,-7.47812499999999,-2.74808482245939,-1.19645031999999,50,-2.72183556627712,-1.1924977903804,-5171.43088152966,-0.0262492561822813,-2.65744838286949,-1.60296178289801,-6157.74689310145,-0.0906364395898978
2.327,-7.378125,-2.81530469622586,-1.14645032,50,-2.78874471944713,-1.14307225469524,-5178.76295786379,-0.0265599767787285,-2.74759721008992,-1.54382592071799,-6176.04950390584,-0.0677074861359387
2.328,-7.27812500000002,-2.88000669137717,-1.09645032000001,50,-2.85282226027868,-1.09365587348811,-5183.89600053874,-0.0271844310984965,-2.83435560402512,-1.48461333510494,-6186.51744135788,-0.0456510873520528
2.329,-7.17812500000001,-2.94079198004335,-1.04645032,50,-2.91406929245683,-1.04426886367925,-5197.66958522029,-0.0267226875865226,-2.91772123706413,-1.42539622397504,-6200.83886665564,-0.023070742979228
2.33,-7.07812499999999,-2.9996189177588,-0.996450320199996,50,-2.97248522022822,-0.994831686756522,-5204.05367957319,-0.0271336975305871,-2.99769283448736,-1.36613914225464,-6203.72030683341,-0.00192608327143275
2.331,-6.97812500000001,-3.05536844827793,-0.946450320840006,50,-3.02806911903498,-0.945412403789976,-5212.57908668772,-0.0272993292429598,-3.07427112305272,-1.30694739976128,-6205.33147382966,0.0189026747748105
2.332,-6.878125,-3.1077608018098,-0.896450320999999,50,-3.08082144896506,-0.895991286966575,-5225.01573240322,-0.026939352844738,-3.14746017831477,-1.24783258173242,-6207.99609509695,0.0396993765049828
2.333,-6.77812499999998,-3.15819480278666,-0.846450320999991,50,-3.1307410741793,-0.846532355733667,-5230.25867600053,-0.0274537286073474,-3.21726412665587,-1.18878487715584,-6201.08886839987,0.0590693238692213
2.334,-6.678125,-3.20499186500667,-0.796450321000001,50,-3.1778277257271,-0.797101850763075,-5242.00951071133,-0.0271641392795739,-3.28368933317531,-1.12989224300697,-6198.72641076244,0.07869746816865
2.335,-6.57812499999999,-3.24899128202914,-0.746450320999993,50,-3.22208131582747,-0.747639855395848,-5252.96505405489,-0.0269099662016639,-3.34674347804635,-1.07111262705129,-6193.96427920361,0.0977521960172141
2.336,-6.47812500000001,-3.2910323474133,-0.696450321000003,50,-3.26350025121936,-0.698153735122679,-5256.94251816234,-0.0275320961939274,-3.40643366417544,-1.01246793111069,-6180.92940845265,0.115401316762154
2.337,-6.37812500000003,-3.32887694500113,-0.646450321000013,50,-3.30208498986537,-0.648707725666146,-5271.81171840137,-0.0267919551357422,-3.462769796287,-0.954034055259705,-6177.75865926341,0.13389285128588
2.338,-6.27812499999997,-3.36448342459747,-0.596450320999987,50,-3.33783495753257,-0.59920156088207,-5281.19419140636,-0.0266484670648884,-3.51576134432743,-0.895719922808829,-6168.30346653279,0.151277919729956
2.339,-6.17812499999999,-3.39785178620227,-0.546450320999997,50,-3.37074815633076,-0.549685811901764,-5285.92555937114,-0.0271036298714956,-3.56541682010269,-0.837583165036374,-6153.5970271517,0.167565033900418
2.34,-6.07812500000001,-3.42702368344848,-0.496450321000007,50,-3.40082526339951,-0.500203283747102,-5301.41853560422,-0.0261984200489895,-3.61174776257871,-0.779671818480771,-6149.22151254862,0.184724079130233
2.341,-5.97812499999996,-3.45423722791051,-0.446450320999981,50,-3.42806534434098,-0.450654918129735,-5309.21405028231,-0.0261718835695382,-3.65476435403306,-0.721890489246679,-6136.86286337644,0.200527126122565
2.342,-5.87812499999998,-3.47865312488313,-0.396450320999992,50,-3.45246665861737,-0.401111633744037,-5316.78663627215,-0.0261864662657602,-3.69447614217585,-0.664312420645283,-6124.11937474185,0.215823017292711
2.343,-5.778125,-3.4994320860783,-0.346450321000001,50,-3.47402955589139,-0.35157547365803,-5330.46796684232,-0.025402530186924,-3.73089486538633,-0.606940838145658,-6117.42802360247,0.231462779308023
2.344,-5.67812500000002,-3.518252695406,-0.296450321000011,50,-3.4927528340147,-0.301990226378911,-5336.71412076547,-0.0254998613912905,-3.76403075017292,-0.549719742029389,-6103.33416603116,0.24577805476692
2.345,-5.57812500000004,-3.53371612774644,-0.246450321000021,50,-3.50863564229751,-0.252424371616981,-5347.1617753412,-0.0250804854489356,-3.79389436309696,-0.492717002101757,-6093.54985043842,0.260178235350513
2.346,-5.47812499999999,-3.54610215036957,-0.196450320999996,50,-3.52167798363811,-0.202839225507836,-5359.06202710936,-0.0244241667314556,-3.82049706952514,-0.435892632124466,-6085.38948627601,0.274394919155575
2.347,-5.37812500000001,-3.5565298213544,-0.146450321008006,50,-3.53187837073297,-0.153221454058892,-5363.78647546875,-0.0246514506214378,-3.84384865337282,-0.379231415270934,-6070.27753814204,0.287318832018436
2.348,-5.27812500000003,-3.56304078906265,-0.0964503210720156,50,-3.53923682699549,-0.103637125230788,-5377.13425212045,-0.0238039620671549,-3.86396028754429,-0.322797053226357,-6064.05695848763,0.300919498481645
2.349,-5.17812499999998,-3.5670338760931,-0.04645032111439,50,-3.54375299429222,-0.0540068525671725,-5387.27618229985,-0.0232808818008634,-3.88084261637504,-0.26650739377577,-6054.93457132326,0.313808740281939
2.35,-5.078125,-3.56906861148526,0.00354967886,50,-3.54542508721019,-0.00436020106853474,-5390.49967463911,-0.0236435242750529,-3.89450468908969,-0.210388909259243,-6039.22702682765,0.325436077604439
2.351,-4.97812500000002,-3.56662711089439,0.0535496788855901,50,-3.54425399146609,0.0452391542498014,-5406.76659163182,-0.0223731194282942,-3.90495804127655,-0.154501917803077,-6036.91959896523,0.338330930382157
2.352,-4.878125,-3.56222726026951,0.103549678927998,50,-3.54023897709865,0.094911286203727,-5415.16761591785,-0.0219882831708615,-3.91221239448909,-0.0987227795200019,-6027.12135889767,0.349985134219581
2.353,-4.77812500000002,-3.55530953102949,0.153549678991988,50,-3.53337795068468,0.144583715776555,-5421.10262441103,-0.0219315803448213,-3.91627589775267,-0.0431202427098873,-6015.24625154154,0.360966366723177
2.354,-4.67812500000001,-3.54447509851287,0.203549678999996,50,-3.52367154512965,0.194233755161683,-5435.44919685657,-0.0208035533832265,-3.91715920912484,0.0122868591804952,-6012.18221523954,0.372684110611961
2.355,-4.57812499999999,-3.53168231321205,0.253549679000004,50,-3.51111882534588,0.243938825452263,-5442.21041287566,-0.0205634878661843,-3.91487119527249,0.0675798909289692,-6001.9395102792,0.383188882060443
2.356,-4.47812500000001,-3.51581211567291,0.303549678999994,50,-3.49571863993934,0.293629056071268,-5450.94583842382,-0.0200934757335632,-3.90942027888224,0.122692985592598,-5994.08216737139,0.393608163209342
2.357,-4.378125,-3.49658474389669,0.353549679000001,50,-3.4774713181778,0.343322632747857,-5463.45028211958,-0.0191134257189009,-3.90081613291224,0.177648367404746,-5990.4071454417,0.404231389015539
2.358,-4.27812499999998,-3.47539902048218,0.403549679000009,50,-3.45637567513025,0.393054225262598,-5468.64050137389,-0.0190233453519331,-3.88906668434518,0.232484758173333,-5979.83138641683,0.413667663863002
2.359,-4.178125,-3.45057635831085,0.453549678999999,50,-3.43243146207894,0.442756483826081,-5480.23690608969,-0.018144896231902,-3.87418056434424,0.287138855553199,-5976.07382155036,0.423604206033381
2.36,-4.07812500000002,-3.42295605094197,0.503549678999989,50,-3.40563867001494,0.492488390812176,-5490.95261925331,-0.0173173809270451,-3.8561664124494,0.341673669485355,-5971.84469451644,0.433210361507437
2.361,-3.97812500000001,-3.39337739193478,0.553549678999997,50,-3.37599583364084,0.542241797903547,-5494.61897987265,-0.0173815582939325,-3.8350311820873,0.396085046487204,-5960.97129187506,0.441653790152522
2.362,-3.87812499999999,-3.35960226513126,0.603549679000005,50,-3.34350357997755,0.591951817731625,-5509.11803194208,-0.016098685153705,-3.81078369136111,0.450312050550399,-5961.33062909576,0.451181426229859
2.363,-3.77812500000001,-3.3235890221697,0.653549678999995,50,-3.30816153793506,0.641718178308008,-5518.08187331204,-0.0154274842346493,-3.78343153536764,0.504458308659727,-5956.54896993082,0.459842513197951
2.364,-3.67812499999999,-3.28533766305008,0.703549679000003,50,-3.2699679407914,0.691489868366102,-5522.35526302188,-0.0153697222586848,-3.75298069188783,0.558476648804668,-5947.46458112743,0.467643028837748
2.365,-3.57812499999998,-3.24288983269638,0.753549679000011,50,-3.22892371964462,0.741223727489935,-5537.35886212161,-0.0139661130517547,-3.71943961843099,0.612327684145393,-5949.49110048701,0.476549785734624
2.366,-3.478125,-3.19848365185031,0.803549679000001,50,-3.18502821230746,0.791018532243845,-5544.6403122163,-0.0134554395428577,-3.68281496502981,0.666113894359448,-5944.16872511086,0.484331313179496
2.367,-3.37812499999998,-3.15127982809851,0.853549679000009,50,-3.13827996481288,0.840803144391257,-5551.67997097496,-0.012999863285617,-3.64311237989093,0.719767770094211,-5938.97004134759,0.491832551792434
2.368,-3.278125,-3.10043906261051,0.903549678999999,50,-3.0886796244283,0.89057535525042,-5564.81460840002,-0.0117594381822023,-3.60033940674506,0.773290654430963,-5940.22380221906,0.499900344134547
2.369,-3.17812500000002,-3.04763994479668,0.953549679159989,50,-3.03622629474837,0.940391257847062,-5570.50455039987,-0.0114136500482936,-3.55450184441979,0.82674211289701,-5934.38214059761,0.506861899623122
2.37,-3.07812499999997,-2.99148365274573,1.00354967980001,50,-2.98091943648933,0.990182293261078,-5580.39012345674,-0.0105642162563862,-3.50560565221817,0.880056978315518,-5933.07707343205,0.514121999472443
2.371,-2.97812499999999,-2.93224995097751,1.05354968,50,-2.9227593675286,1.03998709984233,-5591.72555716691,-0.00949058344890782,-3.45365745461253,0.933277199074704,-5933.5544551175,0.521407503635017
2.372,-2.87812500000001,-2.871057897571,1.10354967999999,50,-2.8617449173218,1.08981899496351,-5595.88511035209,-0.00931298024921896,-3.39866220035651,0.986419320403219,-5927.18014685036,0.527604302785507
2.373,-2.77812499999996,-2.80594914088787,1.15354968000002,50,-2.79787642629202,1.13961191853655,-5608.67016405037,-0.00807271459583967,-3.34062616658534,1.03942042780762,-5929.74714627912,0.53467702569747
2.374,-2.67812499999998,-2.73832250352698,1.20354968000001,50,-2.73115385227204,1.18944528557208,-5618.25343166217,-0.00716865125492832,-3.27955506996383,1.09236299989028,-5929.41982859786,0.541232566436869
2.375,-2.578125,-2.66873751452779,1.25354968,50,-2.66157572368262,1.23928957695074,-5620.92390394421,-0.00716179084517095,-3.21545302454756,1.14522049966355,-5922.47891752986,0.546715510019759
2.376,-2.47812500000002,-2.59467629321252,1.30354967999999,50,-2.58914323703047,1.28908117802275,-5636.64473089418,-0.00553305618205107,-3.14832664392578,1.19793221393035,-5928.87938891462,0.553650350713273
2.377,-2.37812500000004,-2.51865671865467,1.35354967999998,50,-2.51385596934901,1.33894023372104,-5644.50773675733,-0.00480074930565374,-3.07818075825667,1.25062110937677,-5927.70500369551,0.559524039601994
2.378,-2.27812499999999,-2.44011926135632,1.40354968000001,50,-2.43571212978002,1.38879434753694,-5649.91368670505,-0.00440713157628614,-3.00501867038271,1.30321753269124,-5924.34858937166,0.564899409026378
2.379,-2.17812500000001,-2.35766510399001,1.45354968,50,-2.35471264883618,1.43862092221595,-5663.74081575684,-0.00295245515383069,-2.9288462495575,1.35570155253779,-5929.6805809124,0.571181145567503
2.38,-2.07812500000003,-2.27325259429785,1.50354967999999,50,-2.27085688368005,1.48849747529148,-5669.99279311509,-0.00239571061780055,-2.84966764111284,1.40815327647575,-5927.69699469093,0.576415046814978
2.381,-1.97812499999998,-2.18576267236731,1.55354968000001,50,-2.1841439694911,1.53835423790143,-5678.22962650371,-0.00161870287620975,-2.76748662213186,1.46050545124837,-5927.95034036151,0.581723949764551
2.382,-1.878125,-2.09491557619976,1.60354968,50,-2.09457451617089,1.58820950139652,-5690.24645274611,-0.000341060028872818,-2.68230830237411,1.51277881093026,-5932.22841719581,0.587392726174354
2.383,-1.77812500000002,-2.00211012839392,1.65354967999999,50,-2.00214761328868,1.63809804403462,-5694.96026342584,3.74848947653709e-05,-2.59413613335142,1.56501050521152,-5929.44104398264,0.592026004957502
2.384,-1.678125,-1.90566774183122,1.70354968,50,-1.90686328035483,1.68795262648988,-5706.09162216802,0.00119553852359781,-2.50297436263943,1.61713559653308,-5933.30177924183,0.597306620808216
2.385,-1.57812500000002,-1.80642771007099,1.75354967999999,50,-1.80872177022377,1.73783234284277,-5716.3537370363,0.00229406015277429,-2.40882734122484,1.66921541272748,-5936.5169954368,0.602399631153834
2.386,-1.47812500000001,-1.70522932667244,1.80354968,50,-1.70772187304373,1.7877291570921,-5719.57797373023,0.002492546371287,-2.31169783130431,1.72124408519577,-5932.91139303995,0.60646850463186
2.387,-1.37812499999999,-1.59983447547756,1.85354968000001,50,-1.60386446484392,1.83757829425692,-5733.64635345429,0.00402998936636889,-2.21159055862546,1.77315894167968,-5940.36049845931,0.611756083147902
2.388,-1.27812500000001,-1.49220150812466,1.90354968,50,-1.4971494171143,1.8874795943526,-5742.19090951204,0.00494790898964676,-2.10850912572465,1.8250618619059,-5942.49002000968,0.616307617599996
2.389,-1.17812499999999,-1.38233042461367,1.95354968,50,-1.38757519931754,1.93738215734887,-5746.05630133964,0.00524477470385856,-2.00245561800169,1.87690392420404,-5940.13846074683,0.620125193388002
2.39,-1.07812499999998,-1.26826287330635,2.00354968000001,50,-1.27514297239412,1.9872429329773,-5760.66303534701,0.00688009908776732,-1.89343470069293,1.92864399696039,-5948.72033762862,0.62517182738657
2.391,-0.978124999999999,-1.15223696898568,2.05354968,49.680267728,-1.15985229773388,2.03716080635638,-5732.80514095784,0.00761532874819662,-1.78144933121709,1.98038282587129,-5949.77736330011,0.629212362231414
2.392,-0.878125000000018,-1.03341341717563,2.10354967999999,48.8276483360002,-1.04171109841439,2.08674501440334,-5652.24040411137,0.00829768123876649,-1.66650156404021,2.03205118423355,-5950.78407225716,0.633088146864589
2.393,-0.778125000000003,-0.911001380274335,2.1524672532,44.8804643800001,-0.920752368681092,2.13551117134884,-5236.64533686918,0.00975098840675813,-1.54859544695962,2.08364871836275,-5939.50165813162,0.637594066685279
2.394,-0.678124999999987,-0.786753494007464,2.19931421000001,39.484762763999,-0.797111243874708,2.18037826613245,-4688.00803836382,0.0103577498672518,-1.42773827368855,2.1350624781041,-5888.11847798841,0.640984779681082
2.395,-0.578125000000007,-0.659482395476264,2.24069869,31.8858990200005,-0.67104601535473,2.22012835377289,-3898.57912730444,0.0115636198784758,-1.30395113454483,2.18592382126053,-5754.84743565609,0.644468739068564
2.396,-0.478124999999991,-0.530029543859949,2.2739203252,24.3084947799994,-0.542913101995894,2.25255408279574,-3098.23494857851,0.0128835581359485,-1.17728723855059,2.23548023574562,-5501.01369574067,0.647257694690651
2.397,-0.378124999999976,-0.399320899551513,2.3019535204,16.7432364927982,-0.41313471023647,2.27756638549433,-2333.71259802703,0.0138138106849546,-1.04785307024212,2.28262456738102,-5189.1229876803,0.648532170690606
2.398,-0.278124999999996,-0.266763648032585,2.3196403236,9.19471963519968,-0.28212582770707,2.29550631349866,-1520.57688814557,0.0153621796744757,-0.915802026208391,2.32682643078824,-4746.93624574387,0.649038378175812
2.399,-0.17812499999998,-0.133612704315524,2.3306926868,1.6498281827985,-0.150304170150926,2.30593758608368,-720.896419861862,0.0166914658354057,-0.781336907701202,2.36689166328136,-4249.08343537826,0.647724203385676
2.4,-0.078125,0,2.33658493,-5.89224351,-0.0180960721459702,2.30899562988798,40.6881598250669,0.0180960721459741,-0.644709213911033,2.40231454880876,-3729.76552335403,0.644709213911035
2.401,0.0218749999999801,0.133612704315524,2.3306926868,-13.4407603675985,0.114086379394532,2.30504235559126,883.065642468572,0.0195263249209955,-0.506190382940983,2.43290480407296,-3079.33380767815,0.639803087256503
2.402,0.121875000000031,0.266763648032632,2.31964032359999,-20.9976479400024,0.245820483041916,2.29334533602938,1682.99700413392,0.0209431649907268,-0.36609164595075,2.45746367265729,-2428.24423899233,0.632855293983379
2.403,0.221875000000011,0.39932089955156,2.3019535204,-28.5652978600009,0.376674085854411,2.27430707832051,2470.05876830425,0.0226468136971594,-0.224758481506752,2.4759944509634,-1753.24491783417,0.624079381058321
2.404,0.321874999999991,0.530029543859949,2.2739203252,-36.1602598759994,0.506230283770468,2.24805736168071,3316.95284604789,0.0237992600894852,-0.0825423077361195,2.48828651280848,-988.66729124251,0.612571851596061
2.405,0.421875000000043,0.659482395476309,2.24069868999998,-42.841139400002,0.634060441408876,2.21405690658646,4017.86540071554,0.0254219540674348,0.0601760909530962,2.49352540779306,-242.269187625408,0.599306304523218
2.406,0.521875000000023,0.786753494007509,2.19931420999999,-47.5024536400011,0.759759293309382,2.17366075669467,4529.3618093318,0.0269942006981351,0.202997702463747,2.49188931993713,542.928064397532,0.583755791543756
2.407,0.621875000000003,0.911001380274335,2.1524672532,-49.307246744,0.883010599779337,2.12862145387594,4748.46533553531,0.0279907804950042,0.345518698646881,2.48303195329877,1318.96182268087,0.565482681627461
2.408,0.721874999999983,1.03341341717558,2.10354968000001,-50,1.00362559716738,2.08163620953551,4842.78852569497,0.0297878200082118,0.487328066496672,2.4670488050025,2018.39939151483,0.546085350678908
2.409,0.821874999999963,1.15223696898564,2.05354968000002,-50,1.12152576482363,2.03385601897434,4873.20031265201,0.0307112041620038,0.628038032949788,2.44465560495281,2646.89450818032,0.524198936035846
2.41,0.921875000000014,1.26826287330639,2.00354967999999,-50,1.23668243551054,1.98587009926853,4900.5578658593,0.0315804377958574,0.767300311361956,2.41651495928987,3188.84232445636,0.500962561944428
2.411,1.02187499999999,1.38233042461367,1.95354968,-50,1.34908463592728,1.93770686824876,4918.9621403627,0.0332457886863985,0.904808663024632,2.38343201171797,3649.19382550286,0.47752176158905
2.412,1.12187499999997,1.49220150812462,1.90354968000001,-50,1.45872457448865,1.88944897091163,4946.53071335906,0.0334769336359771,1.0403016399291,2.34616510890518,4055.52946013362,0.451899868195528
2.413,1.22187500000003,1.59983447547759,1.85354967999999,-50,1.56559441606991,1.84101224244382,4967.10147521806,0.0342400594076678,1.17355394133708,2.30521768195315,4399.93948363021,0.426280534140518
2.414,1.32187500000001,1.70522932667244,1.80354968,-50,1.66968576669009,1.79246133989602,4981.69900243262,0.0355435599823574,1.30437117333019,2.26116515129673,4690.64450770827,0.40085815334226
2.415,1.42187499999999,1.80642771007096,1.75354968000001,-50,1.7709936640353,1.7438513939968,5005.90107016855,0.0354340460356629,1.43258971897204,2.2145064158413,4949.49657401994,0.373837991098913
2.416,1.521875,1.90566774183122,1.70354968,-50,1.86951219641416,1.69509413449056,5021.39269908957,0.036155545417048,1.55806876463784,2.16553856241576,5163.65064099573,0.347598977193388
2.417,1.62187499999998,2.00211012839388,1.65354968000001,-50,1.96523522564841,1.64626992575047,5035.7743073562,0.0368749027454642,1.68068789077899,2.11467639174686,5345.4752326877,0.321422237614894
2.418,1.721875,2.09491557619976,1.60354968,-50,2.05815921136005,1.59738908373788,5055.48758241886,0.0367563648397175,1.80034716590353,2.06222027119892,5505.56776500779,0.294568410296239
2.419,1.82187500000001,2.18576267236734,1.55354967999999,-50,2.1482795059991,1.54840264489984,5067.08464872238,0.0374831663682448,1.91696106190304,2.00837260634049,5634.1017845016,0.268801610464292
2.42,1.92187499999999,2.27325259429782,1.50354968,-50,2.23559220311482,1.499385442032,5082.28610525953,0.0376603911829919,2.03045822853211,1.95342589238325,5745.95314159249,0.242794365765712
2.421,2.02187500000001,2.35766510399001,1.45354968,-50,2.320094591449,1.45030436242846,5098.41643873715,0.037570512541,2.14078014061059,1.8975353133474,5841.1948678956,0.216884963379409
2.422,2.12187500000002,2.44011926135635,1.40354967999999,-50,2.40178276915531,1.40115095943031,5106.91133075065,0.0383364922010483,2.24787713820869,1.84085514082708,5913.65637907541,0.192242123147666
2.423,2.221875,2.51865671865465,1.35354968,-50,2.48065460802138,1.35199559120029,5123.62590853069,0.0380021106332643,2.35171001998034,1.7835961766713,5981.2770155935,0.166946698674304
2.424,2.32187499999998,2.59467629321249,1.30354968000001,-50,2.55670782914978,1.30276263967545,5136.78001413279,0.0379684640627272,2.45224692517216,1.725803854054,6034.09083653624,0.142429368040331
2.425,2.421875,2.66873751452779,1.25354968,-50,2.62993892919031,1.25348498145393,5142.70386932764,0.0387985853374803,2.5494612207717,1.66761522238408,6070.00677721659,0.119276293756086
2.426,2.52187500000002,2.738322503527,1.20354967999999,-50,2.70034725423215,1.20422920413486,5161.39673890357,0.0379752492948586,2.64333467115588,1.60918635643899,6110.39741341309,0.0949878323711276
2.427,2.621875,2.80594914088789,1.15354968,-50,2.76793069157813,1.15487779887054,5171.98210099895,0.0380184493097566,2.73385234322869,1.55047646138311,6135.58039958588,0.0720967976592101
2.428,2.72187500000001,2.871057897571,1.10354967999999,-50,2.8326859032163,1.1055055029531,5179.88848562683,0.0383719943546914,2.82100215582419,1.49162588319178,6152.02222989244,0.0500557417468115
2.429,2.82187499999999,2.93224995097751,1.05354968,-50,2.89461239920091,1.05613699535575,5196.01852837216,0.0376375517766129,2.90477835846355,1.43271525855782,6171.52729461182,0.0274715925139518
2.43,2.92187499999997,2.99148365274573,1.00354967980001,-50,2.95370822898634,1.00669661255193,5204.39724912553,0.0377754237594001,2.9851767060575,1.37371649879663,6178.9036133323,0.00630694668823178
2.431,3.02187500000002,3.04763994479668,0.953549679159989,-50,3.00997132056113,0.957255778110518,5214.60342409755,0.037668624235547,3.06219534940818,1.31474132498084,6184.40943738628,-0.014555404611511
2.432,3.121875,3.10043906261051,0.903549678999999,-50,3.06340116642351,0.907797680152749,5228.44869770695,0.0370378961869907,3.13583613183209,1.25580690910316,6190.44565111562,-0.0353970692215821
2.433,3.22187499999998,3.15127982809851,0.853549679000009,-50,3.11399581909046,0.858288865729609,5234.86458584847,0.0372840090080393,3.20610124698742,1.19690830840379,6186.45437047623,-0.0548214188889252
2.434,3.32187500000003,3.19848365185033,0.803549678999983,-50,3.16175433306777,0.808797763797922,5247.58444405832,0.0367293187825581,3.27299538819468,1.13813772031738,6186.61102807447,-0.074511736344357
2.435,3.42187500000001,3.24288983269639,0.753549678999993,-50,3.20667606094189,0.759266350378698,5259.33268793676,0.0362137717545049,3.33652479111897,1.0794567853926,6184.02242015438,-0.0936349584225844
2.436,3.52187499999999,3.28533766305008,0.703549679000003,-50,3.24875895090396,0.709703626806593,5263.95061398389,0.0365787121461195,3.39669531207089,1.02089062110983,6172.86022791092,-0.111357649020798
2.437,3.62187499999997,3.32358902216969,0.653549679000013,-50,3.28800308967542,0.660175240536391,5279.32903296101,0.0355859324942784,3.45351578148644,0.962517926550325,6171.30036857512,-0.129926759316749
2.438,3.72187499999995,3.35960226513125,0.603549679000023,-50,3.3244076070722,0.610582141810318,5289.1076819453,0.0351946580590552,3.50699474497686,0.904250060373281,6163.22826753341,-0.147392479845612
2.439,3.82187500000001,3.39337739193478,0.553549678999997,-50,3.35797027409586,0.560975948816616,5294.13806131073,0.0354071178389189,3.55713992048147,0.846146772718395,6149.70680690372,-0.163762528546694
2.44,3.92187499999999,3.42295605094196,0.503549679000007,-50,3.3886915925383,0.511400365931891,5309.84673593296,0.0342644584036657,3.6039621665834,0.788257942597167,6146.34408515392,-0.181006115641454
2.441,4.02187499999997,3.45057635831084,0.453549679000017,-50,3.4165705004926,0.461757105394113,5317.78660554163,0.0340058578182506,3.64747108382823,0.730489777202725,6134.8485758606,-0.196894725517393
2.442,4.12187500000002,3.47539902048219,0.403549678999991,-50,3.44160517087085,0.41211774510977,5325.44263323023,0.0337938496113268,3.68767572391976,0.672916911150143,6122.83824720741,-0.212276703437558
2.443,4.221875,3.49658474389669,0.353549679000001,-50,3.46379590177747,0.362484890379131,5339.15560185762,0.0327888421192332,3.72458740369999,0.615543778063552,6116.76727531117,-0.228002659803294
2.444,4.32187499999998,3.51581211567291,0.303549679000011,-50,3.48314146929344,0.312802807261953,5345.38943528609,0.0326706463794675,3.75821599277557,0.558315426274691,6103.19594361074,-0.242403877102654
2.445,4.42187499999999,3.53168231321205,0.253549679000004,-50,3.49964102623119,0.263140380106065,5355.78762417806,0.0320412869808661,3.78857175687414,0.501300634682747,6093.84931630773,-0.256889443662084
2.446,4.52187499999997,3.54447509851287,0.203549679000013,-50,3.51329460036157,0.213459266374463,5367.60723227784,0.0311804981513057,3.81566580914511,0.444460204988957,6086.05320389256,-0.27119071063223
2.447,4.62187499999999,3.55530953102948,0.153549678992006,-50,3.52410074722234,0.163746417974626,5372.2249790922,0.0312087838071338,3.83950772339233,0.387779602195413,6071.24195343705,-0.284198192362839
2.448,4.721875,3.56222726026951,0.103549678927998,-50,3.53205954808689,0.114068141219117,5385.44443237203,0.0301677121826258,3.86010849883954,0.331323117840389,6065.2671291316,-0.297881238570022
2.449,4.82187499999998,3.56662711089439,0.0535496788856078,-50,3.53717071515859,0.0643452468224046,5395.44024321335,0.0294563957357935,3.87747863764193,0.275009109419725,6056.34304388468,-0.31085152674755
2.45,4.921875,3.56906861148526,0.00354967886,-50,3.53943254364122,0.0146074614522671,5398.50314772088,0.0296360678440395,3.89162707405162,0.218864489296386,6040.79289036358,-0.322558462566355
2.451,5.02187500000002,3.5670338760931,-0.0464503211144078,-50,3.53884600824693,-0.0350814090720161,5414.59788685358,0.0281878678461552,3.90256525215202,0.162949954746631,6038.60764442033,-0.335531376058905
2.452,5.121875,3.56304078906265,-0.0964503210719979,-50,3.53541047473994,-0.0848413334470074,5422.81762567066,0.027630314322709,3.91030282219578,0.107142191988107,6028.90134073163,-0.347262033133127
2.453,5.22187499999998,3.5565298213544,-0.146450321007988,-50,3.52912395072928,-0.134599751536335,5428.56436654136,0.0274058706251071,3.91484787926918,0.0515102292557943,6017.0922314553,-0.35831805791479
2.454,5.32187499999999,3.54610215036957,-0.196450320999996,-50,3.51998717423667,-0.184333914093634,5442.71749814213,0.0261149761328939,3.91621104238218,-0.00392686012894092,6014.07198390645,-0.370108892012612
2.455,5.42187500000001,3.53371612774644,-0.246450321000004,-50,3.50799931833139,-0.234121197509696,5449.28165295975,0.0257168094150405,3.91440115190436,-0.0592502357476805,6003.8541023341,-0.380685024157929
2.456,5.52187499999999,3.51825269540601,-0.296450320999994,-50,3.49315934192641,-0.283891700860786,5457.81772410399,0.0250933534796056,3.90942661511788,-0.114393855623745,5996.00543540012,-0.391173919711871
2.457,5.621875,3.4994320860783,-0.346450321000001,-50,3.47546768598409,-0.333663591786209,5470.12170171246,0.0239644000942108,3.90129709885461,-0.16937979515321,5992.32543906076,-0.401865012776309
2.458,5.72187500000002,3.47865312488312,-0.396450321000009,-50,3.45492327799226,-0.383471532874695,5475.11128839898,0.0237298468908605,3.89002053183399,-0.224246650510081,5981.73316252242,-0.411367406950863
2.459,5.821875,3.4542372279105,-0.446450320999999,-50,3.43152598181467,-0.43324817585201,5486.50768888161,0.0227112460958315,3.87560555359329,-0.278931013296997,5977.94935957895,-0.421368325682783
2.46,5.92187500000001,3.42702368344848,-0.496450321000007,-50,3.40527590072761,-0.48305251191715,5497.02475938538,0.0217477827208798,3.85806081763783,-0.333495804334513,5973.68591718535,-0.43103713418936
2.461,6.02187499999999,3.39785178620227,-0.546450320999997,-50,3.37617168102046,-0.532876408310024,5500.49440555339,0.0216801051818089,3.83739329602877,-0.3879367962759,5962.77149546004,-0.439541509826494
2.462,6.12187499999997,3.36448342459747,-0.596450320999987,-50,3.34421406026084,-0.582654998408235,5514.79911715651,0.020269364336629,3.81361182937063,-0.442192991999905,5963.08427217583,-0.449128404773149
2.463,6.22187500000003,3.32887694500113,-0.646450321000013,-50,3.30940277660023,-0.632488035038542,5523.57143350374,0.0194741684009104,3.78672403845399,-0.496367968166322,5958.25158979095,-0.457847093452872
2.464,6.32187500000001,3.2910323474133,-0.696450321000003,-50,3.27173617102112,-0.682324535772466,5527.65643636161,0.0192961763921772,3.75673592935045,-0.550414512441741,5949.11260546179,-0.465703581937162
2.465,6.42187499999999,3.24899128202914,-0.746450320999993,-50,3.23121528058991,-0.732121371956546,5542.47500776717,0.0177760014392225,3.72365598993386,-0.604293205917705,5951.08168458568,-0.474664707904722
2.466,6.52187500000004,3.20499186500665,-0.796450321000018,-50,3.18783954721101,-0.781977353901471,5549.57503678139,0.0171523177956392,3.68749090224562,-0.658106502946721,5945.69972467683,-0.482499037238982
2.467,6.62187500000002,3.15819480278664,-0.846450321000008,-50,3.14160761901182,-0.831821379341313,5556.43705034986,0.0165871837748306,3.64824634776642,-0.71178687533418,5940.43988715348,-0.490051544979768
2.468,6.721875,3.1077608018098,-0.896450320999999,-50,3.0925202432502,-0.881651277066552,5569.3978985912,0.0152405585596053,3.60592990442813,-0.765335652639225,5941.63136945802,-0.498169102618338
2.469,6.82187499999998,3.05536844827795,-0.946450320839989,-50,3.0405766213448,-0.931523178254138,5574.91801807411,0.0147918269331612,3.56054740591658,-0.818812390976648,5935.72674289958,-0.50517895763864
2.47,6.92187499999996,2.99961891775882,-0.996450320199979,-50,2.98577630962245,-0.981368563094126,5584.63780267263,0.0138426081363552,3.51210484681635,-0.87215191780531,5934.35838740955,-0.512485929057526
2.471,7.02187500000001,2.94079198004335,-1.04645032,-50,2.92811971931434,-1.03122610960592,5595.81150631404,0.0126722607290029,3.46060888709276,-0.92539617949688,5934.77244891723,-0.519816907049416
2.472,7.12187499999999,2.88000669137719,-1.09645031999999,-50,2.86760577095227,-1.08110917499412,5599.81340659633,0.0124009204249158,3.40606451103105,-0.978561721948698,5928.33504953389,-0.526057819653851
2.473,7.22187499999997,2.81530469622588,-1.14645031999998,-50,2.80423489375016,-1.13095173911356,5612.44490114428,0.011069802475729,3.34847803119101,-1.03158563373539,5930.83942348177,-0.533173334965123
2.474,7.32187500000002,2.74808482245937,-1.19645032000001,-50,2.73800713204043,-1.18083325700847,5621.87863921246,0.0100776904189314,3.28785519942398,-1.08455039869913,5930.45008218983,-0.539770376964606
2.475,7.421875,2.67890659865889,-1.24645032,-50,2.66892109846843,-1.23072424894086,5624.40358428379,0.00998550019045727,3.22420016463621,-1.13742948633729,5923.44790511956,-0.545293565977319
2.476,7.52187499999998,2.6052521388754,-1.29645031999999,-50,2.59697807151802,-1.28056113933041,5639.98288357429,0.00827406735737381,3.15751957485527,-1.19016219136057,5929.78803292457,-0.552267435979875
2.477,7.62187499999999,2.52963932745359,-1.34645032,-50,2.52217770796369,-1.33046411209333,5647.70826415672,0.00746161948990258,3.08781829418152,-1.24287148986687,5928.55428327584,-0.558178966727929
2.478,7.72187499999998,2.451508635354,-1.39645031999999,-50,2.44451829448209,-1.38036080874983,5652.98042963111,0.00699034087190814,3.01509965884581,-1.29548773846371,5925.13956380676,-0.563591023491797
2.479,7.82187499999999,2.3694612399778,-1.44645032,-50,2.36400083695976,-1.43022866944887,5666.67759073386,0.00546040301804444,2.9393695709011,-1.34799101645612,5930.41441603908,-0.569908330923313
2.48,7.92187500000001,2.2854554918174,-1.49645032,-50,2.28062476579814,-1.48014524884598,5672.80332093914,0.0048307260192522,2.86063220784128,-1.40046144300817,5928.37488174227,-0.575176716023872
2.481,8.02187499999999,2.19837233141869,-1.54645031999999,-50,2.19438928731552,-1.53004081426291,5680.91754946234,0.0039830441031729,2.77889137824046,-1.45283177668354,5928.57350449523,-0.580519046821766
2.482,8.121875,2.10793199953309,-1.59645032,-50,2.10529508050138,-1.57993369245585,5692.8153151446,0.00263691903169796,2.69415222266352,-1.50512276367103,5932.79809022622,-0.586220223130444
2.483,8.22187500000002,2.01553331692592,-1.64645032000001,-50,2.01334130201174,-1.62985869613188,5697.41354703595,0.00219201491419675,2.60641822273231,-1.55737156581742,5929.95849282406,-0.590884905806374
2.484,8.321875,1.91949769556196,-1.69645032,-50,1.91852803648789,-1.6797486197856,5708.43273526027,0.000969659074072412,2.51569365542722,-1.60951325802439,5933.76828863024,-0.596195959865252
2.485,8.42187499999998,1.82066442670862,-1.74645031999999,-50,1.82085559999835,-1.72966259058933,5718.58602257357,-0.000191173289740257,2.42198290042164,-1.66160918072985,5936.93387042677,-0.601318473713019
2.486,8.52187499999999,1.71987280484185,-1.79645032,-50,1.72032284402807,-1.77959260498159,5721.70468219068,-0.000450039186212977,2.3252887478719,-1.71365347810764,5933.27992667002,-0.605415943030061
2.487,8.62187500000001,1.61488471517874,-1.84645032,-50,1.61693070411012,-1.82947391952003,5735.67064080496,-0.00204598893138838,2.22561595075714,-1.76558349054194,5940.68196504599,-0.610731235578395
2.488,8.72187499999999,1.50765851119108,-1.89645031999999,-50,1.51067910945765,-1.87940640484018,5744.11583586257,-0.00302059826656701,2.12296813812644,-1.81750111021002,5942.76566954588,-0.615309626935354
2.489,8.82187500000001,1.39819419287881,-1.94645032,-50,1.40156658552869,-1.92933919060261,5747.8848473668,-0.00337239264988222,2.01734742118589,-1.86935742764902,5940.3695314428,-0.619153228307082
2.49,8.92187500000002,1.28453340333245,-1.99645032000001,-50,1.2895943475802,-1.97922925545295,5762.39814230255,-0.00506094424773809,1.90875849028236,-1.92111132332544,5948.90809236905,-0.624225086949903
2.491,9.021875,1.16891426054356,-2.04645032,-50,1.1747620096735,-2.02917551301618,5769.20314941375,-0.00584774912992685,1.79720432724693,-1.97286355522408,5949.92301730689,-0.628290066703375
2.492,9.12187500000002,1.05049747026524,-2.09645032000001,-50,1.05706838629936,-2.07910695994561,5775.77998471412,-0.00657091603412273,1.68268701026708,-2.02454490847271,5950.88881794894,-0.632189540001841
2.493,9.221875,0.928443744209514,-2.14645032,-50,0.936514385524025,-2.12902152001707,5788.46506719952,-0.00807064131450335,1.56521061019023,-2.0761550409897,5958.13646596369,-0.636766865980714
2.494,9.32187499999998,0.80443166720305,-2.19645031999999,-50,0.813099364250138,-2.17897541527928,5793.71848411532,-0.00866769704707735,1.44477754885383,-2.12775185616304,5958.12075556992,-0.640345881650777
2.495,9.42187500000003,0.677062415959425,-2.24645032000001,-50,0.686823029178059,-2.22890021343945,5803.18028189169,-0.00976061321864411,1.32139050302913,-2.17926855173723,5962.47659158764,-0.64432808706972
2.496,9.52187500000001,0.546615753738069,-2.29645032,-50,0.557685936993572,-2.27883467670203,5814.10442288787,-0.0110701832555012,1.19505290750603,-2.23074547012464,5968.45294314261,-0.648437153767975
2.497,9.62187499999999,0.414210739259629,-2.34645031999999,-48.0000000000018,0.425687148940236,-2.32879224364371,5600.47355249374,-0.0114764096806162,1.06576661247916,-2.28219758172286,5967.41891195854,-0.651555873219533
2.498,9.72187500000004,0.277889021183655,-2.39645032000002,-31.9999999999936,0.290884526150986,-2.376706972349,3907.81063938166,-0.0129955049673386,0.933534885831885,-2.33356042946121,5975.17086675919,-0.655645864648233
2.499,9.82187500000002,0.139678892496292,-2.43238782000001,-6.99999999999363,0.153784838475874,-2.40897493442417,1837.81063938166,-0.0141059459795774,0.798360522403343,-2.38491498276973,5738.62435716808,-0.658681629907059
2.5,9.921875,-3.36691530453939e-15,-2.45738782,25,0.0153833360068719,-2.42214888115813,-232.189360618343,-0.0153833360068872,0.660308384507423,-2.43401370863238,5345.48449461169,-0.660308384507414
2.501,-9.97812500000002,-0.139678892496294,-2.43238782000001,40.9999999999968,-0.123226822618043,-2.41625840827464,-2302.18936061834,-0.016452069878252,0.519548893203636,-2.47941944473443,4153.15549113136,-0.659227785699936
2.502,-9.87812500000004,-0.277889021183655,-2.39645032000002,50,-0.260954173156783,-2.39133306562413,-4372.18936061835,-0.0169348480268802,0.376504111992802,-2.5137853751135,2934.39175869349,-0.654393133176467
2.503,-9.77812499999999,-0.414210739259629,-2.34645031999999,50,-0.396708943136833,-2.34740235725472,-5319.5318992681,-0.0175017961228005,0.231813052088079,-2.53688541196205,1642.07883363155,-0.646023791347714
2.504,-9.67812500000001,-0.546615753738069,-2.29645032,50,-0.529698937491133,-2.29482419012771,-5280.55449414409,-0.0169168162469356,0.0861400860561804,-2.54806036484292,513.606106589341,-0.632755839794258
2.505,-9.57812500000003,-0.677062415959425,-2.24645032000001,50,-0.659689032375229,-2.24268611128689,-5241.16773983449,-0.0173733835842002,-0.0598752404639277,-2.54883604745804,-457.206306575186,-0.617187175495485
2.506,-9.47812499999998,-0.80443166720305,-2.19645031999999,50,-0.786704531337061,-2.19099120460792,-5210.00625717133,-0.0177271358659866,-0.205679107992258,-2.54067905356398,-1299.26582346671,-0.598752559210788
2.507,-9.378125,-0.928443744209514,-2.14645032,50,-0.910768638734969,-2.1396631106748,-5188.05794665366,-0.0176751054745378,-0.350794042702454,-2.52478775545507,-2031.24623111618,-0.577649701507065
2.508,-9.27812500000002,-1.05049747026524,-2.09645032000001,50,-1.03189992687408,-2.08861649974404,-5163.53563980043,-0.01859754339115,-0.494806257555863,-2.50218686910784,-2656.7886224971,-0.555691212709366
2.509,-9.178125,-1.16891426054356,-2.04645032,50,-1.15011518944738,-2.03787461628327,-5149.5456963862,-0.0187990710961937,-0.637359672264166,-2.47386602413375,-3202.45738988111,-0.531554588279394
2.51,-9.07812500000002,-1.28453340333245,-1.99645032000001,50,-1.26542909660573,-1.98734009022128,-5138.26569198468,-0.0191043067267322,-0.778147862868535,-2.44056892380944,-3672.16874746279,-0.506385540463922
2.511,-8.97812500000001,-1.39819419287881,-1.94645032,50,-1.37785280561227,-1.93698766871518,-5123.05982249933,-0.0203413872665502,-0.916905951285828,-2.40300208950088,-4069.52506027497,-0.481288241592974
2.512,-8.87812499999999,-1.50765851119108,-1.89645031999999,50,-1.48739777690658,-1.88685318746167,-5121.40274750878,-0.0202607342844906,-1.05340855931133,-2.36183780570762,-4420.92976009196,-0.454249951879743
2.513,-8.77812500000001,-1.61488471517874,-1.84645032,50,-1.59407291693964,-1.83681165974403,-5116.5712557336,-0.0208117982391,-1.18746183904857,-2.31750440331593,-4717.44577425945,-0.427422876130181
2.514,-8.67812499999999,-1.71987280484185,-1.79645032,50,-1.69788438408035,-1.78689214611867,-5109.10033367798,-0.0219884207615043,-1.31889882059348,-2.2705117703676,-4966.39714054145,-0.400973984248376
2.515,-8.57812499999998,-1.82066442670862,-1.74645031999999,50,-1.7988398594531,-1.73711874022235,-5114.14055252592,-0.0218245672555252,-1.44757979550596,-2.22130162343055,-5188.85342183654,-0.373084631202662
2.516,-8.478125,-1.91949769556196,-1.69645032,50,-1.89694441048269,-1.68737611309177,-5113.00415947927,-0.0225532850792655,-1.57338479112057,-2.17012115443334,-5371.28666246192,-0.346112904441382
2.517,-8.37812500000002,-2.01553331692592,-1.64645032000001,50,-1.99220142720723,-1.63772104184927,-5112.96630391274,-0.023331889718687,-1.69621155228565,-2.11734162934932,-5525.46937229387,-0.319321764640273
2.518,-8.278125,-2.10793199953309,-1.59645032,50,-2.08461563279055,-1.5881432842384,-5120.18484366726,-0.0233163667425404,-1.81597597656752,-2.06322543159872,-5661.47877851027,-0.29195602296557
2.519,-8.17812499999999,-2.19837233141869,-1.54645031999999,50,-2.17418954104458,-1.5385759615861,-5120.9642744123,-0.0241827903741186,-1.93260632738425,-2.00794182741745,-5769.03445405264,-0.265766004034429
2.52,-8.07812500000001,-2.2854554918174,-1.49645032,50,-2.26092544648041,-1.48907829752104,-5126.80914259401,-0.0245300453369979,-2.04604326839411,-1.95175440060767,-5862.61605030968,-0.239412223423281
2.521,-7.97812499999999,-2.3694612399778,-1.44645032,50,-2.34482600209828,-1.43960358204802,-5134.85548123297,-0.024635237879517,-2.15623873752511,-1.89479311362387,-5941.950866401,-0.213222502452685
2.522,-7.87812500000001,-2.45150863535397,-1.39645032000001,50,-2.42589194151582,-1.3901315260685,-5136.37455164113,-0.0256166938381479,-2.26315218510775,-1.83719023632687,-6000.56657948949,-0.188356450246218
2.523,-7.77812499999999,-2.52963932745359,-1.34645032,50,-2.50412513732331,-1.340722176328,-5147.07806977347,-0.0255141901302718,-2.36675233995314,-1.77913737892926,-6056.13922374629,-0.162886987500452
2.524,-7.67812499999998,-2.6052521388754,-1.29645031999999,50,-2.57952675888077,-1.29129093871278,-5155.0607230076,-0.0257253799946231,-2.46701424211468,-1.72066323513345,-6098.47301706289,-0.138237896760718
2.525,-7.578125,-2.67890659865889,-1.24645032,50,-2.65209627019001,-1.2418628791061,-5156.54361555274,-0.0268103284688894,-2.563917261606,-1.66189025536202,-6125.2763661081,-0.114989337052896
2.526,-7.47812500000002,-2.74808482245937,-1.19645032000001,50,-2.72183556627712,-1.1924977903804,-5171.43088152954,-0.0262492561822558,-2.65744838286949,-1.60296178289801,-6157.74689310132,-0.0906364395898723
2.527,-7.37812499999997,-2.81530469622588,-1.14645031999998,50,-2.78874471944713,-1.14307225469524,-5178.7629578639,-0.026559976778754,-2.74759721008992,-1.54382592071799,-6176.04950390595,-0.0677074861359642
2.528,-7.27812499999999,-2.88000669137719,-1.09645031999999,50,-2.85282226027868,-1.09365587348811,-5183.89600053883,-0.027184431098522,-2.83435560402512,-1.48461333510494,-6186.51744135797,-0.0456510873520782
2.529,-7.17812500000001,-2.94079198004335,-1.04645032,50,-2.91406929245683,-1.04426886367925,-5197.66958522026,-0.0267226875865226,-2.91772123706412,-1.42539622397503,-6200.8388666556,-0.023070742979228
2.53,-7.07812500000003,-2.99961891775878,-0.996450320200014,50,-2.97248522022822,-0.994831686756521,-5204.05367957306,-0.0271336975305616,-2.99769283448736,-1.36613914225464,-6203.72030683308,-0.00192608327143275
2.531,-6.97812499999998,-3.05536844827795,-0.946450320839989,50,-3.02806911903497,-0.945412403789976,-5212.57908668801,-0.0272993292429598,-3.07427112305272,-1.30694739976128,-6205.33147382979,0.018902674774785
2.532,-6.878125,-3.1077608018098,-0.896450320999999,50,-3.08082144896506,-0.895991286966572,-5225.01573240317,-0.026939352844738,-3.14746017831477,-1.24783258173242,-6207.99609509676,0.0396993765049573
2.533,-6.77812500000002,-3.15819480278664,-0.846450321000008,50,-3.1307410741793,-0.846532355733664,-5230.25867600018,-0.0274537286073474,-3.21726412665587,-1.18878487715584,-6201.0888683996,0.0590693238692213
2.534,-6.67812500000004,-3.20499186500665,-0.796450321000018,50,-3.1778277257271,-0.797101850763076,-5242.00951071124,-0.0271641392795484,-3.28368933317531,-1.12989224300697,-6198.72641076221,0.07869746816865
2.535,-6.57812499999999,-3.24899128202914,-0.746450320999993,50,-3.22208131582747,-0.747639855395849,-5252.96505405492,-0.0269099662016639,-3.34674347804635,-1.0711126270513,-6193.96427920372,0.0977521960172141
2.536,-6.47812500000001,-3.2910323474133,-0.696450321000003,50,-3.26350025121936,-0.698153735122681,-5256.94251816217,-0.0275320961939529,-3.40643366417544,-1.0124679311107,-6180.92940845274,0.115401316762154
2.537,-6.37812500000003,-3.32887694500113,-0.646450321000013,50,-3.30208498986537,-0.648707725666148,-5271.81171840142,-0.0267919551357422,-3.462769796287,-0.954034055259709,-6177.75865926349,0.13389285128588
2.538,-6.27812500000001,-3.36448342459745,-0.596450321000005,50,-3.33783495753257,-0.599201560882073,-5281.19419140611,-0.0266484670648884,-3.51576134432743,-0.895719922808833,-6168.30346653275,0.151277919729981
2.539,-6.17812499999999,-3.39785178620227,-0.546450320999997,50,-3.37074815633076,-0.549685811901769,-5285.92555937122,-0.0271036298714956,-3.5654168201027,-0.837583165036378,-6153.59702715177,0.167565033900418
2.54,-6.07812500000001,-3.42702368344848,-0.496450321000007,50,-3.40082526339951,-0.500203283747106,-5301.41853560429,-0.0261984200489895,-3.61174776257871,-0.779671818480775,-6149.22151254868,0.184724079130233
2.541,-5.978125,-3.4542372279105,-0.446450320999999,50,-3.42806534434098,-0.450654918129739,-5309.21405028226,-0.0261718835695128,-3.65476435403307,-0.721890489246682,-6136.86286337619,0.200527126122565
2.542,-5.87812500000002,-3.47865312488312,-0.396450321000009,50,-3.45246665861737,-0.401111633744041,-5316.78663627191,-0.0261864662657602,-3.69447614217585,-0.664312420645289,-6124.11937474183,0.215823017292736
2.543,-5.778125,-3.4994320860783,-0.346450321000001,50,-3.47402955589139,-0.351575473658036,-5330.46796684242,-0.025402530186924,-3.73089486538633,-0.606940838145664,-6117.42802360257,0.231462779308023
2.544,-5.67812499999999,-3.51825269540601,-0.296450320999994,50,-3.49275283401471,-0.301990226378916,-5336.71412076567,-0.025499861391316,-3.76403075017293,-0.549719742029394,-6103.33416603154,0.24577805476692
2.545,-5.57812500000001,-3.53371612774644,-0.246450321000004,50,-3.50863564229751,-0.252424371616984,-5347.16177534155,-0.0250804854489356,-3.79389436309696,-0.492717002101758,-6093.54985043874,0.260178235350513
2.546,-5.47812500000003,-3.54610215036956,-0.196450321000014,50,-3.52167798363811,-0.202839225507836,-5359.06202710906,-0.0244241667314556,-3.82049706952514,-0.435892632124464,-6085.38948627569,0.274394919155575
2.547,-5.37812499999998,-3.5565298213544,-0.146450321007988,50,-3.53187837073297,-0.153221454058895,-5363.78647546909,-0.0246514506214378,-3.84384865337283,-0.379231415270935,-6070.27753814236,0.287318832018436
2.548,-5.278125,-3.56304078906265,-0.0964503210719979,50,-3.53923682699549,-0.103637125230788,-5377.13425212074,-0.0238039620671549,-3.86396028754429,-0.322797053226355,-6064.0569584879,0.300919498481645
2.549,-5.17812500000002,-3.5670338760931,-0.0464503211144078,50,-3.54375299429223,-0.0540068525671695,-5387.2761822995,-0.0232808818008634,-3.88084261637505,-0.266507393775765,-6054.93457132289,0.313808740281939
2.55,-5.078125,-3.56906861148526,0.00354967886,50,-3.5454250872102,-0.00436020106853492,-5390.49967463912,-0.0236435242750529,-3.8945046890897,-0.210388909259242,-6039.22702682764,0.325436077604439
2.551,-4.97812499999998,-3.56662711089439,0.0535496788856078,50,-3.5442539914661,0.0452391542498012,-5406.76659163212,-0.0223731194282942,-3.90495804127655,-0.154501917803076,-6036.91959896552,0.338330930382157
2.552,-4.878125,-3.56222726026951,0.103549678927998,50,-3.54023897709865,0.0949112862037296,-5415.16761591781,-0.0219882831708615,-3.91221239448909,-0.0987227795199986,-6027.12135889762,0.349985134219581
2.553,-4.77812499999999,-3.55530953102948,0.153549678992006,50,-3.53337795068468,0.144583715776558,-5421.10262441148,-0.0219315803447959,-3.91627589775267,-0.0431202427098845,-6015.24625154179,0.360966366723177
2.554,-4.67812500000001,-3.54447509851287,0.203549678999996,50,-3.52367154512965,0.19423375516169,-5435.44919685647,-0.0208035533832265,-3.91715920912484,0.0122868591805003,-6012.18221523945,0.372684110611961
2.555,-4.57812499999999,-3.53168231321205,0.253549679000004,50,-3.51111882534588,0.243938825452269,-5442.21041287557,-0.0205634878661843,-3.91487119527249,0.0675798909289735,-6001.93951027912,0.383188882060443
2.556,-4.47812499999998,-3.51581211567291,0.303549679000011,50,-3.49571863993934,0.293629056071273,-5450.94583842404,-0.0200934757335632,-3.90942027888224,0.122692985592602,-5994.08216737163,0.393608163209342
2.557,-4.378125,-3.49658474389669,0.353549679000001,50,-3.4774713181778,0.343322632747864,-5463.45028211947,-0.0191134257189009,-3.90081613291224,0.177648367404752,-5990.4071454416,0.404231389015539
2.558,-4.27812500000002,-3.47539902048219,0.403549678999991,50,-3.45637567513025,0.393054225262604,-5468.6405013735,-0.0190233453519331,-3.88906668434518,0.232484758173338,-5979.83138641626,0.413667663862977
2.559,-4.17812499999997,-3.45057635831084,0.453549679000017,50,-3.43243146207894,0.442756483826083,-5480.23690608995,-0.018144896231902,-3.87418056434424,0.287138855553199,-5976.07382155086,0.423604206033407
2.56,-4.07812499999999,-3.42295605094196,0.503549679000007,50,-3.40563867001494,0.49248839081218,-5490.95261925372,-0.0173173809270197,-3.85616641244941,0.341673669485359,-5971.84469451667,0.433210361507437
2.561,-3.97812500000001,-3.39337739193478,0.553549678999997,50,-3.37599583364084,0.542241797903555,-5494.61897987251,-0.0173815582939325,-3.8350311820873,0.39608504648721,-5960.97129187496,0.441653790152522
2.562,-3.87812500000003,-3.35960226513127,0.603549678999987,50,-3.34350357997755,0.591951817731632,-5509.11803194166,-0.016098685153705,-3.81078369136111,0.450312050550405,-5961.33062909518,0.451181426229833
2.563,-3.77812499999997,-3.32358902216969,0.653549679000013,50,-3.30816153793506,0.641718178308011,-5518.08187331248,-0.0154274842346239,-3.78343153536764,0.504458308659727,-5956.54896993112,0.459842513197951
2.564,-3.67812499999999,-3.28533766305008,0.703549679000003,50,-3.2699679407914,0.691489868366109,-5522.35526302176,-0.0153697222586848,-3.75298069188783,0.558476648804671,-5947.46458112738,0.467643028837748
2.565,-3.57812500000001,-3.24288983269639,0.753549678999993,50,-3.22892371964462,0.741223727489942,-5537.35886212102,-0.0139661130517801,-3.71943961843099,0.612327684145396,-5949.49110048648,0.476549785734598
2.566,-3.47812500000003,-3.19848365185033,0.803549678999983,50,-3.18502821230745,0.791018532243846,-5544.6403122158,-0.0134554395428831,-3.68281496502981,0.666113894359446,-5944.16872511041,0.484331313179471
2.567,-3.37812499999998,-3.15127982809851,0.853549679000009,50,-3.13827996481288,0.840803144391253,-5551.67997097484,-0.0129998632856424,-3.64311237989093,0.719767770094205,-5938.9700413477,0.491832551792434
2.568,-3.278125,-3.10043906261051,0.903549678999999,50,-3.0886796244283,0.890575355250415,-5564.81460840011,-0.0117594381822023,-3.60033940674506,0.773290654430958,-5940.22380221915,0.499900344134547
2.569,-3.17812500000002,-3.04763994479668,0.953549679159989,50,-3.03622629474837,0.940391257847058,-5570.50455039994,-0.0114136500482936,-3.55450184441979,0.826742112897006,-5934.38214059769,0.506861899623122
2.57,-3.07812500000001,-2.99148365274575,1.0035496798,50,-2.98091943648933,0.990182293261075,-5580.39012345631,-0.0105642162564117,-3.50560565221817,0.880056978315514,-5933.07707343163,0.514121999472417
2.571,-2.97812499999999,-2.93224995097751,1.05354968,50,-2.9227593675286,1.03998709984232,-5591.72555716704,-0.00949058344890782,-3.45365745461253,0.933277199074696,-5933.55445511763,0.521407503635017
2.572,-2.87812500000001,-2.871057897571,1.10354967999999,50,-2.86174491732179,1.0898189949635,-5595.8851103522,-0.00931298024921896,-3.39866220035651,0.986419320403213,-5927.18014685047,0.527604302785507
2.573,-2.778125,-2.80594914088789,1.15354968,50,-2.79787642629202,1.13961191853655,-5608.67016404998,-0.00807271459586511,-3.34062616658535,1.03942042780761,-5929.74714627873,0.534677025697444
2.574,-2.67812500000002,-2.738322503527,1.20354967999999,50,-2.73115385227204,1.18944528557207,-5618.25343166184,-0.00716865125495377,-3.27955506996384,1.09236299989027,-5929.41982859752,0.541232566436844
2.575,-2.578125,-2.66873751452779,1.25354968,50,-2.66157572368262,1.23928957695073,-5620.92390394441,-0.00716179084517095,-3.21545302454756,1.14522049966354,-5922.47891753007,0.546715510019759
2.576,-2.47812499999998,-2.59467629321249,1.30354968000001,50,-2.58914323703047,1.28908117802274,-5636.64473089484,-0.00553305618202562,-3.14832664392579,1.19793221393034,-5928.87938891528,0.553650350713298
2.577,-2.378125,-2.51865671865465,1.35354968,50,-2.51385596934901,1.33894023372104,-5644.50773675789,-0.00480074930562829,-3.07818075825667,1.25062110937677,-5927.70500369607,0.559524039602019
2.578,-2.27812500000002,-2.44011926135635,1.40354967999999,50,-2.43571212978003,1.38879434753694,-5649.91368670454,-0.00440713157631158,-3.00501867038271,1.30321753269124,-5924.34858937116,0.564899409026353
2.579,-2.17812499999997,-2.35766510398998,1.45354968000001,50,-2.35471264883618,1.43862092221594,-5663.74081575739,-0.00295245515380525,-2.92884624955751,1.35570155253778,-5929.68058091295,0.571181145567528
2.58,-2.07812499999999,-2.27325259429782,1.50354968,50,-2.27085688368005,1.48849747529148,-5669.99279311555,-0.0023957106177751,-2.84966764111284,1.40815327647575,-5927.69699469159,0.576415046815029
2.581,-1.97812500000001,-2.18576267236734,1.55354967999999,50,-2.1841439694911,1.53835423790144,-5678.22962650313,-0.00161870287623519,-2.76748662213186,1.46050545124837,-5927.95034036089,0.581723949764525
2.582,-1.878125,-2.09491557619976,1.60354968,50,-2.09457451617089,1.58820950139652,-5690.24645274611,-0.000341060028872818,-2.68230830237411,1.51277881093026,-5932.22841719578,0.587392726174354
2.583,-1.77812499999998,-2.00211012839388,1.65354968000001,50,-2.00214761328868,1.63809804403462,-5694.96026342632,3.74848947908153e-05,-2.59413613335142,1.56501050521152,-5929.4410439831,0.592026004957528
2.584,-1.678125,-1.90566774183122,1.70354968,50,-1.90686328035483,1.68795262648989,-5706.09162216795,0.00119553852359781,-2.50297436263943,1.61713559653308,-5933.30177924173,0.597306620808216
2.585,-1.57812499999999,-1.80642771007096,1.75354968000001,50,-1.80872177022377,1.73783234284277,-5716.35373703673,0.00229406015279973,-2.40882734122484,1.66921541272748,-5936.5169954374,0.602399631153885
2.586,-1.47812500000001,-1.70522932667244,1.80354968,50,-1.70772187304373,1.78772915709211,-5719.5779737301,0.002492546371287,-2.31169783130432,1.72124408519578,-5932.91139303978,0.60646850463186
2.587,-1.37812500000003,-1.59983447547759,1.85354967999999,50,-1.60386446484392,1.83757829425693,-5733.64635345349,0.004029989366318,-2.21159055862546,1.77315894167969,-5940.36049845868,0.611756083147877
2.588,-1.27812499999997,-1.49220150812462,1.90354968000001,50,-1.4971494171143,1.8874795943526,-5742.19090951254,0.0049479089896722,-2.10850912572465,1.82506186190591,-5942.49002001011,0.616307617600022
2.589,-1.17812499999999,-1.38233042461367,1.95354968,50,-1.38757519931754,1.93738215734887,-5746.05630133957,0.00524477470385856,-2.00245561800169,1.87690392420405,-5940.13846074671,0.620125193388002
2.59,-1.07812500000001,-1.26826287330639,2.00354967999999,50,-1.27514297239412,1.98724293297731,-5760.66303534627,0.00688009908771643,-1.89343470069293,1.9286439969604,-5948.72033762803,0.625171827386544
2.591,-0.978124999999963,-1.15223696898564,2.05354968000002,49.6802677279997,-1.15985229773388,2.03716080635638,-5732.80514095855,0.00761532874824751,-1.78144933121709,1.98038282587129,-5949.7773633006,0.629212362231439
2.592,-0.878124999999983,-1.03341341717558,2.10354968000001,48.8276483359999,-1.04171109841439,2.08674501440334,-5652.24040411197,0.00829768123881738,-1.66650156404021,2.03205118423355,-5950.78407225756,0.633088146864614
2.593,-0.778125000000003,-0.911001380274335,2.1524672532,44.8804643800001,-0.920752368681091,2.13551117134885,-5236.64533686904,0.00975098840675813,-1.54859544695962,2.08364871836276,-5939.50165813148,0.637594066685279
2.594,-0.678125000000023,-0.786753494007509,2.19931420999999,39.4847627640017,-0.797111243874706,2.18037826613245,-4688.00803836336,0.0103577498672009,-1.42773827368855,2.13506247810411,-5888.11847798785,0.640984779681056
2.595,-0.578125000000043,-0.659482395476309,2.24069868999998,31.8858990200032,-0.671046015354729,2.22012835377289,-3898.57912730405,0.0115636198784249,-1.30395113454483,2.18592382126054,-5754.84743565543,0.644468739068513
2.596,-0.478124999999991,-0.530029543859949,2.2739203252,24.3084947799994,-0.542913101995892,2.25255408279574,-3098.23494857852,0.0128835581359485,-1.17728723855059,2.23548023574561,-5501.01369574073,0.647257694690651
2.597,-0.378125000000011,-0.39932089955156,2.3019535204,16.7432364928009,-0.413134710236468,2.27756638549433,-2333.71259802685,0.0138138106849038,-1.04785307024212,2.28262456738102,-5189.12298767987,0.648532170690555
2.598,-0.278125000000031,-0.266763648032632,2.31964032359999,9.19471963520236,-0.282125827707068,2.29550631349866,-1520.57688814541,0.0153621796744248,-0.91580202620839,2.32682643078824,-4746.9362457435,0.649038378175761
2.599,-0.17812499999998,-0.133612704315524,2.3306926868,1.6498281827985,-0.150304170150925,2.30593758608367,-720.896419861922,0.0166914658354057,-0.781336907701202,2.36689166328135,-4249.08343537844,0.647724203385676
2.6,-0.078125,0,2.33658493,-5.89224351,-0.0180960721459689,2.30899562988797,40.6881598250146,0.0180960721459741,-0.644709213911033,2.40231454880875,-3729.76552335419,0.644709213911035
2.601,0.0218749999999801,0.133612704315524,2.3306926868,-13.4407603675985,0.114086379394533,2.30504235559126,883.065642468527,0.0195263249209955,-0.506190382940984,2.43290480407295,-3079.33380767828,0.639803087256503
2.602,0.121874999999996,0.266763648032585,2.3196403236,-20.9976479399997,0.245820483041917,2.29334533602938,1682.99700413387,0.0209431649906759,-0.366091645950752,2.45746367265728,-2428.24423899217,0.632855293983329
2.603,0.221874999999976,0.399320899551513,2.3019535204,-28.5652978599982,0.376674085854412,2.2743070783205,2470.05876830421,0.0226468136971085,-0.224758481506754,2.47599445096339,-1753.24491783404,0.624079381058271
2.604,0.321874999999991,0.530029543859949,2.2739203252,-36.1602598759994,0.506230283770469,2.24805736168071,3316.95284604787,0.0237992600894852,-0.0825423077361219,2.48828651280847,-988.667291242681,0.612571851596061
2.605,0.421875000000007,0.659482395476264,2.24069869,-42.8411394000003,0.634060441408876,2.21405690658646,4017.86540071548,0.0254219540673839,0.0601760909530931,2.49352540779305,-242.269187625414,0.599306304523167
2.606,0.521874999999987,0.786753494007464,2.19931421000001,-47.5024536399994,0.759759293309383,2.17366075669467,4529.36180933174,0.0269942006980842,0.202997702463744,2.49188931993712,542.928064397334,0.58375579154373
2.607,0.621875000000003,0.911001380274335,2.1524672532,-49.307246744,0.883010599779338,2.12862145387594,4748.46533553531,0.0279907804950042,0.345518698646877,2.48303195329877,1318.96182268075,0.565482681627461
2.608,0.721875000000018,1.03341341717563,2.10354967999999,-50,1.00362559716738,2.08163620953551,4842.78852569507,0.0297878200082372,0.487328066496667,2.46704880500249,2018.39939151465,0.546085350678959
2.609,0.821874999999999,1.15223696898568,2.05354968,-50,1.12152576482363,2.03385601897434,4873.20031265191,0.0307112041620547,0.628038032949784,2.4446556049528,2646.89450818017,0.524198936035896
2.61,0.921874999999979,1.26826287330635,2.00354968000001,-50,1.23668243551054,1.98587009926853,4900.55786585938,0.0315804377958065,0.767300311361951,2.41651495928987,3188.84232445621,0.500962561944403
2.611,1.02187499999999,1.38233042461367,1.95354968,-50,1.34908463592728,1.93770686824875,4918.96214036268,0.0332457886863985,0.904808663024627,2.38343201171797,3649.19382550283,0.47752176158905
2.612,1.12187500000001,1.49220150812466,1.90354968,-50,1.45872457448865,1.88944897091163,4946.53071335916,0.0334769336360026,1.04030163992909,2.34616510890518,4055.52946013371,0.451899868195553
2.613,1.22187499999999,1.59983447547756,1.85354968000001,-50,1.56559441606991,1.84101224244381,4967.10147521792,0.0342400594076423,1.17355394133708,2.30521768195315,4399.93948363026,0.426280534140467
2.614,1.32187500000001,1.70522932667244,1.80354968,-50,1.66968576669009,1.79246133989602,4981.69900243261,0.0355435599823574,1.30437117333018,2.26116515129672,4690.64450770823,0.40085815334226
2.615,1.42187500000002,1.80642771007099,1.75354967999999,-50,1.7709936640353,1.7438513939968,5005.90107016865,0.0354340460356883,1.43258971897204,2.2145064158413,4949.49657401983,0.373837991098964
2.616,1.521875,1.90566774183122,1.70354968,-50,1.86951219641416,1.69509413449056,5021.39269908955,0.036155545417048,1.55806876463784,2.16553856241576,5163.65064099572,0.347598977193388
2.617,1.62187500000002,2.00211012839392,1.65354967999999,-50,1.96523522564841,1.64626992575047,5035.77430735609,0.0368749027455151,1.68068789077899,2.11467639174686,5345.47523268779,0.32142223761492
2.618,1.721875,2.09491557619976,1.60354968,-50,2.05815921136005,1.59738908373788,5055.48758241886,0.0367563648397175,1.80034716590352,2.06222027119892,5505.56776500776,0.294568410296239
2.619,1.82187499999998,2.18576267236731,1.55354968000001,-50,2.1482795059991,1.54840264489984,5067.08464872227,0.0374831663682193,1.91696106190303,2.00837260634049,5634.10178450147,0.268801610464267
2.62,1.92187500000003,2.27325259429785,1.50354967999999,-50,2.23559220311482,1.499385442032,5082.28610525946,0.0376603911830427,2.0304582285321,1.95342589238325,5745.9531415924,0.242794365765763
2.621,2.02187500000001,2.35766510399001,1.45354968,-50,2.320094591449,1.45030436242846,5098.41643873717,0.037570512541,2.14078014061059,1.8975353133474,5841.19486789561,0.216884963379409
2.622,2.12187499999999,2.44011926135632,1.40354968000001,-50,2.40178276915531,1.40115095943031,5106.91133075076,0.0383364922009974,2.24787713820869,1.84085514082708,5913.65637907531,0.192242123147641
2.623,2.22187500000004,2.51865671865467,1.35354967999998,-50,2.48065460802138,1.35199559120029,5123.6259085308,0.0380021106332898,2.35171001998033,1.7835961766713,5981.27701559344,0.166946698674355
2.624,2.32187500000002,2.59467629321252,1.30354967999999,-50,2.55670782914978,1.30276263967545,5136.78001413288,0.0379684640627527,2.45224692517215,1.725803854054,6034.09083653619,0.142429368040382
2.625,2.421875,2.66873751452779,1.25354968,-50,2.62993892919031,1.25348498145393,5142.70386932761,0.0387985853374803,2.54946122077169,1.66761522238408,6070.00677721644,0.119276293756112
2.626,2.52187499999998,2.73832250352698,1.20354968000001,-50,2.70034725423215,1.20422920413486,5161.39673890344,0.0379752492948331,2.64333467115588,1.609186356439,6110.39741341304,0.0949878323711022
2.627,2.62187499999996,2.80594914088787,1.15354968000002,-50,2.76793069157813,1.15487779887054,5171.98210099884,0.0380184493097312,2.73385234322869,1.55047646138312,6135.58039958584,0.0720967976591847
2.628,2.72187500000001,2.871057897571,1.10354967999999,-50,2.8326859032163,1.1055055029531,5179.88848562684,0.0383719943546914,2.82100215582418,1.49162588319178,6152.02222989252,0.0500557417468115
2.629,2.82187499999999,2.93224995097751,1.05354968,-50,2.89461239920091,1.05613699535575,5196.01852837217,0.0376375517766129,2.90477835846354,1.43271525855783,6171.52729461169,0.0274715925139773
2.63,2.92187499999997,2.99148365274573,1.00354967980001,-50,2.95370822898634,1.00669661255193,5204.39724912554,0.0377754237594001,2.98517670605749,1.37371649879663,6178.90361333238,0.00630694668823178
2.631,3.02187500000002,3.04763994479668,0.953549679159989,-50,3.00997132056113,0.957255778110519,5214.60342409756,0.037668624235547,3.06219534940818,1.31474132498084,6184.40943738635,-0.014555404611511
2.632,3.121875,3.10043906261051,0.903549678999999,-50,3.06340116642351,0.90779768015275,5228.44869770696,0.0370378961869907,3.13583613183209,1.25580690910317,6190.44565111567,-0.0353970692215821
2.633,3.22187499999998,3.15127982809851,0.853549679000009,-50,3.11399581909046,0.858288865729609,5234.86458584847,0.0372840090080393,3.20610124698742,1.19690830840379,6186.45437047628,-0.0548214188889252
2.634,3.321875,3.19848365185031,0.803549679000001,-50,3.16175433306777,0.808797763797922,5247.58444405802,0.0367293187825581,3.27299538819467,1.13813772031738,6186.61102807421,-0.074511736344357
2.635,3.42187499999998,3.24288983269638,0.753549679000011,-50,3.20667606094189,0.759266350378701,5259.3326879367,0.0362137717544795,3.33652479111896,1.07945678539261,6184.02242015417,-0.0936349584225844
2.636,3.52187499999999,3.28533766305008,0.703549679000003,-50,3.24875895090396,0.709703626806597,5263.95061398395,0.0365787121461195,3.39669531207088,1.02089062110983,6172.86022791104,-0.111357649020798
2.637,3.62187500000001,3.3235890221697,0.653549678999995,-50,3.28800308967542,0.660175240536394,5279.32903296136,0.0355859324942784,3.45351578148643,0.962517926550331,6171.30036857533,-0.129926759316724
2.638,3.72187499999999,3.35960226513126,0.603549679000005,-50,3.3244076070722,0.610582141810318,5289.1076819456,0.0351946580590552,3.50699474497686,0.904250060373285,6163.22826753377,-0.147392479845612
2.639,3.82187500000001,3.39337739193478,0.553549678999997,-50,3.35797027409586,0.560975948816613,5294.13806131068,0.0354071178389189,3.55713992048147,0.846146772718395,6149.70680690373,-0.163762528546694
2.64,3.92187500000002,3.42295605094197,0.503549678999989,-50,3.3886915925383,0.511400365931889,5309.84673593321,0.0342644584036657,3.6039621665834,0.788257942597167,6146.34408515403,-0.181006115641429
2.641,4.021875,3.45057635831085,0.453549678999999,-50,3.4165705004926,0.461757105394109,5317.78660554184,0.0340058578182506,3.64747108382823,0.730489777202725,6134.8485758607,-0.196894725517368
2.642,4.12187499999998,3.47539902048218,0.403549679000009,-50,3.44160517087085,0.412117745109763,5325.44263322982,0.0337938496113268,3.68767572391975,0.672916911150142,6122.83824720709,-0.212276703437558
2.643,4.221875,3.49658474389669,0.353549679000001,-50,3.46379590177746,0.362484890379128,5339.15560185757,0.0327888421192332,3.72458740369998,0.615543778063554,6116.76727531119,-0.228002659803294
2.644,4.32187500000001,3.51581211567291,0.303549678999994,-50,3.48314146929344,0.312802807261951,5345.38943528635,0.0326706463794675,3.75821599277557,0.558315426274692,6103.19594361106,-0.242403877102654
2.645,4.42187499999999,3.53168231321205,0.253549679000004,-50,3.49964102623119,0.26314038010606,5355.78762417798,0.0320412869808661,3.78857175687414,0.501300634682745,6093.8493163077,-0.256889443662084
2.646,4.52187500000001,3.54447509851287,0.203549678999996,-50,3.51329460036157,0.213459266374459,5367.60723227807,0.0311804981513057,3.8156658091451,0.444460204988956,6086.05320389284,-0.27119071063223
2.647,4.62187500000002,3.55530953102949,0.153549678991988,-50,3.52410074722234,0.16374641797462,5372.22497909221,0.0312087838071593,3.83950772339233,0.387779602195409,6071.24195343728,-0.284198192362839
2.648,4.721875,3.56222726026951,0.103549678927998,-50,3.53205954808688,0.114068141219111,5385.44443237192,0.0301677121826258,3.86010849883954,0.331323117840383,6065.26712913149,-0.297881238570022
2.649,4.82187500000002,3.56662711089439,0.0535496788855901,-50,3.53717071515859,0.0643452468223994,5395.44024321356,0.0294563957357935,3.87747863764193,0.27500910941972,6056.34304388489,-0.31085152674755
2.65,4.921875,3.56906861148526,0.00354967886,-50,3.53943254364122,0.0146074614522599,5398.50314772076,0.0296360678440395,3.89162707405161,0.218864489296379,6040.79289036346,-0.322558462566355
2.651,5.02187499999998,3.5670338760931,-0.04645032111439,-50,3.53884600824693,-0.0350814090720221,5414.59788685299,0.0281878678461807,3.90256525215201,0.162949954746625,6038.60764441993,-0.335531376058905
2.652,5.12187500000003,3.56304078906265,-0.0964503210720156,-50,3.53541047473994,-0.0848413334470079,5422.81762567095,0.027630314322709,3.91030282219577,0.107142191988105,6028.90134073189,-0.347262033133127
2.653,5.22187500000001,3.5565298213544,-0.146450321008006,-50,3.52912395072928,-0.134599751536338,5428.56436654161,0.0274058706251071,3.91484787926918,0.0515102292557897,6017.09223145552,-0.35831805791479
2.654,5.32187499999999,3.54610215036957,-0.196450320999996,-50,3.51998717423666,-0.184333914093639,5442.71749814204,0.0261149761328939,3.91621104238217,-0.00392686012894761,6014.07198390634,-0.370108892012612
2.655,5.42187499999997,3.53371612774645,-0.246450320999986,-50,3.50799931833139,-0.234121197509701,5449.28165295918,0.025716809415066,3.91440115190436,-0.0592502357476861,6003.85410233351,-0.380685024157904
2.656,5.52187500000002,3.518252695406,-0.296450321000011,-50,3.49315934192641,-0.283891700860785,5457.8177241043,0.0250933534796056,3.90942661511787,-0.114393855623746,5996.00543540042,-0.391173919711871
2.657,5.621875,3.4994320860783,-0.346450321000001,-50,3.47546768598409,-0.333663591786211,5470.12170171242,0.0239644000942108,3.9012970988546,-0.169379795153213,5992.32543906071,-0.401865012776309
2.658,5.72187499999998,3.47865312488313,-0.396450320999992,-50,3.45492327799226,-0.383471532874697,5475.11128839865,0.0237298468908605,3.89002053183398,-0.224246650510084,5981.73316252208,-0.411367406950863
2.659,5.82187499999996,3.45423722791051,-0.446450320999981,-50,3.43152598181466,-0.433248175852008,5486.50768888114,0.022711246095857,3.87560555359328,-0.278931013296996,5977.94935957866,-0.421368325682783
2.66,5.92187500000001,3.42702368344848,-0.496450321000007,-50,3.40527590072761,-0.483052511917144,5497.02475938548,0.0217477827208798,3.85806081763783,-0.33349580433451,5973.68591718521,-0.431037134189335
2.661,6.02187499999999,3.39785178620227,-0.546450320999997,-50,3.37617168102046,-0.532876408310019,5500.49440555347,0.0216801051818089,3.83739329602877,-0.387936796275895,5962.77149546012,-0.439541509826494
2.662,6.12187499999997,3.36448342459747,-0.596450320999987,-50,3.34421406026083,-0.582654998408231,5514.79911715657,0.020269364336629,3.81361182937062,-0.442192991999901,5963.08427217589,-0.449128404773149
2.663,6.22187499999999,3.32887694500114,-0.646450320999995,-50,3.30940277660022,-0.632488035038538,5523.5714335035,0.0194741684009104,3.78672403845398,-0.496367968166319,5958.25158979051,-0.457847093452847
2.664,6.32187500000001,3.2910323474133,-0.696450321000003,-50,3.27173617102111,-0.682324535772461,5527.6564363617,0.0192961763921772,3.75673592935045,-0.550414512441734,5949.11260546172,-0.465703581937136
2.665,6.42187499999999,3.24899128202914,-0.746450320999993,-50,3.2312152805899,-0.732121371956541,5542.47500776706,0.017776001439248,3.72365598993386,-0.604293205917697,5951.08168458581,-0.474664707904722
2.666,6.521875,3.20499186500667,-0.796450321000001,-50,3.187839547211,-0.781977353901466,5549.57503678099,0.0171523177956646,3.68749090224562,-0.658106502946714,5945.69972467645,-0.482499037238956
2.667,6.62187499999998,3.15819480278666,-0.846450320999991,-50,3.14160761901182,-0.831821379341304,5556.43705034971,0.0165871837748306,3.64824634776641,-0.71178687533417,5940.43988715335,-0.490051544979768
2.668,6.721875,3.1077608018098,-0.896450320999999,-50,3.0925202432502,-0.881651277066542,5569.39789859138,0.0152405585596053,3.60592990442813,-0.765335652639213,5941.63136945802,-0.498169102618313
2.669,6.82187500000001,3.05536844827793,-0.946450320840006,-50,3.04057662134479,-0.93152317825413,5574.91801807475,0.0147918269331358,3.56054740591658,-0.818812390976636,5935.72674290026,-0.505178957638665
2.67,6.92187499999999,2.9996189177588,-0.996450320199996,-50,2.98577630962245,-0.981368563094123,5584.63780267298,0.0138426081363552,3.51210484681635,-0.872151917805305,5934.35838741013,-0.512485929057552
2.671,7.02187499999997,2.94079198004338,-1.04645031999999,-50,2.92811971931434,-1.03122610960592,5595.81150631355,0.0126722607290284,3.46060888709276,-0.92539617949688,5934.77244891673,-0.519816907049391
2.672,7.12187500000002,2.88000669137717,-1.09645032000001,-50,2.86760577095226,-1.08110917499411,5599.8134065969,0.0124009204248904,3.40606451103105,-0.978561721948694,5928.33504953445,-0.526057819653876
2.673,7.221875,2.81530469622586,-1.14645032,-50,2.80423489375015,-1.13095173911357,5612.44490114476,0.0110698024757036,3.34847803119101,-1.03158563373539,5930.83942348225,-0.533173334965149
2.674,7.32187499999998,2.74808482245939,-1.19645031999999,-50,2.73800713204042,-1.18083325700847,5621.87863921189,0.0100776904189569,3.28785519942398,-1.08455039869914,5930.45008218925,-0.539770376964581
2.675,7.421875,2.67890659865889,-1.24645032,-50,2.66892109846843,-1.23072424894086,5624.40358428379,0.00998550019045727,3.2242001646362,-1.13742948633729,5923.44790511957,-0.545293565977319
2.676,7.52187500000002,2.60525213887537,-1.29645032000001,-50,2.59697807151802,-1.28056113933041,5639.98288357478,0.00827406735734837,3.15751957485527,-1.19016219136057,5929.78803292507,-0.5522674359799
2.677,7.62187499999999,2.52963932745359,-1.34645032,-50,2.52217770796369,-1.33046411209334,5647.70826415664,0.00746161948990258,3.08781829418152,-1.24287148986687,5928.55428327577,-0.558178966727929
2.678,7.72187500000001,2.45150863535397,-1.39645032000001,-50,2.44451829448209,-1.38036080874983,5652.98042963154,0.0069903408718827,3.0150996588458,-1.29548773846372,5925.13956380719,-0.563591023491823
2.679,7.82187499999999,2.3694612399778,-1.44645032,-50,2.36400083695976,-1.43022866944888,5666.67759073374,0.00546040301804444,2.9393695709011,-1.34799101645612,5930.41441603876,-0.569908330923288
2.68,7.92187500000001,2.2854554918174,-1.49645032,-50,2.28062476579813,-1.48014524884598,5672.80332093885,0.00483072601927765,2.86063220784127,-1.40046144300817,5928.37488174219,-0.575176716023872
2.681,8.02187500000002,2.19837233141866,-1.54645032000001,-50,2.19438928731551,-1.53004081426291,5680.91754946278,0.00398304410314746,2.77889137824046,-1.45283177668354,5928.57350449566,-0.580519046821791
2.682,8.121875,2.10793199953309,-1.59645032,-50,2.10529508050138,-1.57993369245586,5692.81531514448,0.00263691903169796,2.69415222266352,-1.50512276367104,5932.79809022609,-0.586220223130444
2.683,8.22187499999998,2.01553331692596,-1.64645031999999,-50,2.01334130201173,-1.62985869613188,5697.41354703535,0.00219201491422219,2.6064182227323,-1.55737156581743,5929.95849282346,-0.590884905806349
2.684,8.32187500000003,1.91949769556193,-1.69645032000002,-50,1.91852803648789,-1.6797486197856,5708.43273526075,0.000969659074046968,2.51569365542722,-1.60951325802439,5933.7682886307,-0.596195959865278
2.685,8.42187500000001,1.82066442670858,-1.74645032000001,-50,1.82085559999835,-1.72966259058934,5718.58602257397,-0.000191173289765702,2.42198290042164,-1.66160918072985,5936.93387042717,-0.601318473713044
2.686,8.52187499999999,1.71987280484185,-1.79645032,-50,1.72032284402806,-1.7795926049816,5721.70468219053,-0.000450039186212977,2.32528874787189,-1.71365347810765,5933.27992666968,-0.605415943030036
2.687,8.62187499999997,1.61488471517877,-1.84645031999999,-50,1.61693070411012,-1.82947391952003,5735.67064080416,-0.00204598893133749,2.22561595075714,-1.76558349054195,5940.6819650454,-0.61073123557837
2.688,8.72187500000003,1.50765851119104,-1.89645032000001,-50,1.51067910945764,-1.87940640484018,5744.11583586306,-0.00302059826659245,2.12296813812643,-1.81750111021003,5942.76566954636,-0.61530962693538
2.689,8.82187500000001,1.39819419287881,-1.94645032,-50,1.40156658552868,-1.92933919060261,5747.88484736673,-0.00337239264988222,2.01734742118588,-1.86935742764903,5940.36953144271,-0.619153228307082
2.69,8.92187499999999,1.28453340333249,-1.99645031999999,-50,1.28959434758019,-1.97922925545295,5762.39814230181,-0.00506094424768721,1.90875849028235,-1.92111132332544,5948.90809236831,-0.624225086949852
2.691,9.02187499999997,1.1689142605436,-2.04645031999998,-50,1.17476200967349,-2.02917551301618,5769.20314941312,-0.00584774912987596,1.79720432724692,-1.97286355522408,5949.92301730626,-0.628290066703324
2.692,9.12187500000002,1.05049747026524,-2.09645032000001,-50,1.05706838629935,-2.0791069599456,5775.77998471427,-0.00657091603412273,1.68268701026707,-2.0245449084727,5950.88881794908,-0.632189540001841
2.693,9.221875,0.928443744209514,-2.14645032,-50,0.93651438552402,-2.12902152001706,5788.46506719964,-0.00807064131450335,1.56521061019022,-2.0761550409897,5958.13646596381,-0.636766865980714
2.694,9.32187499999998,0.80443166720305,-2.19645031999999,-50,0.813099364250133,-2.17897541527927,5793.71848411543,-0.00866769704707735,1.44477754885383,-2.12775185616303,5958.12075557002,-0.640345881650777
2.695,9.42187499999999,0.67706241595947,-2.24645032,-50,0.686823029178055,-2.22890021343945,5803.1802818911,-0.00976061321859322,1.32139050302913,-2.17926855173722,5962.47659158704,-0.644328087069669
2.696,9.52187500000001,0.546615753738069,-2.29645032,-50,0.557685936993568,-2.27883467670202,5814.10442288804,-0.0110701832555012,1.19505290750603,-2.23074547012463,5968.4529431426,-0.64843715376795
2.697,9.62187499999999,0.414210739259629,-2.34645031999999,-48.0000000000018,0.425687148940232,-2.3287922436437,5600.4735524937,-0.0114764096805908,1.06576661247915,-2.28219758172285,5967.41891195872,-0.651555873219533
2.698,9.721875,0.277889021183704,-2.39645032,-31.9999999999993,0.290884526150983,-2.37670697234899,3907.81063938176,-0.0129955049672877,0.933534885831882,-2.3335604294612,5975.17086675866,-0.655645864648182
2.699,9.82187499999998,0.139678892496341,-2.43238782,-7.000000000005,0.153784838475871,-2.40897493442416,1837.81063938175,-0.0141059459795265,0.79836052240334,-2.38491498276971,5738.62435716778,-0.658681629907008
2.7,9.921875,-3.36691530453939e-15,-2.45738782,25,0.0153833360068696,-2.42214888115812,-232.189360618248,-0.0153833360068618,0.66030838450742,-2.43401370863236,5345.48449461196,-0.660308384507414
2.701,-9.97812499999998,-0.139678892496344,-2.43238782,41.0000000000025,-0.123226822618045,-2.41625840827464,-2302.18936061825,-0.0164520698783029,0.519548893203635,-2.47941944473441,4153.15549113182,-0.659227785699987
2.702,-9.878125,-0.277889021183704,-2.39645032,50,-0.260954173156784,-2.39133306562412,-4372.18936061825,-0.0169348480269311,0.376504111992802,-2.51378537511349,2934.39175869354,-0.654393133176493
2.703,-9.77812500000002,-0.414210739259581,-2.34645032000001,50,-0.396708943136834,-2.34740235725472,-5319.5318992681,-0.0175017961227496,0.231813052088079,-2.53688541196204,1642.07883363161,-0.646023791347663
2.704,-9.67812499999997,-0.546615753738116,-2.29645031999999,50,-0.529698937491134,-2.29482419012771,-5280.55449414391,-0.0169168162469865,0.0861400860561807,-2.54806036484291,513.606106589559,-0.632755839794309
2.705,-9.57812499999999,-0.67706241595947,-2.24645032,50,-0.659689032375229,-2.24268611128688,-5241.16773983434,-0.0173733835842511,-0.059875240463927,-2.54883604745803,-457.206306574999,-0.617187175495536
2.706,-9.47812500000001,-0.804431667203005,-2.19645032000001,50,-0.786704531337061,-2.19099120460791,-5210.00625717137,-0.0177271358659357,-0.205679107992257,-2.54067905356398,-1299.26582346672,-0.598752559210737
2.707,-9.378125,-0.928443744209514,-2.14645032,50,-0.910768638734969,-2.13966311067479,-5188.05794665361,-0.0176751054745378,-0.350794042702453,-2.52478775545506,-2031.2462311161,-0.577649701507065
2.708,-9.27812499999998,-1.05049747026528,-2.09645031999999,50,-1.03189992687408,-2.08861649974403,-5163.5356398003,-0.0185975433912008,-0.494806257555861,-2.50218686910784,-2656.78862249696,-0.555691212709416
2.709,-9.178125,-1.16891426054356,-2.04645032,50,-1.15011518944738,-2.03787461628327,-5149.54569638617,-0.0187990710961937,-0.637359672264164,-2.47386602413375,-3202.45738988107,-0.531554588279394
2.71,-9.07812499999999,-1.28453340333249,-1.99645031999999,50,-1.26542909660573,-1.98734009022128,-5138.26569198476,-0.0191043067267577,-0.778147862868534,-2.44056892380944,-3672.16874746286,-0.506385540463947
2.711,-8.97812500000001,-1.39819419287881,-1.94645032,50,-1.37785280561227,-1.93698766871517,-5123.05982249929,-0.0203413872665502,-0.916905951285826,-2.40300208950087,-4069.52506027492,-0.481288241592974
2.712,-8.87812500000003,-1.50765851119104,-1.89645032000001,50,-1.48739777690658,-1.88685318746167,-5121.40274750864,-0.0202607342844651,-1.05340855931133,-2.36183780570762,-4420.92976009181,-0.454249951879718
2.713,-8.77812499999997,-1.61488471517877,-1.84645031999999,50,-1.59407291693964,-1.83681165974403,-5116.5712557337,-0.0208117982391254,-1.18746183904856,-2.31750440331593,-4717.44577425953,-0.427422876130206
2.714,-8.67812499999999,-1.71987280484185,-1.79645032,50,-1.69788438408035,-1.78689214611867,-5109.10033367796,-0.0219884207615043,-1.31889882059348,-2.2705117703676,-4966.39714054141,-0.400973984248376
2.715,-8.57812500000001,-1.82066442670858,-1.74645032000001,50,-1.7988398594531,-1.73711874022235,-5114.14055252598,-0.0218245672554743,-1.44757979550596,-2.22130162343055,-5188.85342183659,-0.373084631202611
2.716,-8.47812499999996,-1.919497695562,-1.69645031999998,50,-1.89694441048269,-1.68737611309177,-5113.00415947916,-0.0225532850793164,-1.57338479112057,-2.17012115443333,-5371.28666246179,-0.346112904441433
2.717,-8.37812499999998,-2.01553331692596,-1.64645031999999,50,-1.99220142720723,-1.63772104184927,-5112.96630391265,-0.0233318897187379,-1.69621155228565,-2.11734162934931,-5525.46937229395,-0.319321764640299
2.718,-8.278125,-2.10793199953309,-1.59645032,50,-2.08461563279055,-1.5881432842384,-5120.18484366726,-0.0233163667425404,-1.81597597656752,-2.06322543159872,-5661.47877851023,-0.29195602296557
2.719,-8.17812500000002,-2.19837233141866,-1.54645032000001,50,-2.17418954104458,-1.5385759615861,-5120.96427441219,-0.0241827903740932,-1.93260632738425,-2.00794182741744,-5769.03445405249,-0.265766004034404
2.72,-8.07812500000004,-2.28545549181737,-1.49645032000002,50,-2.26092544648041,-1.48907829752105,-5126.80914259411,-0.024530045336947,-2.04604326839411,-1.95175440060767,-5862.61605030956,-0.239412223423255
2.721,-7.97812499999999,-2.3694612399778,-1.44645032,50,-2.34482600209828,-1.43960358204802,-5134.85548123298,-0.024635237879517,-2.15623873752511,-1.89479311362388,-5941.95086640101,-0.213222502452685
2.722,-7.87812500000001,-2.45150863535397,-1.39645032000001,50,-2.42589194151582,-1.3901315260685,-5136.37455164113,-0.0256166938381479,-2.26315218510774,-1.83719023632687,-6000.56657948949,-0.188356450246218
2.723,-7.77812500000003,-2.52963932745356,-1.34645032000002,50,-2.50412513732331,-1.340722176328,-5147.07806977337,-0.0255141901302463,-2.36675233995314,-1.77913737892926,-6056.13922374619,-0.162886987500426
2.724,-7.67812499999998,-2.6052521388754,-1.29645031999999,50,-2.57952675888077,-1.29129093871278,-5155.06072300762,-0.0257253799946231,-2.46701424211468,-1.72066323513345,-6098.47301706291,-0.138237896760718
2.725,-7.578125,-2.67890659865889,-1.24645032,50,-2.65209627019001,-1.2418628791061,-5156.54361555276,-0.0268103284688894,-2.563917261606,-1.66189025536202,-6125.27636610812,-0.114989337052896
2.726,-7.47812500000002,-2.74808482245937,-1.19645032000001,50,-2.72183556627712,-1.1924977903804,-5171.43088152955,-0.0262492561822558,-2.65744838286949,-1.60296178289801,-6157.74689310134,-0.0906364395898723
2.727,-7.378125,-2.81530469622586,-1.14645032,50,-2.78874471944713,-1.14307225469524,-5178.76295786381,-0.0265599767787285,-2.74759721008992,-1.54382592071799,-6176.04950390585,-0.0677074861359387
2.728,-7.27812500000002,-2.88000669137717,-1.09645032000001,50,-2.85282226027868,-1.09365587348812,-5183.89600053875,-0.0271844310984965,-2.83435560402512,-1.48461333510494,-6186.51744135789,-0.0456510873520528
2.729,-7.17812500000001,-2.94079198004335,-1.04645032,50,-2.91406929245683,-1.04426886367925,-5197.66958522029,-0.0267226875865226,-2.91772123706412,-1.42539622397504,-6200.83886665565,-0.023070742979228
2.73,-7.07812499999999,-2.9996189177588,-0.996450320199996,50,-2.97248522022822,-0.994831686756523,-5204.0536795732,-0.0271336975305871,-2.99769283448736,-1.36613914225464,-6203.72030683342,-0.00192608327143275
2.731,-6.97812500000001,-3.05536844827793,-0.946450320840006,50,-3.02806911903497,-0.945412403789977,-5212.57908668772,-0.0272993292429598,-3.07427112305272,-1.30694739976128,-6205.33147382948,0.018902674774785
2.732,-6.878125,-3.1077608018098,-0.896450320999999,50,-3.08082144896506,-0.895991286966575,-5225.01573240322,-0.026939352844738,-3.14746017831477,-1.24783258173242,-6207.9960950968,0.0396993765049573
2.733,-6.77812499999998,-3.15819480278666,-0.846450320999991,50,-3.1307410741793,-0.846532355733667,-5230.25867600053,-0.0274537286073474,-3.21726412665587,-1.18878487715584,-6201.08886839993,0.0590693238692213
2.734,-6.678125,-3.20499186500667,-0.796450321000001,50,-3.1778277257271,-0.797101850763075,-5242.00951071133,-0.0271641392795739,-3.2836893331753,-1.12989224300697,-6198.7264107623,0.0786974681686245
2.735,-6.57812500000002,-3.24899128202912,-0.746450321000011,50,-3.22208131582747,-0.747639855395848,-5252.96505405459,-0.0269099662016639,-3.34674347804634,-1.0711126270513,-6193.96427920339,0.0977521960172141
2.736,-6.47812500000001,-3.2910323474133,-0.696450321000003,50,-3.26350025121936,-0.698153735122682,-5256.9425181622,-0.0275320961939529,-3.40643366417544,-1.0124679311107,-6180.92940845276,0.115401316762154
2.737,-6.37812499999999,-3.32887694500114,-0.646450320999995,50,-3.30208498986537,-0.64870772566615,-5271.81171840155,-0.0267919551357677,-3.462769796287,-0.95403405525971,-6177.75865926361,0.133892851285854
2.738,-6.27812500000001,-3.36448342459745,-0.596450321000005,50,-3.33783495753257,-0.599201560882073,-5281.19419140611,-0.0266484670648884,-3.51576134432743,-0.895719922808833,-6168.30346653274,0.151277919729981
2.739,-6.17812499999999,-3.39785178620227,-0.546450320999997,50,-3.37074815633076,-0.549685811901769,-5285.92555937103,-0.0271036298715211,-3.56541682010269,-0.837583165036378,-6153.59702715177,0.167565033900418
2.74,-6.07812499999998,-3.42702368344849,-0.496450320999989,50,-3.4008252633995,-0.500203283747108,-5301.41853560462,-0.0261984200489895,-3.61174776257871,-0.779671818480775,-6149.22151254879,0.184724079130207
2.741,-5.978125,-3.4542372279105,-0.446450320999999,50,-3.42806534434098,-0.450654918129738,-5309.21405028205,-0.0261718835695382,-3.65476435403306,-0.721890489246681,-6136.86286337617,0.200527126122565
2.742,-5.87812499999998,-3.47865312488313,-0.396450320999992,50,-3.45246665861736,-0.401111633744042,-5316.78663627223,-0.0261864662657602,-3.69447614217585,-0.664312420645288,-6124.11937474192,0.215823017292711
2.743,-5.778125,-3.4994320860783,-0.346450321000001,50,-3.47402955589139,-0.351575473658034,-5330.46796684238,-0.025402530186924,-3.73089486538633,-0.606940838145662,-6117.42802360254,0.231462779308023
2.744,-5.67812500000002,-3.518252695406,-0.296450321000011,50,-3.4927528340147,-0.301990226378914,-5336.71412076553,-0.0254998613912905,-3.76403075017292,-0.549719742029393,-6103.33416603121,0.24577805476692
2.745,-5.57812499999997,-3.53371612774645,-0.246450320999986,50,-3.50863564229751,-0.252424371616984,-5347.16177534184,-0.0250804854489356,-3.79389436309696,-0.49271700210176,-6093.54985043907,0.260178235350513
2.746,-5.47812499999999,-3.54610215036957,-0.196450320999996,50,-3.52167798363811,-0.202839225507832,-5359.06202710931,-0.0244241667314556,-3.82049706952514,-0.435892632124463,-6085.38948627596,0.274394919155575
2.747,-5.37812500000001,-3.5565298213544,-0.146450321008006,50,-3.53187837073297,-0.15322145405889,-5363.7864754687,-0.0246514506214378,-3.84384865337282,-0.379231415270931,-6070.277538142,0.287318832018436
2.748,-5.27812499999996,-3.56304078906265,-0.0964503210719801,50,-3.53923682699548,-0.103637125230786,-5377.13425212101,-0.0238039620671549,-3.86396028754429,-0.322797053226355,-6064.05695848819,0.300919498481645
2.749,-5.17812499999998,-3.5670338760931,-0.04645032111439,50,-3.54375299429222,-0.0540068525671651,-5387.27618229972,-0.0232808818008634,-3.88084261637504,-0.266507393775762,-6054.93457132314,0.313808740281939
2.75,-5.078125,-3.56906861148526,0.00354967886,50,-3.54542508721019,-0.00436020106852852,-5390.49967463901,-0.0236435242750529,-3.89450468908969,-0.210388909259237,-6039.22702682755,0.325436077604439
2.751,-4.97812500000002,-3.56662711089439,0.0535496788855901,50,-3.54425399146609,0.0452391542498066,-5406.76659163173,-0.0223731194282942,-3.90495804127655,-0.154501917803072,-6036.91959896514,0.338330930382157
2.752,-4.87812500000004,-3.56222726026952,0.10354967892798,50,-3.54023897709865,0.0949112862037314,-5415.16761591748,-0.0219882831708615,-3.91221239448909,-0.0987227795199976,-6027.1213588973,0.349985134219581
2.753,-4.77812499999999,-3.55530953102948,0.153549678992006,50,-3.53337795068468,0.144583715776556,-5421.1026244115,-0.0219315803447959,-3.91627589775267,-0.0431202427098863,-6015.24625154182,0.360966366723177
2.754,-4.67812500000001,-3.54447509851287,0.203549678999996,50,-3.52367154512965,0.194233755161689,-5435.44919685648,-0.0208035533832265,-3.91715920912484,0.0122868591804988,-6012.18221523948,0.372684110611961
2.755,-4.57812500000003,-3.53168231321206,0.253549678999986,50,-3.51111882534588,0.243938825452268,-5442.21041287528,-0.0205634878661843,-3.91487119527249,0.0675798909289722,-6001.93951027865,0.383188882060418
2.756,-4.47812499999998,-3.51581211567291,0.303549679000011,50,-3.49571863993933,0.293629056071269,-5450.9458384241,-0.0200934757335632,-3.90942027888224,0.122692985592596,-5994.08216737172,0.393608163209342
2.757,-4.378125,-3.49658474389669,0.353549679000001,50,-3.4774713181778,0.343322632747861,-5463.45028211951,-0.0191134257189009,-3.90081613291224,0.177648367404747,-5990.40714544168,0.404231389015539
2.758,-4.27812500000002,-3.47539902048219,0.403549678999991,50,-3.45637567513025,0.393054225262601,-5468.64050137354,-0.0190233453519331,-3.88906668434517,0.232484758173334,-5979.83138641633,0.413667663862977
2.759,-4.178125,-3.45057635831085,0.453549678999999,50,-3.43243146207894,0.442756483826081,-5480.23690608969,-0.018144896231902,-3.87418056434424,0.287138855553195,-5976.07382155043,0.423604206033381
2.76,-4.07812500000002,-3.42295605094197,0.503549678999989,50,-3.40563867001493,0.492488390812175,-5490.95261925331,-0.0173173809270451,-3.8561664124494,0.341673669485352,-5971.8446945165,0.433210361507437
2.761,-3.97812500000001,-3.39337739193478,0.553549678999997,50,-3.37599583364084,0.542241797903547,-5494.61897987265,-0.0173815582939325,-3.83503118208729,0.396085046487201,-5960.97129187511,0.441653790152522
2.762,-3.87812499999999,-3.35960226513126,0.603549679000005,50,-3.34350357997755,0.591951817731625,-5509.11803194208,-0.016098685153705,-3.81078369136111,0.450312050550397,-5961.3306290958,0.451181426229859
2.763,-3.77812500000001,-3.3235890221697,0.653549678999995,50,-3.30816153793506,0.641718178308008,-5518.08187331204,-0.0154274842346493,-3.78343153536764,0.504458308659725,-5956.54896993085,0.459842513197951
2.764,-3.67812500000003,-3.28533766305009,0.703549678999985,50,-3.2699679407914,0.691489868366102,-5522.35526302158,-0.0153697222586848,-3.75298069188783,0.558476648804667,-5947.46458112697,0.467643028837722
2.765,-3.57812499999998,-3.24288983269638,0.753549679000011,50,-3.22892371964462,0.741223727489933,-5537.35886212165,-0.0139661130517547,-3.71943961843099,0.612327684145387,-5949.49110048711,0.476549785734624
2.766,-3.478125,-3.19848365185031,0.803549679000001,50,-3.18502821230745,0.791018532243843,-5544.64031221634,-0.0134554395428577,-3.68281496502981,0.666113894359444,-5944.16872511094,0.484331313179496
2.767,-3.37812500000002,-3.15127982809852,0.853549678999991,50,-3.13827996481288,0.840803144391255,-5551.6799709745,-0.0129998632856424,-3.64311237989093,0.719767770094207,-5938.97004134717,0.491832551792409
2.768,-3.278125,-3.10043906261051,0.903549678999999,50,-3.0886796244283,0.890575355250414,-5564.81460840012,-0.0117594381822023,-3.60033940674506,0.773290654430955,-5940.2238022192,0.499900344134547
2.769,-3.17812499999999,-3.04763994479666,0.953549679160006,50,-3.03622629474837,0.940391257847057,-5570.50455040025,-0.0114136500482936,-3.55450184441979,0.826742112897004,-5934.38214059821,0.506861899623148
2.77,-3.07812500000001,-2.99148365274575,1.0035496798,50,-2.98091943648933,0.990182293261077,-5580.39012345627,-0.0105642162564117,-3.50560565221817,0.880056978315517,-5933.07707343158,0.514121999472417
2.771,-2.97812499999999,-2.93224995097751,1.05354968,50,-2.9227593675286,1.03998709984232,-5591.72555716701,-0.00949058344890782,-3.45365745461253,0.933277199074699,-5933.55445511759,0.521407503635017
2.772,-2.87812500000001,-2.871057897571,1.10354967999999,50,-2.8617449173218,1.0898189949635,-5595.88511035217,-0.00931298024921896,-3.39866220035651,0.986419320403215,-5927.18014685044,0.527604302785507
2.773,-2.778125,-2.80594914088789,1.15354968,50,-2.79787642629202,1.13961191853655,-5608.67016404995,-0.00807271459586511,-3.34062616658535,1.03942042780761,-5929.7471462787,0.534677025697444
2.774,-2.67812499999998,-2.73832250352698,1.20354968000001,50,-2.73115385227204,1.18944528557208,-5618.25343166231,-0.00716865125492832,-3.27955506996383,1.09236299989028,-5929.41982859799,0.541232566436869
2.775,-2.578125,-2.66873751452779,1.25354968,50,-2.66157572368262,1.23928957695073,-5620.92390394432,-0.00716179084517095,-3.21545302454756,1.14522049966355,-5922.47891752997,0.546715510019759
2.776,-2.47812500000002,-2.59467629321252,1.30354967999999,50,-2.58914323703047,1.28908117802275,-5636.64473089428,-0.00553305618205107,-3.14832664392578,1.19793221393034,-5928.87938891472,0.553650350713273
2.777,-2.37812499999997,-2.51865671865462,1.35354968000002,50,-2.51385596934901,1.33894023372104,-5644.5077367584,-0.00480074930560285,-3.07818075825667,1.25062110937677,-5927.70500369656,0.559524039602045
2.778,-2.27812499999999,-2.44011926135632,1.40354968000001,50,-2.43571212978003,1.38879434753695,-5649.91368670497,-0.00440713157628614,-3.00501867038271,1.30321753269124,-5924.34858937158,0.564899409026378
2.779,-2.17812500000001,-2.35766510399001,1.45354968,50,-2.35471264883618,1.43862092221595,-5663.74081575677,-0.00295245515383069,-2.92884624955751,1.35570155253779,-5929.68058091233,0.571181145567503
2.78,-2.07812500000003,-2.27325259429785,1.50354967999999,50,-2.27085688368005,1.48849747529148,-5669.99279311503,-0.00239571061780055,-2.84966764111284,1.40815327647575,-5927.69699469087,0.576415046814978
2.781,-1.97812499999998,-2.18576267236731,1.55354968000001,50,-2.1841439694911,1.53835423790144,-5678.22962650366,-0.00161870287620975,-2.76748662213186,1.46050545124837,-5927.95034036146,0.581723949764551
2.782,-1.878125,-2.09491557619976,1.60354968,50,-2.09457451617089,1.58820950139652,-5690.24645274607,-0.000341060028872818,-2.68230830237411,1.51277881093026,-5932.22841719577,0.587392726174354
2.783,-1.77812500000002,-2.00211012839392,1.65354967999999,50,-2.00214761328868,1.63809804403462,-5694.9602634258,3.74848947653709e-05,-2.59413613335142,1.56501050521152,-5929.4410439826,0.592026004957502
2.784,-1.67812500000004,-1.90566774183125,1.70354967999998,50,-1.90686328035483,1.68795262648988,-5706.09162216751,0.00119553852357237,-2.50297436263943,1.61713559653308,-5933.30177924131,0.597306620808191
2.785,-1.57812499999999,-1.80642771007096,1.75354968000001,50,-1.80872177022377,1.73783234284277,-5716.35373703684,0.00229406015279973,-2.40882734122484,1.66921541272747,-5936.51699543753,0.602399631153885
2.786,-1.47812500000001,-1.70522932667244,1.80354968,50,-1.70772187304373,1.7877291570921,-5719.57797373019,0.002492546371287,-2.31169783130431,1.72124408519577,-5932.91139303989,0.60646850463186
2.787,-1.37812500000003,-1.59983447547759,1.85354967999999,50,-1.60386446484392,1.83757829425692,-5733.64635345357,0.004029989366318,-2.21159055862546,1.77315894167969,-5940.36049845877,0.611756083147877
2.788,-1.27812500000001,-1.49220150812466,1.90354968,50,-1.4971494171143,1.8874795943526,-5742.19090951211,0.00494790898964676,-2.10850912572465,1.8250618619059,-5942.49002000971,0.616307617599996
2.789,-1.17812499999999,-1.38233042461367,1.95354968,50,-1.38757519931754,1.93738215734886,-5746.0563013397,0.00524477470385856,-2.00245561800168,1.87690392420404,-5940.13846074686,0.620125193388002
2.79,-1.07812500000001,-1.26826287330639,2.00354967999999,50,-1.27514297239412,1.9872429329773,-5760.66303534638,0.00688009908771643,-1.89343470069293,1.92864399696039,-5948.72033762815,0.625171827386544
2.791,-0.978124999999999,-1.15223696898568,2.05354968,49.680267728,-1.15985229773388,2.03716080635637,-5732.80514095799,0.00761532874819662,-1.78144933121709,1.98038282587128,-5949.77736330021,0.629212362231414
2.792,-0.878125000000018,-1.03341341717563,2.10354967999999,48.8276483360002,-1.0417110984144,2.08674501440333,-5652.2404041115,0.00829768123876649,-1.66650156404021,2.03205118423354,-5950.78407225724,0.633088146864589
2.793,-0.778125000000003,-0.911001380274335,2.1524672532,44.8804643800001,-0.920752368681094,2.13551117134883,-5236.64533686929,0.00975098840675813,-1.54859544695962,2.08364871836275,-5939.5016581317,0.637594066685279
2.794,-0.678124999999987,-0.786753494007464,2.19931421000001,39.484762763999,-0.79711124387471,2.18037826613244,-4688.00803836391,0.0103577498672518,-1.42773827368855,2.1350624781041,-5888.11847798847,0.640984779681082
2.795,-0.578125000000007,-0.659482395476264,2.24069869,31.8858990200005,-0.671046015354732,2.22012835377288,-3898.57912730451,0.0115636198784758,-1.30395113454483,2.18592382126053,-5754.84743565614,0.644468739068564
2.796,-0.478125000000027,-0.530029543859995,2.27392032519999,24.308494780002,-0.542913101995896,2.25255408279574,-3098.2349485783,0.0128835581358976,-1.1772872385506,2.23548023574561,-5501.01369574015,0.6472576946906
2.797,-0.378124999999976,-0.399320899551513,2.3019535204,16.7432364927982,-0.413134710236472,2.27756638549432,-2333.71259802712,0.0138138106849546,-1.04785307024212,2.28262456738102,-5189.12298768042,0.648532170690606
2.798,-0.278124999999996,-0.266763648032585,2.3196403236,9.19471963519968,-0.282125827707073,2.29550631349866,-1520.57688814565,0.0153621796744757,-0.915802026208393,2.32682643078824,-4746.93624574397,0.649038378175812
2.799,-0.178125000000016,-0.133612704315572,2.3306926868,1.64982818280118,-0.150304170150929,2.30593758608367,-720.896419861809,0.0166914658353548,-0.781336907701204,2.36689166328136,-4249.08343537794,0.647724203385626
2.8,-0.078125,0,2.33658493,-5.89224351,-0.0180960721459737,2.30899562988797,40.6881598249922,0.0180960721459741,-0.644709213911035,2.40231454880875,-3729.76552335417,0.644709213911035
2.801,0.0218750000000156,0.133612704315572,2.3306926868,-13.4407603676012,0.114086379394529,2.30504235559126,883.065642468452,0.0195263249210464,-0.506190382940986,2.43290480407296,-3079.33380767862,0.639803087256554
2.802,0.121874999999996,0.266763648032585,2.3196403236,-20.9976479399997,0.245820483041913,2.29334533602938,1682.99700413386,0.0209431649906759,-0.366091645950754,2.45746367265729,-2428.24423899211,0.632855293983329
2.803,0.221875000000011,0.39932089955156,2.3019535204,-28.5652978600009,0.376674085854407,2.2743070783205,2470.05876830421,0.0226468136971594,-0.224758481506756,2.47599445096339,-1753.24491783426,0.624079381058321
2.804,0.321874999999991,0.530029543859949,2.2739203252,-36.1602598759994,0.506230283770464,2.24805736168071,3316.95284604786,0.0237992600894852,-0.0825423077361232,2.48828651280848,-988.667291242584,0.612571851596061
2.805,0.421875000000007,0.659482395476264,2.24069869,-42.8411394000003,0.634060441408871,2.21405690658646,4017.86540071547,0.0254219540673839,0.0601760909530922,2.49352540779305,-242.269187625332,0.599306304523167
2.806,0.521875000000023,0.786753494007509,2.19931420999999,-47.5024536400011,0.759759293309378,2.17366075669467,4529.36180933178,0.0269942006981351,0.202997702463743,2.49188931993713,542.928064397465,0.583755791543756
2.807,0.621875000000003,0.911001380274335,2.1524672532,-49.307246744,0.883010599779333,2.12862145387594,4748.4653355353,0.0279907804950042,0.345518698646877,2.48303195329877,1318.96182268081,0.565482681627461
2.808,0.721874999999983,1.03341341717558,2.10354968000001,-50,1.00362559716738,2.08163620953551,4842.78852569495,0.0297878200082118,0.487328066496667,2.46704880500249,2018.39939151478,0.546085350678908
2.809,0.821875000000034,1.15223696898573,2.05354967999998,-50,1.12152576482363,2.03385601897434,4873.20031265183,0.0307112041621055,0.628038032949784,2.4446556049528,2646.89450818011,0.524198936035947
2.81,0.921875000000014,1.26826287330639,2.00354967999999,-50,1.23668243551054,1.98587009926853,4900.55786585932,0.0315804377958574,0.767300311361951,2.41651495928987,3188.84232445616,0.500962561944454
2.811,1.02187499999999,1.38233042461367,1.95354968,-50,1.34908463592728,1.93770686824876,4918.96214036272,0.0332457886863985,0.904808663024628,2.38343201171797,3649.19382550288,0.47752176158905
2.812,1.12187499999997,1.49220150812462,1.90354968000001,-50,1.45872457448865,1.88944897091163,4946.53071335908,0.0334769336359771,1.04030163992909,2.34616510890518,4055.52946013364,0.451899868195528
2.813,1.22187500000003,1.59983447547759,1.85354967999999,-50,1.56559441606991,1.84101224244382,4967.10147521788,0.0342400594076932,1.17355394133708,2.30521768195315,4399.93948363023,0.426280534140518
2.814,1.32187500000001,1.70522932667244,1.80354968,-50,1.66968576669009,1.79246133989602,4981.69900243266,0.0355435599823574,1.30437117333018,2.26116515129673,4690.64450770828,0.40085815334226
2.815,1.42187499999999,1.80642771007096,1.75354968000001,-50,1.7709936640353,1.74385139399681,5005.90107016858,0.0354340460356629,1.43258971897204,2.2145064158413,4949.49657401995,0.373837991098913
2.816,1.52187499999997,1.90566774183118,1.70354968000002,-50,1.86951219641416,1.69509413449056,5021.39269908949,0.0361555454170226,1.55806876463784,2.16553856241576,5163.65064099582,0.347598977193337
2.817,1.62187500000002,2.00211012839392,1.65354967999999,-50,1.96523522564841,1.64626992575048,5035.77430735616,0.0368749027455151,1.68068789077899,2.11467639174686,5345.4752326878,0.32142223761492
2.818,1.721875,2.09491557619976,1.60354968,-50,2.05815921136004,1.59738908373789,5055.48758241892,0.0367563648397175,1.80034716590352,2.06222027119892,5505.56776500777,0.294568410296239
2.819,1.82187499999998,2.18576267236731,1.55354968000001,-50,2.1482795059991,1.54840264489984,5067.08464872231,0.0374831663682193,1.91696106190303,2.00837260634049,5634.10178450148,0.268801610464267
2.82,1.92187499999999,2.27325259429782,1.50354968,-50,2.23559220311482,1.499385442032,5082.28610525958,0.0376603911829919,2.0304582285321,1.95342589238325,5745.95314159249,0.242794365765712
2.821,2.02187500000001,2.35766510399001,1.45354968,-50,2.320094591449,1.45030436242846,5098.41643873719,0.037570512541,2.14078014061059,1.8975353133474,5841.1948678956,0.216884963379409
2.822,2.12187499999999,2.44011926135632,1.40354968000001,-50,2.40178276915531,1.40115095943031,5106.91133075058,0.0383364922010229,2.24787713820869,1.84085514082708,5913.6563790753,0.192242123147641
2.823,2.221875,2.51865671865465,1.35354968,-50,2.48065460802138,1.35199559120029,5123.62590853073,0.0380021106332643,2.35171001998033,1.7835961766713,5981.27701559352,0.166946698674304
2.824,2.32187499999998,2.59467629321249,1.30354968000001,-50,2.55670782914977,1.30276263967545,5136.78001413282,0.0379684640627272,2.45224692517215,1.725803854054,6034.09083653626,0.142429368040331
2.825,2.421875,2.66873751452779,1.25354968,-50,2.62993892919031,1.25348498145393,5142.70386932767,0.0387985853374803,2.54946122077169,1.66761522238408,6070.00677721641,0.119276293756112
2.826,2.52187500000002,2.738322503527,1.20354967999999,-50,2.70034725423214,1.20422920413486,5161.39673890359,0.0379752492948586,2.64333467115588,1.609186356439,6110.39741341313,0.0949878323711276
2.827,2.621875,2.80594914088789,1.15354968,-50,2.76793069157813,1.15487779887054,5171.98210099897,0.0380184493097566,2.73385234322869,1.55047646138312,6135.58039958591,0.0720967976592101
2.828,2.72187499999998,2.87105789757098,1.10354968000001,-50,2.8326859032163,1.1055055029531,5179.88848562655,0.0383719943546914,2.82100215582418,1.49162588319178,6152.02222989236,0.0500557417467861
2.829,2.82187500000003,2.93224995097753,1.05354967999999,-50,2.8946123992009,1.05613699535576,5196.01852837233,0.0376375517766383,2.90477835846355,1.43271525855782,6171.52729461196,0.0274715925139773
2.83,2.92187500000001,2.99148365274575,1.0035496798,-50,2.95370822898633,1.00669661255193,5204.39724912567,0.0377754237594255,2.98517670605749,1.37371649879663,6178.90361333243,0.00630694668825722
2.831,3.02187499999999,3.04763994479666,0.953549679160006,-50,3.00997132056113,0.957255778110519,5214.60342409745,0.0376686242355216,3.06219534940818,1.31474132498084,6184.40943738598,-0.014555404611511
2.832,3.121875,3.10043906261051,0.903549678999999,-50,3.06340116642351,0.907797680152751,5228.44869770698,0.0370378961869907,3.13583613183209,1.25580690910317,6190.44565111566,-0.0353970692215821
2.833,3.22187500000002,3.15127982809852,0.853549678999991,-50,3.11399581909046,0.85828886572961,5234.86458584859,0.0372840090080647,3.20610124698742,1.19690830840379,6186.45437047637,-0.0548214188888998
2.834,3.321875,3.19848365185031,0.803549679000001,-50,3.16175433306776,0.808797763797922,5247.58444405802,0.0367293187825581,3.27299538819467,1.13813772031738,6186.61102807419,-0.074511736344357
2.835,3.42187500000001,3.24288983269639,0.753549678999993,-50,3.20667606094188,0.759266350378701,5259.33268793681,0.0362137717545049,3.33652479111896,1.07945678539261,6184.02242015444,-0.0936349584225844
2.836,3.52187499999999,3.28533766305008,0.703549679000003,-50,3.24875895090396,0.709703626806595,5263.95061398392,0.0365787121461195,3.39669531207088,1.02089062110983,6172.86022791097,-0.111357649020798
2.837,3.62187500000001,3.3235890221697,0.653549678999995,-50,3.28800308967541,0.660175240536393,5279.32903296134,0.0355859324942784,3.45351578148643,0.962517926550327,6171.30036857527,-0.129926759316724
2.838,3.72187500000003,3.35960226513127,0.603549678999987,-50,3.32440760707219,0.610582141810317,5289.10768194569,0.0351946580590806,3.50699474497686,0.904250060373282,6163.22826753383,-0.147392479845587
2.839,3.82187500000001,3.39337739193478,0.553549678999997,-50,3.35797027409586,0.560975948816611,5294.13806131065,0.0354071178389189,3.55713992048147,0.846146772718392,6149.70680690367,-0.163762528546694
2.84,3.92187499999999,3.42295605094196,0.503549679000007,-50,3.3886915925383,0.511400365931887,5309.84673593289,0.0342644584036657,3.6039621665834,0.788257942597165,6146.34408515388,-0.181006115641454
2.841,4.02187500000004,3.45057635831086,0.453549678999982,-50,3.4165705004926,0.46175710539411,5317.78660554217,0.0340058578182506,3.64747108382823,0.730489777202723,6134.84857586097,-0.196894725517368
2.842,4.12187500000002,3.47539902048219,0.403549678999991,-50,3.44160517087085,0.412117745109761,5325.4426332299,0.0337938496113523,3.68767572391975,0.672916911150138,6122.83824720732,-0.212276703437558
2.843,4.221875,3.49658474389669,0.353549679000001,-50,3.46379590177746,0.362484890379126,5339.15560185754,0.0327888421192332,3.72458740369998,0.615543778063548,6116.76727531109,-0.228002659803294
2.844,4.32187499999998,3.51581211567291,0.303549679000011,-50,3.48314146929343,0.312802807261949,5345.38943528602,0.0326706463794675,3.75821599277557,0.558315426274687,6103.19594361067,-0.242403877102654
2.845,4.42187500000003,3.53168231321206,0.253549678999986,-50,3.49964102623118,0.263140380106061,5355.7876241783,0.0320412869808661,3.78857175687413,0.501300634682743,6093.84931630797,-0.256889443662084
2.846,4.52187500000001,3.54447509851287,0.203549678999996,-50,3.51329460036156,0.213459266374457,5367.60723227804,0.0311804981513057,3.8156658091451,0.444460204988952,6086.05320389277,-0.27119071063223
2.847,4.62187499999999,3.55530953102948,0.153549678992006,-50,3.52410074722234,0.163746417974618,5372.22497909188,0.0312087838071593,3.83950772339233,0.387779602195405,6071.24195343693,-0.284198192362839
2.848,4.72187499999997,3.56222726026951,0.103549678928016,-50,3.53205954808688,0.114068141219112,5385.44443237165,0.0301677121826258,3.86010849883954,0.331323117840383,6065.26712913119,-0.297881238570022
2.849,4.82187500000002,3.56662711089439,0.0535496788855901,-50,3.53717071515858,0.0643452468224034,5395.44024321363,0.0294563957357935,3.87747863764193,0.275009109419723,6056.34304388475,-0.310851526747525
2.85,4.921875,3.56906861148526,0.00354967886,-50,3.53943254364122,0.0146074614522633,5398.50314772081,0.0296360678440395,3.89162707405161,0.218864489296383,6040.79289036353,-0.322558462566355
2.851,5.02187499999998,3.5670338760931,-0.04645032111439,-50,3.53884600824693,-0.0350814090720193,5414.59788685303,0.0281878678461807,3.90256525215201,0.162949954746629,6038.60764441999,-0.335531376058905
2.852,5.121875,3.56304078906265,-0.0964503210719979,-50,3.53541047473994,-0.0848413334470056,5422.81762567069,0.027630314322709,3.91030282219577,0.107142191988108,6028.90134073164,-0.347262033133127
2.853,5.22187500000001,3.5565298213544,-0.146450321008006,-50,3.52912395072928,-0.134599751536333,5428.56436654169,0.0274058706251071,3.91484787926918,0.0515102292557948,6017.0922314556,-0.35831805791479
2.854,5.32187499999999,3.54610215036957,-0.196450320999996,-50,3.51998717423666,-0.184333914093635,5442.7174981421,0.0261149761328939,3.91621104238217,-0.00392686012894326,6014.07198390641,-0.370108892012612
2.855,5.42187500000001,3.53371612774644,-0.246450321000004,-50,3.50799931833139,-0.234121197509698,5449.28165295954,0.025716809415066,3.91440115190436,-0.0592502357476824,6003.85410233387,-0.380685024157904
2.856,5.52187499999999,3.51825269540601,-0.296450320999994,-50,3.49315934192641,-0.283891700860785,5457.817724104,0.0250933534796056,3.90942661511787,-0.114393855623745,5996.00543540013,-0.391173919711871
2.857,5.621875,3.4994320860783,-0.346450321000001,-50,3.47546768598409,-0.333663591786208,5470.12170171247,0.0239644000942108,3.9012970988546,-0.16937979515321,5992.32543906076,-0.401865012776309
2.858,5.72187500000002,3.47865312488312,-0.396450321000009,-50,3.45492327799226,-0.383471532874694,5475.11128839899,0.0237298468908605,3.89002053183398,-0.224246650510081,5981.73316252242,-0.411367406950863
2.859,5.821875,3.4542372279105,-0.446450320999999,-50,3.43152598181466,-0.433248175852009,5486.50768888162,0.0227112460958315,3.87560555359328,-0.278931013296997,5977.94935957895,-0.421368325682783
2.86,5.92187499999998,3.42702368344849,-0.496450320999989,-50,3.40527590072761,-0.483052511917149,5497.02475938509,0.0217477827208798,3.85806081763783,-0.333495804334513,5973.68591718486,-0.431037134189335
2.861,6.02187499999999,3.39785178620227,-0.546450320999997,-50,3.37617168102046,-0.532876408310021,5500.49440555345,0.0216801051818089,3.83739329602877,-0.387936796275895,5962.77149546012,-0.439541509826494
2.862,6.12187500000001,3.36448342459745,-0.596450321000005,-50,3.34421406026083,-0.582654998408232,5514.79911715685,0.020269364336629,3.81361182937062,-0.442192991999901,5963.08427217638,-0.449128404773174
2.863,6.22187499999999,3.32887694500114,-0.646450320999995,-50,3.30940277660022,-0.632488035038542,5523.57143350343,0.0194741684009104,3.78672403845398,-0.496367968166324,5958.25158979044,-0.457847093452847
2.864,6.32187500000001,3.2910323474133,-0.696450321000003,-50,3.27173617102111,-0.682324535772464,5527.65643636165,0.0192961763921772,3.75673592935045,-0.550414512441738,5949.11260546165,-0.465703581937136
2.865,6.42187500000002,3.24899128202912,-0.746450321000011,-50,3.2312152805899,-0.732121371956544,5542.4750077675,0.0177760014392225,3.72365598993386,-0.6042932059177,5951.08168458624,-0.474664707904748
2.866,6.521875,3.20499186500667,-0.796450321000001,-50,3.187839547211,-0.781977353901472,5549.57503678088,0.0171523177956646,3.68749090224562,-0.658106502946721,5945.69972467633,-0.482499037238956
2.867,6.62187500000002,3.15819480278664,-0.846450321000008,-50,3.14160761901182,-0.831821379341309,5556.43705034992,0.0165871837748306,3.64824634776641,-0.711786875334176,5940.43988715355,-0.490051544979768
2.868,6.721875,3.1077608018098,-0.896450320999999,-50,3.0925202432502,-0.88165127706655,5569.39789859125,0.0152405585596053,3.60592990442813,-0.765335652639221,5941.63136945789,-0.498169102618313
2.869,6.82187499999998,3.05536844827795,-0.946450320839989,-50,3.04057662134479,-0.931523178254136,5574.91801807416,0.0147918269331612,3.56054740591658,-0.818812390976643,5935.72674289965,-0.50517895763864
2.87,6.92187500000003,2.99961891775878,-0.996450320200014,-50,2.98577630962245,-0.981368563094124,5584.63780267346,0.0138426081363298,3.51210484681635,-0.872151917805306,5934.3583874106,-0.512485929057577
2.871,7.02187500000001,2.94079198004335,-1.04645032,-50,2.92811971931434,-1.03122610960592,5595.81150631375,0.0126722607290284,3.46060888709276,-0.925396179496885,5934.77244891694,-0.519816907049391
2.872,7.12187499999999,2.88000669137719,-1.09645031999999,-50,2.86760577095226,-1.08110917499412,5599.81340659628,0.0124009204249158,3.40606451103105,-0.978561721948701,5928.33504953384,-0.526057819653851
2.873,7.22187500000004,2.81530469622583,-1.14645032000002,-50,2.80423489375015,-1.13095173911357,5612.44490114522,0.0110698024756781,3.34847803119101,-1.03158563373539,5930.83942348271,-0.533173334965174
2.874,7.32187500000002,2.74808482245937,-1.19645032000001,-50,2.73800713204042,-1.18083325700848,5621.87863921209,0.0100776904189569,3.28785519942398,-1.08455039869914,5930.45008218964,-0.539770376964606
2.875,7.421875,2.67890659865889,-1.24645032,-50,2.66892109846843,-1.23072424894086,5624.40358428366,0.00998550019045727,3.2242001646362,-1.1374294863373,5923.44790511941,-0.545293565977319
2.876,7.52187499999998,2.6052521388754,-1.29645031999999,-50,2.59697807151802,-1.28056113933042,5639.98288357418,0.00827406735737381,3.15751957485527,-1.19016219136058,5929.78803292445,-0.552267435979875
2.877,7.62187499999996,2.52963932745361,-1.34645031999998,-50,2.52217770796368,-1.33046411209334,5647.70826415614,0.00746161948992802,3.08781829418151,-1.24287148986688,5928.55428327525,-0.558178966727903
2.878,7.72187500000001,2.45150863535397,-1.39645032000001,-50,2.44451829448208,-1.38036080874983,5652.9804296316,0.0069903408718827,3.0150996588458,-1.29548773846371,5925.13956380724,-0.563591023491823
2.879,7.82187499999999,2.3694612399778,-1.44645032,-50,2.36400083695975,-1.43022866944888,5666.67759073379,0.00546040301804444,2.9393695709011,-1.34799101645612,5930.4144160388,-0.569908330923288
2.88,7.92187499999997,2.28545549181743,-1.49645031999999,-50,2.28062476579813,-1.48014524884598,5672.8033209384,0.00483072601930309,2.86063220784127,-1.40046144300817,5928.37488174174,-0.575176716023847
2.881,8.02187499999999,2.19837233141869,-1.54645031999999,-50,2.19438928731551,-1.5300408142629,5680.9175494624,0.0039830441031729,2.77889137824046,-1.45283177668353,5928.57350449527,-0.580519046821766
2.882,8.121875,2.10793199953309,-1.59645032,-50,2.10529508050138,-1.57993369245585,5692.81531514465,0.00263691903169796,2.69415222266352,-1.50512276367103,5932.79809022607,-0.586220223130418
2.883,8.22187499999998,2.01553331692596,-1.64645031999999,-50,2.01334130201173,-1.62985869613187,5697.41354703549,0.00219201491422219,2.6064182227323,-1.55737156581742,5929.95849282363,-0.590884905806349
2.884,8.321875,1.91949769556196,-1.69645032,-50,1.91852803648788,-1.6797486197856,5708.43273526038,0.000969659074072412,2.51569365542722,-1.60951325802438,5933.76828863036,-0.596195959865252
2.885,8.42187499999998,1.82066442670862,-1.74645031999999,-50,1.82085559999835,-1.72966259058932,5718.58602257366,-0.000191173289740257,2.42198290042164,-1.66160918072984,5936.93387042688,-0.601318473713019
2.886,8.52187499999999,1.71987280484185,-1.79645032,-50,1.72032284402806,-1.77959260498159,5721.70468219075,-0.000450039186212977,2.32528874787189,-1.71365347810764,5933.27992666991,-0.605415943030036
2.887,8.62187500000001,1.61488471517874,-1.84645032,-50,1.61693070411012,-1.82947391952002,5735.67064080502,-0.00204598893138838,2.22561595075714,-1.76558349054194,5940.68196504609,-0.610731235578395
2.888,8.72187499999999,1.50765851119108,-1.89645031999999,-50,1.51067910945764,-1.87940640484017,5744.11583586262,-0.00302059826656701,2.12296813812643,-1.81750111021002,5942.76566954596,-0.615309626935354
2.889,8.82187499999997,1.39819419287885,-1.94645031999998,-50,1.40156658552869,-1.92933919060261,5747.88484736617,-0.00337239264983133,2.01734742118589,-1.86935742764902,5940.36953144219,-0.619153228307031
2.89,8.92187500000002,1.28453340333245,-1.99645032000001,-50,1.28959434758019,-1.97922925545294,5762.39814230269,-0.00506094424773809,1.90875849028236,-1.92111132332543,5948.90809236922,-0.624225086949903
2.891,9.021875,1.16891426054356,-2.04645032,-50,1.17476200967349,-2.02917551301617,5769.20314941387,-0.00584774912992685,1.79720432724693,-1.97286355522407,5949.92301730703,-0.628290066703375
2.892,9.12187499999998,1.05049747026528,-2.09645031999999,-50,1.05706838629935,-2.07910695994561,5775.77998471354,-0.00657091603407184,1.68268701026708,-2.0245449084727,5950.88881794838,-0.632189540001791
2.893,9.221875,0.928443744209514,-2.14645032,-50,0.936514385524023,-2.12902152001706,5788.46506719971,-0.00807064131450335,1.56521061019023,-2.07615504098969,5958.13646596389,-0.636766865980714
2.894,9.32187500000001,0.804431667203005,-2.19645032000001,-50,0.813099364250137,-2.17897541527927,5793.71848411617,-0.00866769704712824,1.44477754885383,-2.12775185616303,5958.12075557077,-0.640345881650828
2.895,9.42187499999999,0.67706241595947,-2.24645032,-50,0.686823029178058,-2.22890021343945,5803.18028189105,-0.00976061321859322,1.32139050302913,-2.17926855173722,5962.47659158699,-0.644328087069669
2.896,9.52187500000001,0.546615753738069,-2.29645032,-50,0.557685936993571,-2.27883467670202,5814.104422888,-0.0110701832555012,1.19505290750603,-2.23074547012463,5968.45294314276,-0.648437153767975
2.897,9.62187499999999,0.414210739259629,-2.34645031999999,-48.0000000000018,0.425687148940235,-2.3287922436437,5600.47355249386,-0.0114764096806162,1.06576661247916,-2.28219758172285,5967.41891195866,-0.651555873219533
2.898,9.721875,0.277889021183704,-2.39645032,-31.9999999999993,0.290884526150986,-2.376706972349,3907.8106393817,-0.0129955049672877,0.933534885831886,-2.3335604294612,5975.17086675861,-0.655645864648182
2.899,9.82187500000002,0.139678892496292,-2.43238782000001,-6.99999999999363,0.153784838475874,-2.40897493442417,1837.81063938169,-0.0141059459795774,0.798360522403345,-2.38491498276972,5738.62435716827,-0.658681629907059
2.9,9.921875,-3.36691530453939e-15,-2.45738782,25,0.0153833360068723,-2.42214888115812,-232.189360618308,-0.0153833360068872,0.660308384507424,-2.43401370863237,5345.48449461204,-0.66030838450744
2.901,-9.97812500000002,-0.139678892496294,-2.43238782000001,40.9999999999968,-0.123226822618043,-2.41625840827464,-2302.18936061831,-0.016452069878252,0.519548893203638,-2.47941944473442,4153.15549113147,-0.659227785699936
2.902,-9.87812499999997,-0.277889021183752,-2.39645031999998,50,-0.260954173156782,-2.39133306562412,-4372.18936061831,-0.0169348480269819,0.376504111992805,-2.51378537511349,2934.39175869374,-0.654393133176569
2.903,-9.77812499999999,-0.414210739259629,-2.34645031999999,50,-0.396708943136831,-2.34740235725472,-5319.53189926803,-0.0175017961228005,0.231813052088082,-2.53688541196205,1642.07883363159,-0.646023791347714
2.904,-9.67812500000001,-0.546615753738069,-2.29645032,50,-0.529698937491132,-2.29482419012771,-5280.55449414402,-0.0169168162469356,0.0861400860561831,-2.54806036484292,513.606106589378,-0.632755839794258
2.905,-9.57812500000003,-0.677062415959425,-2.24645032000001,50,-0.659689032375227,-2.24268611128688,-5241.16773983443,-0.0173733835842002,-0.0598752404639249,-2.54883604745803,-457.206306574966,-0.61718717549551
2.906,-9.47812499999998,-0.80443166720305,-2.19645031999999,50,-0.786704531337059,-2.19099120460791,-5210.00625717128,-0.0177271358659866,-0.205679107992255,-2.54067905356398,-1299.26582346671,-0.598752559210788
2.907,-9.378125,-0.928443744209514,-2.14645032,50,-0.910768638734967,-2.13966311067479,-5188.05794665362,-0.0176751054745378,-0.350794042702452,-2.52478775545507,-2031.24623111618,-0.577649701507065
2.908,-9.27812500000002,-1.05049747026524,-2.09645032000001,50,-1.03189992687408,-2.08861649974404,-5163.53563980039,-0.01859754339115,-0.49480625755586,-2.50218686910784,-2656.78862249691,-0.555691212709391
2.909,-9.17812500000004,-1.16891426054352,-2.04645032000002,50,-1.15011518944737,-2.03787461628327,-5149.54569638626,-0.0187990710961428,-0.637359672264163,-2.47386602413375,-3202.45738988103,-0.531554588279368
2.91,-9.07812499999999,-1.28453340333249,-1.99645031999999,50,-1.26542909660572,-1.98734009022128,-5138.26569198475,-0.0191043067267577,-0.778147862868533,-2.44056892380944,-3672.16874746293,-0.506385540463947
2.911,-8.97812500000001,-1.39819419287881,-1.94645032,50,-1.37785280561227,-1.93698766871517,-5123.05982249928,-0.0203413872665502,-0.916905951285825,-2.40300208950088,-4069.52506027499,-0.481288241592974
2.912,-8.87812500000003,-1.50765851119104,-1.89645032000001,50,-1.48739777690658,-1.88685318746167,-5121.40274750863,-0.0202607342844651,-1.05340855931133,-2.36183780570762,-4420.92976009187,-0.454249951879718
2.913,-8.77812500000001,-1.61488471517874,-1.84645032,50,-1.59407291693964,-1.83681165974403,-5116.57125573358,-0.0208117982391,-1.18746183904856,-2.31750440331593,-4717.44577425948,-0.427422876130181
2.914,-8.67812499999999,-1.71987280484185,-1.79645032,50,-1.69788438408035,-1.78689214611867,-5109.10033367797,-0.0219884207615043,-1.31889882059348,-2.2705117703676,-4966.39714054147,-0.400973984248376
2.915,-8.57812500000001,-1.82066442670858,-1.74645032000001,50,-1.7988398594531,-1.73711874022235,-5114.14055252599,-0.0218245672554743,-1.44757979550596,-2.22130162343055,-5188.85342183665,-0.373084631202611
2.916,-8.478125,-1.91949769556196,-1.69645032,50,-1.89694441048269,-1.68737611309177,-5113.00415947906,-0.022553285079291,-1.57338479112057,-2.17012115443334,-5371.28666246192,-0.346112904441382
2.917,-8.37812500000002,-2.01553331692592,-1.64645032000001,50,-1.99220142720722,-1.63772104184927,-5112.96630391275,-0.023331889718687,-1.69621155228565,-2.11734162934932,-5525.46937229387,-0.319321764640273
2.918,-8.278125,-2.10793199953309,-1.59645032,50,-2.08461563279054,-1.58814328423841,-5120.18484366727,-0.0233163667425404,-1.81597597656752,-2.06322543159872,-5661.47877851027,-0.29195602296557
2.919,-8.17812499999999,-2.19837233141869,-1.54645031999999,50,-2.17418954104458,-1.5385759615861,-5120.9642744123,-0.0241827903741186,-1.93260632738425,-2.00794182741745,-5769.03445405245,-0.265766004034454
2.92,-8.07812500000001,-2.2854554918174,-1.49645032,50,-2.2609254464804,-1.48907829752105,-5126.80914259401,-0.0245300453369979,-2.04604326839411,-1.95175440060767,-5862.61605030971,-0.239412223423281
2.921,-7.97812500000003,-2.36946123997777,-1.44645032000001,50,-2.34482600209828,-1.43960358204802,-5134.85548123287,-0.0246352378794915,-2.15623873752511,-1.89479311362388,-5941.95086640092,-0.213222502452659
2.922,-7.87812499999998,-2.451508635354,-1.39645031999999,50,-2.42589194151581,-1.39013152606851,-5136.37455164125,-0.0256166938381733,-2.26315218510775,-1.83719023632687,-6000.56657948963,-0.188356450246243
2.923,-7.77812499999999,-2.52963932745359,-1.34645032,50,-2.50412513732331,-1.340722176328,-5147.07806977347,-0.0255141901302718,-2.36675233995314,-1.77913737892926,-6056.13922374631,-0.162886987500452
2.924,-7.67812500000002,-2.60525213887537,-1.29645032000001,50,-2.57952675888077,-1.29129093871278,-5155.06072300749,-0.0257253799945977,-2.46701424211468,-1.72066323513345,-6098.47301706279,-0.138237896760692
2.925,-7.578125,-2.67890659865889,-1.24645032,50,-2.65209627019001,-1.2418628791061,-5156.54361555276,-0.0268103284688894,-2.563917261606,-1.66189025536202,-6125.27636610813,-0.114989337052896
2.926,-7.47812499999999,-2.74808482245939,-1.19645031999999,50,-2.72183556627712,-1.1924977903804,-5171.43088152966,-0.0262492561822813,-2.65744838286949,-1.60296178289801,-6157.74689310145,-0.0906364395898978
2.927,-7.378125,-2.81530469622586,-1.14645032,50,-2.78874471944712,-1.14307225469524,-5178.76295786379,-0.0265599767787285,-2.74759721008992,-1.54382592071799,-6176.04950390584,-0.0677074861359387
2.928,-7.27812499999999,-2.88000669137719,-1.09645031999999,50,-2.85282226027867,-1.09365587348811,-5183.89600053884,-0.027184431098522,-2.83435560402512,-1.48461333510494,-6186.51744135799,-0.0456510873520782
2.929,-7.17812500000001,-2.94079198004335,-1.04645032,50,-2.91406929245683,-1.04426886367925,-5197.66958522027,-0.0267226875865226,-2.91772123706412,-1.42539622397503,-6200.83886665562,-0.023070742979228
2.93,-7.07812499999999,-2.9996189177588,-0.996450320199996,50,-2.97248522022821,-0.994831686756521,-5204.05367957318,-0.0271336975305871,-2.99769283448736,-1.36613914225464,-6203.7203068334,-0.00192608327143275
2.931,-6.97812499999998,-3.05536844827795,-0.946450320839989,50,-3.02806911903497,-0.945412403789976,-5212.57908668781,-0.0272993292429852,-3.07427112305272,-1.30694739976128,-6205.33147382976,0.018902674774785
2.932,-6.878125,-3.1077608018098,-0.896450320999999,50,-3.08082144896505,-0.895991286966573,-5225.015732403,-0.0269393528447634,-3.14746017831477,-1.24783258173242,-6207.99609509673,0.0396993765049573
2.933,-6.77812500000002,-3.15819480278664,-0.846450321000008,50,-3.13074107417929,-0.846532355733667,-5230.25867600023,-0.0274537286073474,-3.21726412665587,-1.18878487715584,-6201.08886839958,0.0590693238692213
2.934,-6.67812499999997,-3.20499186500668,-0.796450320999983,50,-3.17782772572709,-0.797101850763078,-5242.00951071149,-0.0271641392795993,-3.28368933317531,-1.12989224300697,-6198.7264107626,0.0786974681686245
2.935,-6.57812499999999,-3.24899128202914,-0.746450320999993,50,-3.22208131582747,-0.74763985539585,-5252.96505405492,-0.0269099662016639,-3.34674347804635,-1.0711126270513,-6193.96427920364,0.0977521960172141
2.936,-6.47812500000001,-3.2910323474133,-0.696450321000003,50,-3.26350025121935,-0.698153735122681,-5256.94251816217,-0.0275320961939529,-3.40643366417544,-1.01246793111069,-6180.92940845268,0.115401316762154
2.937,-6.37812500000003,-3.32887694500113,-0.646450321000013,50,-3.30208498986537,-0.648707725666149,-5271.81171840123,-0.0267919551357677,-3.462769796287,-0.954034055259706,-6177.75865926343,0.13389285128588
2.938,-6.27812499999997,-3.36448342459747,-0.596450320999987,50,-3.33783495753256,-0.599201560882075,-5281.19419140625,-0.0266484670649138,-3.51576134432743,-0.89571992280883,-6168.30346653281,0.151277919729956
2.939,-6.17812499999999,-3.39785178620227,-0.546450320999997,50,-3.37074815633076,-0.54968581190177,-5285.92555937104,-0.0271036298715211,-3.56541682010269,-0.837583165036374,-6153.59702715172,0.167565033900418
2.94,-6.07812500000001,-3.42702368344848,-0.496450321000007,50,-3.4008252633995,-0.500203283747109,-5301.41853560432,-0.0261984200489895,-3.61174776257871,-0.779671818480772,-6149.22151254863,0.184724079130233
2.941,-5.97812500000003,-3.45423722791049,-0.446450321000017,50,-3.42806534434097,-0.450654918129741,-5309.21405028199,-0.0261718835695128,-3.65476435403306,-0.72189048924668,-6136.86286337585,0.200527126122565
2.942,-5.87812499999998,-3.47865312488313,-0.396450320999992,50,-3.45246665861736,-0.401111633744045,-5316.78663627229,-0.0261864662657602,-3.69447614217585,-0.664312420645289,-6124.11937474195,0.215823017292711
2.943,-5.778125,-3.4994320860783,-0.346450321000001,50,-3.47402955589139,-0.351575473658037,-5330.46796684243,-0.025402530186924,-3.73089486538633,-0.606940838145663,-6117.42802360256,0.231462779308023
2.944,-5.67812500000002,-3.518252695406,-0.296450321000011,50,-3.4927528340147,-0.301990226378917,-5336.71412076557,-0.0254998613912905,-3.76403075017293,-0.549719742029394,-6103.33416603123,0.24577805476692
2.945,-5.57812500000001,-3.53371612774644,-0.246450321000004,50,-3.50863564229751,-0.252424371616986,-5347.16177534158,-0.0250804854489356,-3.79389436309696,-0.492717002101761,-6093.54985043878,0.260178235350513
2.946,-5.47812499999999,-3.54610215036957,-0.196450320999996,50,-3.5216779836381,-0.202839225507837,-5359.06202710938,-0.0244241667314556,-3.82049706952514,-0.435892632124466,-6085.38948627602,0.274394919155575
2.947,-5.37812500000001,-3.5565298213544,-0.146450321008006,50,-3.53187837073297,-0.153221454058893,-5363.78647546877,-0.0246514506214378,-3.84384865337283,-0.379231415270934,-6070.27753814205,0.287318832018436
2.948,-5.278125,-3.56304078906265,-0.0964503210719979,50,-3.53923682699548,-0.103637125230789,-5377.13425212077,-0.0238039620671549,-3.86396028754429,-0.322797053226357,-6064.05695848793,0.300919498481645
2.949,-5.17812500000002,-3.5670338760931,-0.0464503211144078,50,-3.54375299429222,-0.0540068525671706,-5387.27618229952,-0.0232808818008634,-3.88084261637505,-0.266507393775767,-6054.93457132292,0.313808740281939
2.95,-5.078125,-3.56906861148526,0.00354967886,50,-3.54542508721019,-0.00436020106853591,-5390.49967463913,-0.0236435242750529,-3.8945046890897,-0.210388909259244,-6039.22702682766,0.325436077604439
2.951,-4.97812499999998,-3.56662711089439,0.0535496788856078,50,-3.54425399146609,0.0452391542498004,-5406.76659163214,-0.0223731194282942,-3.90495804127655,-0.154501917803077,-6036.91959896554,0.338330930382157
2.952,-4.878125,-3.56222726026951,0.103549678927998,50,-3.54023897709865,0.0949112862037289,-5415.16761591782,-0.0219882831708615,-3.91221239448909,-0.0987227795199996,-6027.12135889764,0.349985134219581
2.953,-4.77812500000002,-3.55530953102949,0.153549678991988,50,-3.53337795068468,0.144583715776557,-5421.102624411,-0.0219315803448213,-3.91627589775267,-0.0431202427098853,-6015.2462515415,0.360966366723177
2.954,-4.67812499999997,-3.54447509851287,0.203549679000013,50,-3.52367154512965,0.194233755161685,-5435.44919685685,-0.0208035533832265,-3.91715920912484,0.0122868591804969,-6012.18221523981,0.372684110611961
2.955,-4.57812499999999,-3.53168231321205,0.253549679000004,50,-3.51111882534588,0.243938825452267,-5442.21041287559,-0.0205634878661843,-3.91487119527249,0.0675798909289734,-6001.93951027912,0.383188882060443
2.956,-4.47812500000001,-3.51581211567291,0.303549678999994,50,-3.49571863993933,0.293629056071272,-5450.94583842357,-0.0200934757335886,-3.90942027888224,0.122692985592601,-5994.08216737133,0.393608163209342
2.957,-4.378125,-3.49658474389669,0.353549679000001,50,-3.4774713181778,0.343322632747858,-5463.45028211956,-0.0191134257189009,-3.90081613291224,0.177648367404749,-5990.40714544184,0.404231389015564
2.958,-4.27812499999998,-3.47539902048218,0.403549679000009,50,-3.45637567513025,0.393054225262599,-5468.64050137388,-0.0190233453519331,-3.88906668434518,0.232484758173337,-5979.83138641676,0.413667663863002
2.959,-4.178125,-3.45057635831085,0.453549678999999,50,-3.43243146207894,0.442756483826082,-5480.23690608967,-0.018144896231902,-3.87418056434424,0.287138855553202,-5976.0738215503,0.423604206033381
2.96,-4.07812499999999,-3.42295605094196,0.503549679000007,50,-3.40563867001493,0.492488390812176,-5490.95261925379,-0.0173173809270197,-3.85616641244941,0.341673669485358,-5971.84469451669,0.433210361507437
2.961,-3.97812500000001,-3.39337739193478,0.553549678999997,50,-3.37599583364084,0.542241797903552,-5494.61897987256,-0.0173815582939325,-3.8350311820873,0.396085046487209,-5960.97129187497,0.441653790152522
2.962,-3.87812499999999,-3.35960226513126,0.603549679000005,50,-3.34350357997755,0.591951817731629,-5509.118031942,-0.016098685153705,-3.81078369136111,0.450312050550404,-5961.33062909568,0.451181426229859
2.963,-3.77812499999997,-3.32358902216969,0.653549679000013,50,-3.30816153793506,0.641718178308012,-5518.08187331247,-0.0154274842346239,-3.78343153536764,0.504458308659731,-5956.54896993106,0.459842513197951
2.964,-3.67812499999999,-3.28533766305008,0.703549679000003,50,-3.2699679407914,0.691489868366109,-5522.35526302176,-0.0153697222586848,-3.75298069188783,0.558476648804674,-5947.46458112733,0.467643028837748
2.965,-3.57812500000001,-3.24288983269639,0.753549678999993,50,-3.22892371964462,0.741223727489942,-5537.35886212101,-0.0139661130517801,-3.71943961843099,0.612327684145398,-5949.49110048644,0.476549785734598
2.966,-3.47812499999996,-3.1984836518503,0.803549679000019,50,-3.18502821230745,0.791018532243846,-5544.64031221678,-0.0134554395428322,-3.68281496502981,0.666113894359448,-5944.16872511135,0.484331313179521
2.967,-3.37812499999998,-3.15127982809851,0.853549679000009,50,-3.13827996481288,0.840803144391262,-5551.67997097468,-0.0129998632856424,-3.64311237989093,0.719767770094216,-5938.97004134751,0.491832551792434
2.968,-3.278125,-3.10043906261051,0.903549678999999,50,-3.08867962442829,0.890575355250423,-5564.81460839978,-0.0117594381822277,-3.60033940674506,0.773290654430967,-5940.223802219,0.499900344134547
2.969,-3.17812500000002,-3.04763994479668,0.953549679159989,50,-3.03622629474837,0.940391257847063,-5570.50455039986,-0.0114136500482936,-3.55450184441979,0.826742112897014,-5934.38214059756,0.506861899623122
2.97,-3.07812499999997,-2.99148365274573,1.00354967980001,50,-2.98091943648933,0.990182293261079,-5580.39012345654,-0.0105642162564117,-3.50560565221817,0.880056978315521,-5933.07707343201,0.514121999472443
2.971,-2.97812499999999,-2.93224995097751,1.05354968,50,-2.9227593675286,1.03998709984232,-5591.72555716694,-0.00949058344890782,-3.45365745461252,0.933277199074706,-5933.55445511746,0.521407503635017
2.972,-2.87812500000001,-2.871057897571,1.10354967999999,50,-2.86174491732179,1.0898189949635,-5595.88511035211,-0.00931298024921896,-3.39866220035651,0.986419320403221,-5927.18014685033,0.527604302785507
2.973,-2.77812500000003,-2.80594914088791,1.15354967999998,50,-2.79787642629202,1.13961191853655,-5608.67016404941,-0.00807271459589056,-3.34062616658534,1.03942042780762,-5929.74714627812,0.534677025697419
2.974,-2.67812499999998,-2.73832250352698,1.20354968000001,50,-2.73115385227204,1.18944528557207,-5618.25343166234,-0.00716865125492832,-3.27955506996383,1.09236299989028,-5929.4198285978,0.541232566436844
2.975,-2.578125,-2.66873751452779,1.25354968,50,-2.66157572368261,1.23928957695073,-5620.92390394435,-0.00716179084517095,-3.21545302454756,1.14522049966355,-5922.47891753,0.546715510019759
2.976,-2.47812500000002,-2.59467629321252,1.30354967999999,50,-2.58914323703047,1.28908117802274,-5636.6447308943,-0.00553305618205107,-3.14832664392578,1.19793221393034,-5928.87938891474,0.553650350713273
2.977,-2.378125,-2.51865671865465,1.35354968,50,-2.51385596934901,1.33894023372104,-5644.50773675793,-0.00480074930562829,-3.07818075825667,1.25062110937677,-5927.7050036961,0.559524039602019
2.978,-2.27812499999999,-2.44011926135632,1.40354968000001,50,-2.43571212978002,1.38879434753694,-5649.91368670487,-0.00440713157631158,-3.00501867038271,1.30321753269124,-5924.34858937167,0.564899409026378
2.979,-2.17812500000001,-2.35766510399001,1.45354968,50,-2.35471264883618,1.43862092221594,-5663.74081575688,-0.00295245515383069,-2.9288462495575,1.35570155253779,-5929.68058091241,0.571181145567503
2.98,-2.07812499999999,-2.27325259429782,1.50354968,50,-2.27085688368004,1.48849747529147,-5669.99279311561,-0.0023957106177751,-2.84966764111284,1.40815327647575,-5927.69699469143,0.576415046815004
2.981,-1.97812500000001,-2.18576267236734,1.55354967999999,50,-2.1841439694911,1.53835423790144,-5678.22962650317,-0.00161870287623519,-2.76748662213186,1.46050545124837,-5927.95034036094,0.581723949764525
2.982,-1.878125,-2.09491557619976,1.60354968,50,-2.09457451617089,1.58820950139652,-5690.24645274615,-0.000341060028872818,-2.68230830237411,1.51277881093026,-5932.22841719583,0.587392726174354
2.983,-1.77812499999998,-2.00211012839388,1.65354968000001,50,-2.00214761328868,1.63809804403462,-5694.96026342636,3.74848947908153e-05,-2.59413613335142,1.56501050521152,-5929.44104398314,0.592026004957528
2.984,-1.678125,-1.90566774183122,1.70354968,50,-1.90686328035482,1.68795262648989,-5706.09162216798,0.00119553852359781,-2.50297436263943,1.61713559653308,-5933.30177924176,0.597306620808216
2.985,-1.57812500000002,-1.80642771007099,1.75354967999999,50,-1.80872177022377,1.73783234284277,-5716.35373703626,0.00229406015277429,-2.40882734122484,1.66921541272748,-5936.51699543674,0.602399631153834
2.986,-1.47812499999997,-1.70522932667241,1.80354968000002,50,-1.70772187304373,1.7877291570921,-5719.57797373069,0.00249254637131245,-2.31169783130431,1.72124408519577,-5932.91139304059,0.606468504631911
2.987,-1.37812499999999,-1.59983447547756,1.85354968000001,50,-1.60386446484391,1.83757829425693,-5733.64635345418,0.00402998936636889,-2.21159055862546,1.77315894167969,-5940.36049845916,0.611756083147902
2.988,-1.27812500000001,-1.49220150812466,1.90354968,50,-1.49714941711429,1.88747959435261,-5742.19090951195,0.00494790898964676,-2.10850912572465,1.82506186190591,-5942.49002000955,0.616307617599996
2.989,-1.17812499999999,-1.38233042461367,1.95354968,50,-1.38757519931754,1.93738215734887,-5746.05630133956,0.00524477470385856,-2.00245561800168,1.87690392420405,-5940.13846074673,0.620125193388002
2.99,-1.07812499999998,-1.26826287330635,2.00354968000001,50,-1.27514297239412,1.98724293297731,-5760.66303534695,0.00688009908776732,-1.89343470069293,1.9286439969604,-5948.72033762853,0.62517182738657
2.991,-0.978124999999999,-1.15223696898568,2.05354968,49.680267728,-1.15985229773387,2.03716080635638,-5732.80514095779,0.00761532874819662,-1.78144933121708,1.98038282587129,-5949.77736329985,0.629212362231388
2.992,-0.878124999999983,-1.03341341717558,2.10354968000001,48.8276483359999,-1.04171109841439,2.08674501440334,-5652.24040411197,0.00829768123881738,-1.6665015640402,2.03205118423355,-5950.78407225761,0.633088146864614
2.993,-0.778125000000003,-0.911001380274335,2.1524672532,44.8804643800001,-0.920752368681088,2.13551117134885,-5236.64533686904,0.00975098840675813,-1.54859544695962,2.08364871836276,-5939.50165813152,0.637594066685279
2.994,-0.678124999999987,-0.786753494007464,2.19931421000001,39.484762763999,-0.797111243874703,2.18037826613245,-4688.0080383637,0.0103577498672518,-1.42773827368855,2.13506247810411,-5888.11847798832,0.640984779681082
2.995,-0.578124999999972,-0.659482395476218,2.24069869000001,31.8858990199978,-0.671046015354725,2.22012835377289,-3898.57912730448,0.0115636198785012,-1.30395113454483,2.18592382126054,-5754.84743565665,0.644468739068615
2.996,-0.478124999999991,-0.530029543859949,2.2739203252,24.3084947799994,-0.542913101995888,2.25255408279575,-3098.2349485784,0.0128835581359485,-1.17728723855059,2.23548023574563,-5501.0136957405,0.647257694690651
2.997,-0.378125000000011,-0.39932089955156,2.3019535204,16.7432364928009,-0.413134710236464,2.27756638549433,-2333.71259802675,0.0138138106849038,-1.04785307024212,2.28262456738103,-5189.12298767968,0.648532170690555
2.998,-0.27812499999996,-0.266763648032538,2.31964032360001,9.194719635197,-0.282125827707064,2.29550631349866,-1520.57688814572,0.0153621796745266,-0.915802026208385,2.32682643078825,-4746.93624574412,0.649038378175837
2.999,-0.17812499999998,-0.133612704315524,2.3306926868,1.6498281827985,-0.15030417015092,2.30593758608368,-720.896419861795,0.0166914658354057,-0.781336907701196,2.36689166328137,-4249.08343537818,0.647724203385676
3,-0.078125,0,2.33658493,-5.89224351,-0.0180960721459636,2.30899562988798,40.6881598251192,0.0180960721459741,-0.644709213911026,2.40231454880876,-3729.76552335396,0.644709213911035
