Time_s,RawTarget_deg,Reference_deg,ReferenceRate_rad_s,ReferenceAccel_rad_s2,ActualFFOn_deg,ActualRateFFOn_rad_s,CurrentFFOn_count,ErrorFFOn_deg,ActualFFOff_deg,ActualRateFFOff_rad_s,CurrentFFOff_count,ErrorFFOff_deg
0,-0.078125,0,1.06189511,0.556241555,0,1.06189511,-60.4610385869565,0,0,1.06189511,0,0
0.001,-0.0181249999999999,0.060883605950326,1.0624513532,0.98296442924,0.0608108906015574,1.0608054141345,-135.074021996106,7.27153487614268e-05,0.0607949554548117,1.0602491725795,-37.7055593117215,8.86504955081808e-05
0.002,0.0418750000000001,0.121767211900652,1.0630075964,1.40968730348,0.121579059657786,1.06040384674496,-198.433097262672,0.000188152242853068,0.121505616427967,1.05895267750767,-70.1657093641209,0.000261595472672567
0.003,0.101875,0.182716486533187,1.06400371088,1.83581631752,0.182340937383685,1.06058580527732,-259.851053601803,0.000375549149514832,0.182150606491373,1.05795682538368,-105.952730693928,0.000565880041816823
0.004,0.161875,0.243765992312253,1.06567120784,2.26103891336,0.243129419838355,1.06133252697227,-323.516023400277,0.000636572473910529,0.242748014699405,1.05729175742672,-148.577217428198,0.00101797761284388
0.005,0.221875,0.304815498091319,1.0673387048,2.6862615092,0.303977432713748,1.06266380897075,-376.902209019974,0.000838065377579377,0.303318580986936,1.05701986560305,-184.789796779074,0.0014969171043797
0.006,0.281875,0.366127375179108,1.06988285568,3.1092715444,0.364915733808798,1.06448418038983,-437.857361932313,0.00121164137030626,0.363883125302258,1.05708155094173,-232.149884546915,0.00224424987686167
0.007,0.341875,0.427508297348141,1.07265770496,3.5316993268,0.425974319046925,1.06686251764,-492.860293863405,0.00153397830122241,0.424463683440529,1.0575788534756,-276.460974147262,0.00304461390761205
0.008,0.401875,0.488982237931788,1.0756388184,3.95327771512,0.487183563968472,1.0697431954412,-542.358584274105,0.00179867396331308,0.485084391489527,1.05848304721487,-317.794032149109,0.00389784644225358
0.009,0.461875,0.550859258312095,1.0795137432,4.37117539576,0.548570777454301,1.07307479246359,-600.59458427794,0.00228848085779672,0.545767759638599,1.05976610358746,-370.341685283291,0.00509149867349768
0.01,0.521875000000001,0.612736278692403,1.083388668,4.7890730764,0.610164078165828,1.07693699671063,-648.360110622426,0.0025722005265857,0.606538434019809,1.06153060963151,-414.136555682731,0.0061978446726035
0.011,0.581875000000001,0.674997925768924,1.08789841776,5.20295694136,0.671991084492228,1.08123265738345,-700.208283865041,0.00300684127669031,0.667421671400434,1.06369529349886,-463.918676499353,0.00757625436848119
0.012,0.641875000000001,0.737534306199884,1.09286161392,5.61397379512,0.734077688434811,1.08599866297607,-751.574110826505,0.00345661776506571,0.728441960514442,1.06631461761773,-514.713332865358,0.00909234568545236
0.013,0.701875000000001,0.800070686630844,1.09782481008,6.02499064888,0.796450690759624,1.09122984686806,-792.967642659862,0.00361999587122119,0.789625597005955,1.06939719262278,-556.490999279704,0.0104450896248791
0.014,0.761875000000001,0.863410372546083,1.10383606488,6.4261965196,0.859134095260114,1.09683374291788,-848.350880163633,0.00427627728596001,0.850996726102155,1.07285934416759,-614.131148990687,0.0124136464439211
0.015,0.821875000000001,0.92676715006737,1.1098696188,6.827193646,0.922152927354922,1.10293847871387,-893.274845635773,0.00461422271243857,0.912581259807359,1.07684641875485,-661.844811138051,0.0141858902600107
0.016,0.881875000000001,0.990490738194318,1.11629477064,7.22289705448,0.98553310415645,1.10944705265171,-937.45852085431,0.00495763403785853,0.974406634456786,1.08126627906825,-709.810470482558,0.0160841037375418
0.017,0.941875000000001,1.0548256773307,1.12337258568,7.60977759976,1.04929755084238,1.11635202811196,-986.696625612145,0.00552812648831975,1.03649769404499,1.08612057266413,-764.039262545926,0.0183279832857049
0.018,1.001875,1.11916061646708,1.13045040072,7.99665814504,1.11347029409344,1.12369929142402,-1025.43321267995,0.00569032237364902,1.0988809611898,1.09146624699192,-807.811465590515,0.0202796552772719
0.019,1.061875,1.18436754277623,1.13830483392,8.3686331012,1.17807388771127,1.13139154307897,-1073.11817931787,0.00629365506495363,1.16158181216916,1.09720633979252,-862.170308411479,0.0227857306070665
0.02,1.121875,1.24983370851512,1.1463901536,8.736176666,1.24313044119311,1.13951057343692,-1115.5736569431,0.00670326732202389,1.22462561820407,1.10343763680323,-911.522737402149,0.0252080903110426
0.021,1.181875,1.31551284110802,1.15463499712,9.09941348264,1.30866300991947,1.14800760969197,-1151.91327104694,0.00684983118856099,1.28803918191774,1.11011331765028,-954.907885543387,0.0274736591902684
0.022,1.241875,1.38225680797095,1.16367745984,9.44111655848,1.37469162334725,1.15682579999058,-1198.19234326288,0.00756518462370797,1.35184637215592,1.11717779455492,-1010.20351640358,0.0304104358150126
0.023,1.301875,1.44900077483387,1.17271992256,9.78281963432,1.44123728763652,1.16605608955861,-1233.66200938288,0.0077634871973496,1.41607258716141,1.12474004132427,-1053.98396029091,0.0329281876724693
0.024,1.361875,1.51654101130518,1.1822629264,10.10552225072,1.50832074710381,1.17559839310612,-1272.17600036405,0.0082202642013842,1.48074328999412,1.1326933466949,-1102.24427365485,0.0357977213110694
0.025,1.421875,1.58470056858303,1.19219524,10.413446732,1.57596066734259,1.18548023480015,-1310.39228292581,0.00873990124042292,1.54588205001381,1.14107831932515,-1150.92661538746,0.0388185185692181
0.026,1.481875,1.65286012586087,1.2021275536,10.72137121328,1.64417640891452,1.19569834943913,-1338.6337779361,0.00868371694634459,1.6115136919948,1.14989817279176,-1188.59763251721,0.0413464338660559
0.027,1.541875,1.72249724384369,1.2128283432,10.98780768,1.7129845949473,1.20616044775451,-1377.82606440612,0.00951264889638805,1.6776602113119,1.15905092884309,-1240.81514754338,0.0448370325317962
0.028,1.601875,1.79219860359629,1.2235625448,11.25244032,1.78240208003897,1.21696689885303,-1407.50431338246,0.00979652355732154,1.74434450097943,1.16866989926078,-1282.2014487455,0.0478541026168665
0.029,1.661875,1.86248541510755,1.23454082016,11.49776844,1.85244607133466,1.22802963984292,-1434.57086011245,0.0100393437728744,1.81159039772997,1.17865471424538,-1321.71840073091,0.0508950173775828
0.03,1.721875,1.93383981511986,1.2459641712,11.7078942,1.92313055344134,1.2393242458142,-1464.60051231732,0.0107092616785119,1.87941835398134,1.18898760872503,-1366.50831006217,0.054421461138519
0.031,1.781875,2.00519421513218,1.25738752224,11.91801996,1.99446958190589,1.25087761794651,-1485.36860111842,0.0107246332262873,1.94784968750708,1.19971655438408,-1400.11129158368,0.0573445276250943
0.032,1.841875,2.07785757160494,1.26922127328,12.0774968592,2.06647553046383,1.26260414876898,-1509.43706907746,0.0113820411411042,2.01690412434865,1.21073801760735,-1440.84097405441,0.0609534472562899
0.033,1.901875,2.15095724689785,1.28119182432,12.2200908048,2.13915918253818,1.2745339333739,-1528.74228857478,0.0117980643596532,2.08660028985635,1.22211711064136,-1476.31571933518,0.0643569570414927
0.034,1.961875,2.22432143489486,1.29321652904,12.3506604192,2.21253091928296,1.28662283483206,-1541.79823300414,0.0117905156118853,2.15695727383438,1.23380493373775,-1504.53618517957,0.0673641610604698
0.035,2.021875,2.29923491158735,1.3055584196,12.410801808,2.28659820329426,1.29881311318171,-1557.23192739201,0.0126367082930804,2.22799083956127,1.24573426899411,-1540.57480960961,0.0712440720260816
0.036,2.081875,2.37414838827984,1.31790031016,12.4709431968,2.3613674652197,1.31112648658828,-1565.33030830616,0.0127809230601466,2.29971687449877,1.25797666912558,-1566.15414377497,0.0744315137810883
0.037,2.141875,2.45006567667033,1.33032703352,12.4772828064,2.43684381912107,1.32349527937049,-1570.30081001911,0.0132218575492576,2.37215054538486,1.27043542341116,-1591.7426154324,0.0779151312854553
0.038,2.201875,2.52683234418988,1.34282553848,12.4380978336,2.51302961344817,1.33589062913964,-1572.13320986371,0.0138027307417201,2.44530424120071,1.28311028056685,-1615.87376355511,0.0815281029891659
0.039,2.261875,2.60359901170943,1.35532404344,12.3989128608,2.58992554154505,1.34828362419522,-1568.67919222134,0.0136734701643699,2.51918995003979,1.29598749825668,-1631.11108869216,0.0844090616696309
0.04,2.321875,2.68210686359092,1.3677268856,12.248937384,2.66753007530984,1.36062563314615,-1560.17563648345,0.0145767882810656,2.59381691325978,1.30898493965035,-1650.21670655205,0.0882899503311363
0.041,2.381875,2.76073079442987,1.38012335024,12.0915758736,2.74583896485871,1.37287027927042,-1547.98753068628,0.0148918295711524,2.66919303336256,1.32213800669417,-1661.84932837834,0.0915377610673123
0.042,2.441875,2.83996108292815,1.39238321584,11.8878860944,2.82484566493375,1.38498381561987,-1529.98551491677,0.0151154179943951,2.74532525054343,1.33537770660488,-1668.60413956838,0.0946358323847226
0.043,2.501875,2.9204040867451,1.40436988336,11.5915397776,2.90454113700253,1.39691295744289,-1504.34805065222,0.0158629497425561,2.82221723905453,1.34865902924367,-1673.46075775236,0.0981868476905648
0.044,2.561875,3.00084709056204,1.41635655088,11.2951934608,2.98491281182154,1.40858774442486,-1477.91729467138,0.0159342787405072,2.89987088156542,1.36196444671966,-1672.19967379362,0.100976208996625
0.045,2.621875,3.08255223262452,1.4277804968,10.880952556,3.06594591814588,1.42000127253198,-1438.1066244117,0.0166063144786299,2.97828594515351,1.37523763882615,-1665.77103645202,0.104266287471017
0.046,2.681875,3.16472616889248,1.43899543184,10.4229222328,3.14762197212763,1.43103085150414,-1395.17254029351,0.0171041967648607,3.05745922290868,1.38843111402133,-1654.99701649182,0.107266945983801
0.047,2.741875,3.24709815100172,1.45006126832,9.94162329184,3.22991816894197,1.44164834105501,-1350.96702526224,0.0171799820597564,3.13738500565654,1.40150501834632,-1639.56788115072,0.109713145345169
0.048,2.801875,3.33085645399983,1.46008341488,9.29744402656,3.31281058080373,1.45184268275878,-1284.54542610104,0.0180458731961016,3.21805522089539,1.41441671007447,-1614.12647874427,0.11280123310443
0.049,2.861875,3.41461475699793,1.47010556144,8.65326476128,3.39626912663256,1.46141014452064,-1224.42192647037,0.0183456303653729,3.29945794289199,1.4270743277783,-1587.46477960238,0.115156814105945
0.05,2.921875,3.49908672132875,1.479253982,7.89857107799999,3.48025957662046,1.47040964052016,-1148.50628695112,0.0188271447082833,3.38157830393692,1.43946703854258,-1550.53291088168,0.117508417391836
0.051,2.981875,3.58421525408567,1.48759857464,7.04220413015999,3.56474525176077,1.4786967634173,-1061.21101480886,0.0194700023248987,3.46439843093164,1.45150076741295,-1505.79474932764,0.119816823154017
0.052,3.041875,3.66934378684258,1.49594316728,6.18583718231999,3.64968236849103,1.48616792477025,-984.25439088591,0.0196614183515444,3.54789571423792,1.46310425291728,-1463.21458931006,0.121448072604652
0.053,3.101875,3.75546112997898,1.50224348472,5.10990033624,3.73502693675083,1.492919504883,-865.510329425627,0.0204341932281468,3.6320460905955,1.47429801554691,-1395.65914883174,0.123415039383495
0.054,3.161875,3.84166836496807,1.50835795896,4.01400259032,3.82072674600303,1.49856817468115,-758.031547600668,0.0209416189650286,3.71681952030676,1.48485291779206,-1331.72473075065,0.124848844661308
0.055,3.221875,3.92809416777155,1.5135805896,2.83441078632,3.90672162219901,1.50321928424832,-642.659993604423,0.0213725455725328,3.80218038209486,1.49480326329239,-1260.19165515125,0.125913785676687
0.056,3.281875,4.01500081976668,1.51684116432,1.470692054544,3.99295237341996,1.5068017662989,-494.084490686099,0.0220484463467341,3.88809206154811,1.50408008146168,-1166.4607631149,0.126908758218568
0.057,3.341875,4.10190747176182,1.52010173904,0.106973322767994,4.07934906801865,1.50901180087545,-367.348974158185,0.0225584037431597,3.97451014783099,1.51248019635607,-1083.67795432436,0.127397323930822
0.058,3.401875,4.18897105918887,1.52084677072,-1.46683830203201,4.1658388876493,1.51005244314634,-195.613598095722,0.0231321715395694,4.06138733395855,1.5201056892315,-969.346612143198,0.12758372523031
0.059,3.461875,4.27609926708789,1.52055599056,-3.12715876513601,4.25234302280483,1.50951150696195,-24.0321704591906,0.0237562442830525,4.14867095680492,1.52666751424491,-852.920176535781,0.127428310282956
0.06,3.521875,4.36318935495888,1.51981482,-4.821365224,4.33877096651829,1.50739286009438,131.985453718859,0.0244183884405961,4.23629956773812,1.53214804522196,-744.232218173378,0.126889787220749
0.061,3.581875,4.44995161058885,1.515200292,-6.8069912464,4.42503649468842,1.50384213498702,361.982063566235,0.0249151159004235,4.32421330074507,1.53662015215906,-582.758904970431,0.125738309843769
0.062,3.641875,4.53671386621882,1.510585764,-8.7926172688,4.51103812092169,1.49818094469298,554.501376830383,0.0256757452971351,4.41234051002358,1.53959977284894,-444.788132247788,0.124373356195236
0.063,3.701875,4.62293897419088,1.50338578512,-10.95486442144,4.5966648957219,1.49075735156187,781.279533486241,0.0262740784689891,4.50060194302672,1.54130544401771,-279.722601922812,0.122337031164166
0.064,3.761875,4.70862693450502,1.49360035536,-13.29373270432,4.681806889822,1.48125890595887,1036.23665800086,0.0268200446830215,4.58891752328221,1.54148986851717,-92.3224278809638,0.119709411222807
0.065,3.821875,4.79431489481916,1.4838149256,-15.6326009872,4.76633788819919,1.46942957740103,1247.40584565868,0.0279770066199698,4.67719427079427,1.53994992555747,65.7826388012902,0.117120624024884
0.066,3.881875,4.87828781928171,1.46857315016,-18.3115159464,4.85013598537297,1.455675827776,1562.30963876344,0.0281518339087566,4.76534118419006,1.53695780289589,303.126836001788,0.112946635091646
0.067,3.941875,4.96206132097082,1.45269691592,-21.0299712168,4.93306366523723,1.43904628156632,1838.77951185717,0.0289976557335863,4.8532542398728,1.53178675141018,514.234784355653,0.108807081098021
0.068,4.001875,5.04498986410652,1.43475588328,-23.8660757896,5.01496641414894,1.41989898832081,2119.0689583602,0.0300234499575872,4.9408156060118,1.52468152192943,731.239299729878,0.10417425809472
0.069,4.061875,5.12586636504106,1.41180034024,-26.9879000968,5.09569908093868,1.398202710472,2478.49976768222,0.0301672841023823,5.02791299415414,1.51559086401292,1011.10350111078,0.0979533708869153
0.07,4.121875,5.2067428659756,1.3888447972,-30.109724404,5.17509487418838,1.37323329840809,2772.84986937156,0.0316479917872231,5.11441616845566,1.50393954596348,1243.44077809946,0.0923266975199471
0.071,4.181875,5.28484760244537,1.36030004944,-33.5226778792,5.25298355517218,1.34559456799734,3157.44186263159,0.0318640472731844,5.20019105382617,1.49016878450872,1549.46556588251,0.0846565486192034
0.072,4.241875,5.36169244597661,1.32921475408,-37.0679627944,5.32918851753783,1.31446043128073,3537.17827980356,0.0325039284387675,5.28509688809236,1.47360393968661,1854.15720709571,0.0765955578842442
0.073,4.301875,5.43809337720929,1.29736008272,-40.5510869928,5.40351092420564,1.27988097743805,3854.35890056638,0.0345824530036542,5.36897405750369,1.45426160727482,2120.68675032115,0.0691193197055889
0.074,4.361875,5.50961127315778,1.25704227536,-43.3504433064,5.47577001327418,1.24243706003781,4212.53455965593,0.0338412598836016,5.45167360510071,1.43249718368059,2516.61737534642,0.0579376680570705
0.075,4.421875,5.58112916910628,1.216724468,-46.14979962,5.54579098558903,1.20175596464592,4499.4749446773,0.035338183517253,5.53302275780724,1.4071239331927,2841.71953136699,0.0481064112990405
0.076,4.481875,5.64950392479415,1.17291354024,-48.0479629232,5.61340728306867,1.15849807340969,4709.41065872905,0.0360966417254608,5.61283357291324,1.37879907140767,3187.96593676584,0.0366703518809071
0.077,4.541875,5.71446222367698,1.12530574248,-48.9665686064,5.6784916760034,1.1133758233356,4852.01172366039,0.0359705476735944,5.6909314938219,1.34733264622874,3558.01136800465,0.0235307298550758
0.078,4.601875,5.77942052255981,1.07769794472,-49.8851742896,5.74095517404527,1.06701158295175,4954.06572424207,0.0384653485145556,5.76713038922318,1.31251057604145,3857.37210408821,0.0122901333366341
0.079,4.661875,5.83800715306702,1.027996970448,-50,5.80073735814899,1.01978031033515,5017.05384804374,0.0372697949180292,5.84125677352505,1.27498836129097,4178.76744120343,-0.00324962045802438
0.08,4.721875,5.89568354523484,0.97799697096,-50,5.8577988857522,0.972042755452126,5050.49666431882,0.0378846594826465,5.91315025228544,1.2345674688719,4446.51658187591,-0.0174667070505921
0.081,4.781875,5.95133941090546,0.927996971368,-50,5.91211855847742,0.924071519869442,5074.59898930035,0.0392208524280348,5.98265901124428,1.19174593674189,4671.15550406599,-0.031319600338828
0.082,4.841875,6.00155539754515,0.877996971496,-50,5.96368545956857,0.875952898312081,5116.37566992809,0.037869937976586,6.049656972631,1.14692409990253,4884.11750123358,-0.048101575085857
0.083,4.901875,6.05177138418483,0.827996971624,-50,6.01248649271237,0.827524515156359,5132.19807103882,0.0392848914724718,6.11403269382719,1.10021248653633,5045.62658010843,-0.0622613096423465
0.084,4.961875,6.09701379647453,0.777996971496,-50,6.05851076415642,0.77902562990431,5163.31078947581,0.0385030323181065,6.175691543489,1.05208739264521,5200.2862571093,-0.0786777470144662
0.085,5.021875,6.13976942158924,0.72799697124,-50,6.10175020763376,0.73031568091478,5188.63810346134,0.0380192139554824,6.23455440314481,1.0026140236212,5329.94891837138,-0.0947849815555654
0.086,5.081875,6.18205877135843,0.677996971008,-50,6.14219426425973,0.681448221057518,5193.84768073204,0.0398645070987015,6.29055067041711,0.95202444183557,5422.83443351714,-0.10849189905867
0.087,5.141875,6.217353990945,0.627996971136,-50,6.17983921856299,0.632608577652144,5230.98795469307,0.03751477238202,6.34362613359636,0.900658727162367,5533.21545067351,-0.126272142651347
0.088,5.201875,6.25264921053157,0.577996971264,-50,6.21467824740057,0.583502945173607,5242.60977046734,0.037970963131,6.39373174688259,0.848357123989069,5605.58086334598,-0.141082536351027
0.089,5.261875,6.28452507758441,0.527996971392,-50,6.24670284819198,0.534366505720288,5258.25036404155,0.0378222293924289,6.44082394878704,0.795470826504103,5671.15628805179,-0.156298871202636
0.09,5.321875,6.31235989164284,0.47799697152,-50,6.27591019800413,0.48516233428724,5281.93025615135,0.0364496936386997,6.48487105432945,0.742063208872945,5735.43281138639,-0.172511162686613
0.091,5.381875,6.34019470570127,0.427996971648,-50,6.30229430024579,0.435816574312502,5282.05419072755,0.0379004054554713,6.5258435595537,0.688147029034437,5768.09572726905,-0.185648853852428
0.092,5.441875,6.36165712762378,0.377996971448,-50,6.3258532572002,0.386546160067624,5310.04989974152,0.0358038704235625,6.56372068067489,0.634013920448558,5821.68756196431,-0.202063553051109
0.093,5.501875,6.38203158015723,0.327996971192,-50,6.34658403661282,0.337094554441897,5321.94635930053,0.0354475435444132,6.5984844821858,0.579471673301791,5853.20750189318,-0.216452902028567
0.094,5.561875,6.40054093130864,0.277996971032,-50,6.36448050815551,0.287610151376947,5326.02208768522,0.0360604231531226,6.63011735762265,0.524723983190756,5871.7781678244,-0.229576426314006
0.095,5.621875,6.41345497831395,0.22799697116,-50,6.37954285536626,0.238164952435609,5351.46615288318,0.0339121229476959,6.65861095801143,0.469890301872826,5907.32274593174,-0.245155979697467
0.096,5.681875,6.42636902531926,0.177996971287999,-50,6.39176769088371,0.188562308152809,5352.98056784281,0.0346013344355515,6.68395588658305,0.414814602642351,5915.18145324556,-0.257586861263782
0.097,5.741875,6.43446492217303,0.127996971316799,-50,6.40115230765815,0.139022615351018,5370.38837103189,0.0333126145148836,6.7061455843835,0.359751970638396,5935.73189632546,-0.271680662210477
0.098,5.801875,6.43991860765336,0.0779969712911993,-50,6.40769612087774,0.0893995572837303,5384.90452427821,0.0322224867756047,6.72517745448816,0.304585621637712,5950.6706831361,-0.285258846834806
0.099,5.861875,6.44506144290335,0.0279969712623993,-50,6.41139511989133,0.039719866346581,5379.46330975521,0.0336663230120093,6.74104703796772,0.249367343639322,5943.35016900112,-0.29598559506436
0.1,5.921875,6.44305472285554,-0.0220030288400007,-50,6.41225132236478,-0.0098327618960042,5408.46010597542,0.0308034004907564,6.75375722849006,0.194302002701871,5968.52839018634,-0.310702505634516
0.101,5.981875,6.44104800280774,-0.0720030289424008,-50,6.4102629263098,-0.0595753540900393,5412.92713746913,0.0307850764979357,6.76330821652653,0.139090373407968,5967.55193139202,-0.322260213718782
0.102,6.041875,6.43577736496706,-0.122003028944001,-50,6.40542552110809,-0.109281941955916,5421.111586888,0.0303518438589787,6.7696985202103,0.0839733055603792,5968.9402482102,-0.333921155243243
0.103,6.101875,6.4263102613927,-0.172003028816001,-50,6.3977401882921,-0.158986781545254,5439.43951495518,0.0285700731005891,6.77293293005259,0.0289288966532268,5979.35500545074,-0.346622668659899
0.104,6.161875,6.41684315781833,-0.222003028688001,-50,6.38720435453189,-0.208783195571446,5434.84832164252,0.0296388032864289,6.77301322686373,-0.0261260091867325,5965.93726551475,-0.356170069045388
0.105,6.221875,6.40115904963718,-0.27200302856,-50,6.37381881764208,-0.258460186177422,5457.52068852248,0.0273402319951181,6.7699450909868,-0.0809721367152289,5979.04555473219,-0.368786041349614
0.106,6.281875,6.38423154053468,-0.322003028432,-50,6.35758322917781,-0.308268763223254,5465.92984521551,0.0266483113568646,6.76373348405148,-0.135853849006856,5977.3047273668,-0.379501943516801
0.107,6.341875,6.36559436524937,-0.372003028392,-50,6.33849381485446,-0.35807750121624,5465.7550656629,0.0271005503949183,6.754380282423,-0.19063447903267,5966.52460003703,-0.388785917173633
0.108,6.401875,6.34120649462189,-0.422003028648,-50,6.31655282784486,-0.407807427693454,5488.64940437739,0.0246536667770307,6.7418936556033,-0.245231021910511,5978.47042518592,-0.400687160981429
0.109,6.461875,6.3168186239944,-0.472003028904,-50,6.29175870010634,-0.457670900700801,5487.89885264175,0.0250599238880609,6.72627815316942,-0.29985284173826,5966.52443462617,-0.409459529175012
0.11,6.521875,6.28776799991183,-0.52200302892,-50,6.26411001777758,-0.507450180249019,5502.12597452581,0.0236579821342492,6.70753862492216,-0.354280094632126,5969.39155758073,-0.419770625010323
0.111,6.581875,6.25591972375621,-0.572003028792,-50,6.23360765352546,-0.557283191435271,5515.02910234161,0.0223120702307498,6.68568230593319,-0.408649362815189,5970.84043172309,-0.429762582176972
0.112,6.641875,6.22391602294378,-0.622003028664,-50,6.20024888009246,-0.607157670230089,5506.97728309583,0.0236671428513259,6.66071288970145,-0.462947688274678,5951.29993271791,-0.436796866757664
0.113,6.701875,6.1846073632616,-0.672003028536,-50,6.16403684629908,-0.656880766845714,5534.85957940777,0.0205705169625369,6.63263996976689,-0.516982078738857,5967.70985534689,-0.448032606505292
0.114,6.761875,6.14529870357942,-0.722003028408,-50,6.12497074816673,-0.706783309787655,5538.31802359593,0.0203279554126925,6.60146918165681,-0.571083687186003,5959.7550707762,-0.456170478077385
0.115,6.821875,6.10288155076118,-0.77200302844,-50,6.08304674931121,-0.756640321474566,5544.42175651403,0.0198348014499635,6.56720309862573,-0.625028254122006,5954.54071410807,-0.464321547864547
0.116,6.881875,6.05611250755244,-0.822003028696001,-50,6.03826675926565,-0.80647620913621,5562.10008648233,0.0178457482867862,6.52984998924737,-0.678841234897911,5961.02615725082,-0.473737481694945
0.117,6.941875,6.0093434643437,-0.872003028952001,-50,5.99062893680196,-0.856397491807686,5556.90824676746,0.0187145275417381,6.48941430340427,-0.732630471630527,5944.79156274761,-0.480070839060571
0.118,7.001875,5.95651284164335,-0.922003028272001,-50,5.9401344206137,-0.906193631565645,5577.85803086564,0.0163784210296434,6.44590338858199,-0.786186976776778,5954.86921281794,-0.489390546938641
0.119,7.061875,5.90228339290647,-0.972003027376001,-50,5.8867834854031,-0.956105325320682,5585.93220363754,0.01549990750338,6.39932363411332,-0.839753183720699,5952.25852474498,-0.49704024120685
0.12,7.121875,5.84649970081012,-1.0220030272,-50,5.83057290904856,-1.0060139383399,5584.26768543705,0.0159267917615539,6.34967782870285,-0.893212344713586,5940.10976117794,-0.503178127892715
0.121,7.181875,5.78480988394779,-1.07200302976,-50,5.77150543466156,-1.05582987944149,5607.03124341753,0.0133044492862334,6.29697461473925,-0.946476875382117,5952.60017950148,-0.51216473079147
0.122,7.241875,5.72312006708546,-1.12200303232,-50,5.70957992955874,-1.1057780305678,5606.13571592618,0.0135401375267285,6.24121864115905,-0.999773757876688,5941.65065487848,-0.518098574073585
0.123,7.301875,5.65692292852952,-1.17200303256,-50,5.64479506013681,-1.15564052320694,5619.04065303821,0.0121278683927098,6.18241423362082,-1.05288729457686,5944.72666761778,-0.525491305091299
0.124,7.361875,5.58777271713984,-1.22200303128,-50,5.57715209320341,-1.20554445440392,5631.96088569899,0.0106206239364427,6.12056819234459,-1.10594680461235,5948.04717395262,-0.532795475204742
0.125,7.421875,5.51862250575016,-1.27200303,-50,5.50664865231282,-1.25548990064803,5622.72919803039,0.0119738534373363,6.05568354599233,-1.15895462106557,5929.44754057209,-0.537061040242183
0.126,7.481875,5.44201190643361,-1.32200302872,-50,5.4332881990446,-1.3052729999239,5650.75363584764,0.00872370738901226,5.9877690313776,-1.21170915877618,5948.33708099717,-0.545757124944002
0.127,7.541875,5.36540130711705,-1.37200302744,-50,5.35707020873968,-1.35523676022382,5654.30774499211,0.00833109837737089,5.91682926838813,-1.26455571072525,5942.98949180714,-0.551427961271087
0.128,7.601875,5.28583763757944,-1.42200302768,-50,5.27799078772015,-1.4051557744994,5659.30180677555,0.00784684985928034,5.8428653770343,-1.31727115269825,5939.31425985529,-0.557027739454858
0.129,7.661875,5.20176665033601,-1.47200303024,-50,5.19605211824268,-1.45504335967126,5677.18511203088,0.00571453209333662,5.76588442277509,-1.36987107360224,5948.75908532135,-0.564117772439087
0.13,7.721875,5.11769566309258,-1.5220030328,-50,5.11125260257011,-1.50501814549445,5672.14527329887,0.00644306052247546,5.68588956142058,-1.42247635702311,5935.50932305208,-0.568193898327996
0.131,7.781875,5.02771853714883,-1.57200303232,-50,5.02359328998249,-1.55486910388329,5692.03581219201,0.00412524716634979,5.60288646735812,-1.4748782044418,5947.41568178793,-0.575167930209285
0.132,7.841875,4.93618716417869,-1.62200303104,-50,4.9330746991058,-1.60482578624444,5700.36028827949,0.00311246507288316,5.51688015741664,-1.52730836749737,5947.97844984124,-0.580692993237944
0.133,7.901875,4.84325696805972,-1.67200302976,-50,4.83969382545552,-1.65478162092793,5697.72303288131,0.0035631426042067,5.42787200021038,-1.57966244126629,5937.79831256046,-0.584615032150669
0.134,7.961875,4.74426520496254,-1.72200302848,-50,4.74345360664273,-1.704635761318,5720.81303153784,0.000811598319815265,5.33586918336209,-1.63184170895788,5953.56030703753,-0.591603978399551
0.135,8.021875,4.64527344186536,-1.7720030272,-50,4.64435308411544,-1.7546250557781,5720.17737832458,0.000920357749909255,5.24087487743664,-1.68408510913374,5945.80733871108,-0.595601435571263
0.136,8.081875,4.54192978581084,-1.82200302816,-50,4.54239077326397,-1.80453101882223,5732.11922496028,-0.000460987453135133,5.14289160837849,-1.73617620473072,5950.83818409958,-0.600961822567643
0.137,8.141875,4.43547763478678,-1.87200303072,-50,4.43756812999325,-1.85446949261269,5745.37549404434,-0.00209049520648066,5.0419247265248,-1.78823284290711,5957.38525012386,-0.606447091738021
0.138,8.201875,4.32902548376273,-1.92200303328,-50,4.32988294658841,-1.90445251944435,5736.4132473516,-0.000857462825670609,4.9379758049943,-1.84026902630174,5941.9109819344,-0.608950321231579
0.139,8.261875,4.21526836956028,-1.97200303208,-50,4.21933852825158,-1.95427561991485,5763.4839889698,-0.00407015869129419,4.83105181880712,-1.89208219034477,5962.66219987659,-0.615783449246839
0.14,8.321875,4.10135583060935,-2.0220030308,-50,4.10593453411139,-2.0042705454025,5767.38342149591,-0.00457870350204054,4.72115598851751,-1.9440059551886,5960.42988456262,-0.619800157908164
0.141,8.381875,3.98464564618584,-2.07200302952,-50,3.98966723399309,-2.05422385353489,5771.49040225097,-0.00502158780724807,4.60828803963099,-1.99582870089603,5958.58815765479,-0.623642393445159
0.142,8.441875,3.86327271930804,-2.12200302824,-50,3.87053895584598,-2.10413751826262,5789.77747026539,-0.00726623653793101,4.49245365268836,-2.04755417746007,5971.10482968326,-0.62918093338031
0.143,8.501875,3.74189979243023,-2.17200302696,-50,3.74854823199738,-2.15414205783576,5785.06759800406,-0.00664843956713697,4.37365461217381,-2.09931463291809,5960.79816936081,-0.631754819743569
0.144,8.561875,3.6147761498588,-2.22200302864,-50,3.62369592082447,-2.20402575954775,5804.05881450934,-0.00891977096566578,4.25189493082839,-2.15090003839519,5974.36154150172,-0.637118780969594
0.145,8.621875,3.48594283505412,-2.2720030312,-50,3.49598269378815,-2.25400686071393,5812.77742654366,-0.0100398587340403,4.12717833930452,-2.20253026951749,5977.81664050521,-0.64123550425039
0.146,8.681875,3.35586612226163,-2.32200303312,-50,3.36540568208937,-2.30399070240403,5809.2969853739,-0.00953955982773262,3.99950493541476,-2.25411226069239,5969.23246737188,-0.643638813153123
0.147,8.741875,3.21957241953008,-2.37200303184,-50,3.23196794401896,-2.35386504908074,5832.83027012857,-0.0123955244888902,3.86888065404004,-2.30553532538814,5987.81732146518,-0.649308234509978
0.148,8.801875,3.08327871679852,-2.42200303056,-50,3.09566862856361,-2.40387859673985,5832.56028138226,-0.012389911765087,3.73530743325515,-2.35704966499126,5982.74980092844,-0.652028716456622
0.149,8.861875,2.9427885458581,-2.47200302928,-50,2.95650603988033,-2.45381213950362,5843.63497581075,-0.0137174940222153,3.59878628127982,-2.40843753617907,5989.17354281059,-0.655997735421704
0.15,8.921875,2.79903445519967,-2.522003028,-50,2.81448176834808,-2.50377017246485,5857.31453324528,-0.0154473131484174,3.45932140996089,-2.45980485459185,5998.3444944184,-0.660286954761215
0.151,8.981875,2.65528036454125,-2.57200302672,-50,2.66959372533015,-2.55377662240338,5848.70134832534,-0.0143133607888972,3.31691327191681,-2.51117692641588,5985.36090826261,-0.66163290737556
0.152,9.041875,2.5043767354529,-2.62200302912,-50,2.52184501437623,-2.60362632104325,5874.89143463525,-0.0174682789233351,3.17156743407118,-2.56234992253595,6007.31474861865,-0.667190698618293
0.153,9.101875,2.35316225686759,-2.67200303168,-50,2.37123543694319,-2.65363970144428,5879.20319544954,-0.018073180075589,3.02328608565326,-2.61364557584331,6007.5204639584,-0.670123828785669
0.154,9.161875,2.19930555755819,-2.72200303288,-50,2.2177613882894,-2.70361522930518,5882.48472797435,-0.0184558307312111,2.87206793631894,-2.66486361346917,6006.82229224146,-0.672762378760745
0.155,9.221875,2.04063069104601,-2.7720030316,-50,2.06142530705239,-2.75354348519712,5901.23239940731,-0.0207946160063788,2.71791766790175,-2.71599583995692,6021.71283748787,-0.677286976855733
0.156,9.281875,1.88195582453383,-2.82200303032,-50,1.90222582335277,-2.80356683086961,5896.9050596193,-0.0202699988189432,2.56083608463598,-2.76718580450987,6013.64728251055,-0.678880260102156
0.157,9.341875,1.7176856670765,-2.87200302904,-50,1.74016357483331,-2.85347282883026,5915.04553314956,-0.0224779077568159,2.4008259312612,-2.81822222151198,6028.16488057555,-0.683140264184716
0.158,9.401875,1.55155041263744,-2.92200302776,-50,1.57523935818185,-2.90346836485055,5924.2034141182,-0.0236889455444056,2.23789004655684,-2.86931309396993,6033.81174965243,-0.686339633919392
0.159,9.461875,1.38432718495905,-2.97200302704,-50,1.4074504146787,-2.95347066029492,5919.92190762026,-0.0231232297196395,2.07202765084768,-2.92037672677108,6026.12771287194,-0.68770046588864
0.16,9.521875,1.21073154259313,-3.0220030296,-50,1.23679989943036,-3.00335606232157,5943.93802697451,-0.0260683568372411,1.9032438171429,-2.97129051780301,6046.84649460946,-0.692512274549772
0.161,9.581875,1.0371359002272,-3.07200303216,-50,1.06328704660692,-3.05338509027313,5944.07074384648,-0.0261511463797317,1.73153963822637,-3.02231600525082,6043.78386925781,-0.694403737999179
0.162,9.641875,0.859499213924179,-3.12200303264,-44.8,0.886909928150199,-3.1033377942266,5389.09567531896,-0.0274107142260322,1.55691498716625,-3.07323422703985,6050.9297380939,-0.697415773242067
0.163,9.701875,0.678443182751313,-3.17200303136,-35.2,0.707819218247132,-3.14810730085848,4448.33425761745,-0.0293760354958289,1.37937331451231,-3.12413926757841,6062.0647250282,-0.700930131761012
0.164,9.761875,0.497387151578447,-3.22200303008,-25.6,0.526413340148915,-3.18415240971223,3636.95338226086,-0.0290261885704707,1.19891432353498,-3.17506784718392,6050.9238132318,-0.701527171956525
0.165,9.821875,0.311085535770722,-3.2485655312,-7.00000000000003,0.343157678015344,-3.21267694459398,1605.05758442102,-0.0320721422446317,1.01554253763922,-3.22581499110252,5666.11193025887,-0.704457001868484
0.166,9.881875,0.124434214320674,-3.27356553248,12.2,0.15880447467714,-3.22246382510653,-208.778293843361,-0.0343702603564662,0.82936682920766,-3.27294320762469,5297.48246125127,-0.704932614886986
0.167,9.941875,-0.0622171071346592,-3.28189886624,28.2,-0.0256309853835989,-3.21554824587426,-1674.80298768303,-0.0365861217510575,0.640590121764311,-3.31660698429638,4687.2839552242,-0.702807228898961
0.168,-9.998125,-0.24886842860056,-3.25689886496,37.8,-0.209284132695358,-3.19515595860647,-2773.29660554959,-0.0395842959052013,0.449474427332093,-3.35458925585879,3594.43919991838,-0.698342855932648
0.169,-9.938125,-0.435519750066461,-3.23189886368,47.4,-0.391480273894471,-3.16468913809957,-3691.40898643784,-0.0440394761720001,0.256472226420373,-3.38245848315145,2657.54699618556,-0.691991976486843
0.17,-9.878125,-0.618091172360357,-3.1886696976,50,-0.571690169482135,-3.12582290726029,-4029.69073438467,-0.0464010028782137,0.0621214017760558,-3.40166510486748,1519.03118785501,-0.680212574136411
0.171,-9.818125,-0.799147203533223,-3.13866969888,50,-0.749585762166505,-3.0839047269977,-4141.92354095902,-0.0495614413667095,-0.133028960482721,-3.4103676108832,425.947168269991,-0.666118243050511
0.172,-9.758125,-0.979270686105222,-3.08866969968,50,-0.925051901237198,-3.04101897809403,-4226.65502026466,-0.054218784868032,-0.328389459314828,-3.40900025503441,-506.331954613996,-0.650881226790401
0.173,-9.698125,-1.15286632847115,-3.03866969712,50,-1.09804044032476,-2.99742017249155,-4329.76986098037,-0.0548258881464012,-0.523425963112371,-3.39905805065666,-1340.91119959568,-0.629440365358775
0.174,-9.638125,-1.32646197083708,-2.98866969456,50,-1.26850571082301,-2.95294028850317,-4399.14037599975,-0.0579562600140657,-0.717673299841262,-3.38145312764186,-2040.6847413105,-0.608788670995824
0.175,-9.578125,-1.49617199449109,-2.938669694,50,-1.43640616345689,-2.90789113959679,-4468.84186593551,-0.05976583103419,-0.910728297791234,-3.35743757567396,-2652.83114762433,-0.585443696699852
0.176,-9.518125,-1.66230724893015,-2.88866969528,50,-1.601709119795,-2.86227056316381,-4536.26148902448,-0.0605981291351454,-1.10224703469742,-3.32782750087352,-3186.16651906452,-0.560060214232722
0.177,-9.458125,-1.82844250336919,-2.83866969656,50,-1.76438246623571,-2.81610043809188,-4574.71555388104,-0.0640600371334789,-1.29192998791612,-3.29335663627177,-3623.97497540676,-0.536512515453074
0.178,-9.398125,-1.98773906887528,-2.78866969784,50,-1.92440237454316,-2.76964809931713,-4639.81228604732,-0.0633366943321159,-1.47952404767594,-3.25491136371181,-4030.5574930345,-0.508215021199348
0.179,-9.338125,-2.14641393538746,-2.73866969912,50,-2.08174566563775,-2.72266887173155,-4680.63480246477,-0.0646682697497189,-1.66480990358202,-3.21278512216214,-4362.57727713126,-0.481604031805447
0.18,-9.278125,-2.30275743067249,-2.6886696992,50,-2.23638857213694,-2.67538689479769,-4713.59748411605,-0.0663688585355581,-1.84759646689506,-3.16766959427318,-4643.05787009468,-0.455160963777424
0.181,-9.218125,-2.45397190925779,-2.63866969664,50,-2.38831583276684,-2.62787494825689,-4760.79247226546,-0.0656560764909605,-2.02772618056043,-3.12004357399719,-4899.85334975414,-0.426245728697352
0.182,-9.158125,-2.6051863878431,-2.58866969408,50,-2.53751053037613,-2.58000245134225,-4781.42870160611,-0.0676758574669707,-2.20506155789864,-3.07012885563975,-5097.19532458083,-0.400124829944455
0.183,-9.098125,-2.75111642498019,-2.53866969424,50,-2.6839590228021,-2.53201430348789,-4819.15648163471,-0.067157402178087,-2.37948723739751,-3.01847595892737,-5283.11173933239,-0.371629187582684
0.184,-9.038125,-2.89487051563863,-2.48866969552,50,-2.82765018421027,-2.48375344168644,-4847.93679341163,-0.0672203314283475,-2.55090671728302,-2.96519269318917,-5435.37840575876,-0.343963798355611
0.185,-8.978125,-3.03784748255467,-2.4386696968,50,-2.96857075955209,-2.43530260535244,-4858.57070858647,-0.0692767230025788,-2.71923552543359,-2.91059116318175,-5548.12019045976,-0.318611957121073
0.186,-8.918125,-3.17414118528623,-2.38866969808,50,-3.10671465519921,-2.38682903579515,-4898.12174736964,-0.0674265300870146,-2.88440860660782,-2.85503704112659,-5671.29600778948,-0.289732578678405
0.187,-8.858125,-3.31043488801778,-2.33866969936,50,-3.24207294822931,-2.33806673071387,-4911.92415461443,-0.0683619397884686,-3.04636867360114,-2.79843581044118,-5752.76175886862,-0.264066214416641
0.188,-8.798125,-3.4429983967859,-2.28866969872,50,-3.37463589446095,-2.28925302505881,-4931.87341722127,-0.0683625023249566,-3.20506677113387,-2.7411728267534,-5826.60855402759,-0.237931625652023
0.189,-8.738125,-3.57183171159057,-2.23866969616,50,-3.50439893107179,-2.24033144743153,-4956.98546496934,-0.0674327805187741,-3.36046702099303,-2.68331921017488,-5893.76354591077,-0.211364690597539
0.19,-8.678125,-3.70066502639525,-2.1886696936,50,-3.6313545215364,-2.1912546674103,-4958.43108132654,-0.069310504858849,-3.51253737232891,-2.62493744077673,-5927.06067233671,-0.18812765406635
0.191,-8.618125,-3.82281507701544,-2.13866969448,50,-3.75550001784279,-2.1422406567276,-4989.9813070804,-0.0673150591726572,-3.6612565112651,-2.56633982955803,-5981.71776603484,-0.161558565750342
0.192,-8.558125,-3.94418800389324,-2.08866969576,50,-3.87683107923343,-2.09301235568454,-5002.64726964446,-0.0673569246598124,-3.80660645091503,-2.50733019937469,-6010.00405262925,-0.137581552978202
0.193,-8.498125,-4.06338498429237,-2.03866969704,50,-3.99534041443795,-2.0437438316525,-5009.79331508987,-0.0680445698544067,-3.94857055293171,-2.44815180028147,-6026.37742758035,-0.114814431360663
0.194,-8.438125,-4.17729752324331,-1.98866969832,50,-4.11102717546751,-1.99448593021461,-5035.5821081716,-0.0662703477757974,-4.0871422948369,-2.3889144926573,-6055.95062567478,-0.0901552284064167
0.195,-8.378125,-4.29121006219423,-1.9386696996,50,-4.22388705698673,-1.9450671216276,-5037.46276508918,-0.0673230052075051,-4.22231482508307,-2.32949692943747,-6056.99773910107,-0.0688952371111432
0.196,-8.318125,-4.39999358444544,-1.88866969824,50,-4.33391714808241,-1.89570761015025,-5057.5851072272,-0.0660764363630199,-4.35408534214107,-2.27016182999711,-6072.3845138833,-0.0459082423043752
0.197,-8.258125,-4.50644573546949,-1.83866969568,50,-4.44111603580639,-1.84623948036803,-5072.13175415084,-0.0653296996630998,-4.48245478780611,-2.21077714163289,-6078.91444103355,-0.0239909476633657
0.198,-8.198125,-4.61227618749964,-1.78866969344,50,-4.54547897114483,-1.79671419703527,-5069.11010862781,-0.0667972163548173,-4.60742265736007,-2.15142442420585,-6065.13295535391,-0.0048535301395652
0.199,-8.138125,-4.71126795059682,-1.73866969472,50,-4.6470073122878,-1.74729347703049,-5097.87798517108,-0.0642606383090265,-4.72899613447093,-2.09229049315908,-6080.86372046616,0.0177281838741226
0.2,-8.078125,-4.810259713694,-1.688669696,50,-4.74569866716458,-1.69768469467752,-5102.20517414131,-0.0645610465294189,-4.84717996669375,-2.03310349666639,-6070.27949028699,0.0369202529997482
0.201,-8.018125,-4.90567670652197,-1.63866969728,50,-4.84154871054903,-1.64811299579867,-5112.65706914155,-0.0641279959729428,-4.96197805155434,-1.97410561493592,-6064.29384766618,0.0563013450323741
0.202,-7.958125,-4.99720807949212,-1.58866969856,50,-4.93455795128994,-1.59852197561908,-5130.62013912561,-0.0626501282021965,-5.07340000412649,-1.91525424783424,-6064.59375257665,0.0761919246343663
0.203,-7.898125,-5.08873945246226,-1.53866969984,50,-5.02472330356658,-1.54884256127691,-5125.76717373399,-0.064016148895681,-5.18145255595162,-1.85649134122639,-6041.11096014424,0.0927131034893557
0.204,-7.838125,-5.17374298792154,-1.48866969776,50,-5.11204572009924,-1.49928479730858,-5150.59729374933,-0.0616972678223107,-5.2861470396963,-1.79803555881416,-6046.56741541035,0.112404051774756
0.205,-7.778125,-5.25781397516497,-1.4386696952,50,-5.19652434224773,-1.44957541077026,-5158.54272878704,-0.0612896329172309,-5.38749341139803,-1.73962018347622,-6034.58672731921,0.129679436233069
0.206,-7.718125,-5.3398644406782,-1.38866969368,50,-5.27815493954887,-1.39986997577873,-5160.34831408705,-0.061709501129326,-5.4854985801611,-1.6814055743005,-6016.07776140305,0.145634139482899
0.207,-7.658125,-5.41647503999475,-1.33866969496,50,-5.35693935645654,-1.35022497282667,-5182.62303757716,-0.0595356835382124,-5.58017576072115,-1.62345148025543,-6017.78975879326,0.163700720726402
0.208,-7.598125,-5.49308563931131,-1.28866969624,50,-5.43287565793005,-1.30045199217308,-5181.38422817005,-0.0602099813812488,-5.67153453847874,-1.56557146468013,-5995.85963925196,0.178448899167423
0.209,-7.538125,-5.56472264667661,-1.23866969752,50,-5.5059627143105,-1.25076755668604,-5197.56741121284,-0.0587599323661194,-5.75958538565835,-1.50798292022876,-5991.32457238838,0.19486273898173
0.21,-7.478125,-5.63387285806629,-1.1886696988,50,-5.57620100317991,-1.20101124679002,-5209.82686973393,-0.0576718548863807,-5.84434040473239,-1.45052536063643,-5982.92490652927,0.210467546666081
0.211,-7.418125,-5.70255679479801,-1.13866969984,50,-5.64358744376865,-1.15121927215595,-5203.59458037568,-0.0589693510293634,-5.92580811332016,-1.39323413718738,-5956.16516850477,0.223251318522136
0.212,-7.358125,-5.76424661166035,-1.08866969728,50,-5.70812486791731,-1.10156181214465,-5230.71328287894,-0.0561217437430457,-6.00400287338601,-1.33627790472449,-5962.94893192498,0.239756261725669
0.213,-7.298125,-5.82593642852268,-1.03866969472,50,-5.7698121867661,-1.05173182913334,-5233.55427651437,-0.0561242417565702,-6.07893502287969,-1.27934754379846,-5945.69818113934,0.252998594357028
0.214,-7.238125,-5.88420690999418,-0.988669693744,50,-5.82864592178317,-1.00195294545425,-5241.49788729657,-0.055560988211008,-6.15061237753294,-1.22266413183909,-5933.83514420678,0.266405467538757
0.215,-7.178125,-5.93843635873105,-0.93866969464,50,-5.88462765362681,-0.952178137825666,-5258.42778178754,-0.053808705104257,-6.21904765552468,-1.16617771910804,-5931.27779641517,0.280611296793619
0.216,-7.118125,-5.99266580746793,-0.888669695536,50,-5.9377552472263,-0.902324726119591,-5252.62943648899,-0.0549105602416256,-6.2842496827188,-1.1098023879164,-5906.33936581744,0.291583875250871
0.217,-7.058125,-6.04052282648286,-0.838669695448,50,-5.98803019265831,-0.852601931978407,-5275.42655842787,-0.0524926338245533,-6.34623071745748,-1.05374387204961,-5910.36565598892,0.305707890974613
0.218,-6.998125,-6.0872918696916,-0.788669695192,50,-6.03545243131996,-0.802746474646304,-5282.75675515695,-0.0518394383716446,-6.40500126389502,-0.997735205012833,-5899.31150133579,0.317709394203423
0.219,-6.938125,-6.1321958170187,-0.738669695032,50,-6.08001844453299,-0.752900855463158,-5282.81892757885,-0.0521773724857044,-6.46056815055635,-0.941915049632774,-5881.38884329134,0.32837233353765
0.22,-6.878125,-6.17150447670088,-0.688669695159999,50,-6.12173071110971,-0.703131925003465,-5304.73263617508,-0.0497737655911546,-6.51294398025987,-0.886346303947563,-5885.72669101359,0.341439503558999
0.221,-6.818125,-6.21081313638306,-0.638669695287999,50,-6.16058786238133,-0.653238530266898,-5303.13940844249,-0.0502252740017285,-6.56213727956441,-0.830823781619119,-5866.97294575099,0.351324143181343
0.222,-6.758125,-6.24530363170434,-0.588669695415999,50,-6.19658896809872,-0.603437127987314,-5317.80944151653,-0.0487146636056111,-6.60815678085451,-0.7755598536567,-5864.90155278268,0.362853149150164
0.223,-6.698125,-6.27715190785996,-0.538669695543999,50,-6.22973500860203,-0.553577953576981,-5329.91139584505,-0.0474168992579275,-6.6510128922027,-0.720400641597931,-5860.68268545007,0.373860984342742
0.224,-6.638125,-6.30868933378524,-0.488669695655999,50,-6.26002335320165,-0.503684722907162,-5322.33910810179,-0.0486659805835935,-6.6907121747281,-0.665365739897314,-5837.20979702757,0.382022840942863
0.225,-6.578125,-6.33307720441272,-0.438669695399999,50,-6.28745723748466,-0.45393849179212,-5349.45269538221,-0.0456199669280641,-6.72726681997074,-0.610632092867819,-5848.84101906446,0.394189615558014
0.226,-6.518125,-6.35746507504021,-0.388669695143999,50,-6.3120359355482,-0.404019922332326,-5352.25357265233,-0.045429139492018,-6.76068482311494,-0.555876275748481,-5836.57443392323,0.403219748074737
0.227,-6.458125,-6.37858903750051,-0.338669695055999,50,-6.3337559886571,-0.354152958584309,-5358.96194095951,-0.0448330488434205,-6.79097121341263,-0.501318182728977,-5828.62578403858,0.412382175912107
0.228,-6.398125,-6.39551654660302,-0.288669695183999,50,-6.35261932144871,-0.304301571641676,-5375.98034397083,-0.0428972251543179,-6.8181361728029,-0.446917782332592,-5831.39221984675,0.422619626199894
0.229,-6.338125,-6.41244405570552,-0.238669695311999,50,-6.36862410839777,-0.2543708850411,-5370.22575041423,-0.0438199473077384,-6.84218590533104,-0.392576251347387,-5811.784547774,0.429741849625508
0.23,-6.278125,-6.42315456020124,-0.188669695439999,50,-6.38177181155413,-0.204570533265475,-5391.86289169152,-0.04138274864712,-6.86312967828478,-0.338499340318277,-5819.96071089587,0.439975118083539
0.231,-6.218125,-6.43262166377561,-0.138669695567999,50,-6.39206267338408,-0.154648310335351,-5399.34931054578,-0.0405589903915384,-6.88097531879665,-0.284431027800542,-5814.37096104441,0.448353655021038
0.232,-6.158125,-6.44037909612514,-0.0886696956431989,50,-6.3994934461691,-0.10473459179731,-5398.35060730945,-0.040885649956029,-6.89572694729534,-0.230497946865843,-5800.67321144074,0.455347851170192
0.233,-6.098125,-6.44238581617294,-0.0386696955407989,50,-6.4040668531411,-0.0549074275927776,-5420.50793312183,-0.038318963031845,-6.90739444292413,-0.176774481502946,-5810.50062144269,0.465008626751177
0.234,-6.038125,-6.44439253622075,0.0113303045616011,50,-6.40578174663812,-0.00495364809528791,-5419.096656143,-0.0386107895826205,-6.91598360615793,-0.123043875339343,-5797.12034136869,0.471591069937194
0.235,-5.978125,-6.44173650281347,0.0613303046160012,50,-6.40463708951527,0.0449097192957755,-5432.73018329434,-0.0370994132981982,-6.92150014480848,-0.0695196501919755,-5799.1374016127,0.479763641995013
0.236,-5.918125,-6.43628281733314,0.111330304641601,50,-6.40063409277258,0.094821226917175,-5445.09883293466,-0.0356487245605491,-6.92395181634076,-0.0160598306393411,-5800.23364292441,0.487668999007631
0.237,-5.858125,-6.43067370765437,0.161330304664001,50,-6.39377033368753,0.144769163278452,-5436.56463695631,-0.0369033739668367,-6.92334255075522,0.0373272116130545,-5780.76256761896,0.49266884310086
0.238,-5.798125,-6.41775966064906,0.211330304536001,50,-6.38404923583089,0.194561165735369,-5464.01036424681,-0.0337104248181764,-6.91968193538639,0.0904523700571488,-5797.59840477945,0.501922274737343
0.239,-5.738125,-6.40484561364374,0.261330304408001,50,-6.37147024374349,0.24452849127955,-5467.07286799542,-0.0333753699002497,-6.91297539437136,0.143650074207531,-5790.36949290319,0.508129780727628
0.24,-5.678125,-6.38882306433504,0.31133030444,50,-6.35602974639414,0.294446542503624,-5472.81665343888,-0.0327933179408906,-6.90322511688802,0.196698815927219,-5786.13187743468,0.514402052552987
0.241,-5.618125,-6.36844861180159,0.361330304696,50,-6.33772985812526,0.344340063574381,-5490.16692519422,-0.0307187536763362,-6.89043884285256,0.249626346034931,-5793.8023830712,0.521990231050962
0.242,-5.558125,-6.34807415926814,0.411330304952,50,-6.31656892430954,0.394315872187628,-5484.6751963091,-0.0315052349586121,-6.87462037328509,0.302542407122832,-5778.92424361684,0.526546214016954
0.243,-5.498125,-6.32163816299565,0.461330304896,50,-6.29254825412306,0.444163694391781,-5505.34984124882,-0.0290899088725924,-6.85577630773687,0.355239569433066,-5790.49767216469,0.534138144741236
0.244,-5.438125,-6.29380334893722,0.511330304768,50,-6.26566827853895,0.494124459204963,-5513.17109105377,-0.0281350703982729,-6.83391220687323,0.40796152668436,-5789.49487033055,0.540108857936012
0.245,-5.378125,-6.26441428372709,0.56133030464,50,-6.23592591908587,0.54407974033089,-5511.27354334388,-0.0284883646412298,-6.80902996574833,0.460592539125041,-5779.04254963889,0.544615682021221
0.246,-5.318125,-6.22911906414053,0.611330304512,50,-6.20332405120442,0.593940133332141,-5533.82194643285,-0.0257950129361169,-6.78113728159837,0.513045812146075,-5793.29772469629,0.552018217457838
0.247,-5.258125,-6.19382384455396,0.661330304384,50,-6.16786166438112,0.643930688032658,-5532.72705511707,-0.0259621801728359,-6.75023781832753,0.565548930204454,-5784.16357603819,0.556413973773563
0.248,-5.198125,-6.15402129662747,0.711330304488,50,-6.12953753812021,0.693833684373285,-5545.44686357848,-0.0244837585072704,-6.71633488674272,0.617886634262189,-5789.09068837168,0.562313590115232
0.249,-5.138125,-6.11126567151277,0.761330304744,50,-6.08835304424783,0.743776353307428,-5558.19470607509,-0.0229126272649351,-6.67943425102878,0.670188544312102,-5794.28515512872,0.568168579516017
0.25,-5.078125,-6.06851004639806,0.811330305,50,-6.04430590406479,0.793758891255692,-5548.80202180346,-0.0242041423332632,-6.63953788997781,0.722457175495602,-5777.57134592925,0.571027843579745
0.251,-5.018125,-6.01829405975837,0.861330304872,50,-5.9973996703854,0.843577543574838,-5576.6755303697,-0.0208943893729663,-6.59665348300872,0.774491023256133,-5798.34908357529,0.578359423250344
0.252,-4.958125,-5.96807807311869,0.911330304744,50,-5.94763390398769,0.893575413261698,-5580.08802489256,-0.0204441691310064,-6.55078459050132,0.826635373738979,-5794.88443775748,0.582706517382639
0.253,-4.898125,-5.91490900929078,0.961330304464,49.6363852504,-5.8950047913901,0.943527181200154,-5545.42559092155,-0.0199042179006926,-6.50193127535956,0.878667025737052,-5793.08028614611,0.587022266068787
0.254,-4.838125,-5.85723261712296,1.011330303952,48.7177795672,-5.83952500703156,0.993082629505772,-5469.52911995063,-0.0177076100913941,-6.45009955208588,0.930601430479704,-5804.37877515581,0.592866934962926
0.255,-4.778125,-5.79955622495513,1.06133030344,47.799173884,-5.78122810842305,1.04186301933358,-5385.54069439483,-0.0183281165320917,-6.39529153487974,0.982559282993894,-5792.96058225406,0.595735309924616
0.256,-4.718125,-5.73611498997126,1.10943647656,45.3916406184,-5.72016060144866,1.08979510604205,-5144.58345798303,-0.0159543885225963,-6.33751186854597,1.03433155346199,-5773.75875313709,0.601396878574708
0.257,-4.658125,-5.67115669108843,1.15704427432,42.5922843048,-5.65641242342034,1.13543609144113,-4882.46332305477,-0.0147442676680823,-6.27677322937167,1.08584692008299,-5739.68101449555,0.605616538283238
0.258,-4.598125,-5.60496846775578,1.20328519888,39.6530663784,-5.59012032074492,1.1785948280715,-4614.04641657081,-0.0148481470108693,-6.21309424615881,1.13696892269022,-5676.40065506042,0.608125778403028
0.259,-4.538125,-5.53345057180728,1.24360300624,36.1077814632,-5.52142806515899,1.21921723312044,-4244.75841171484,-0.0120225066482948,-6.14650513619801,1.1874295068866,-5542.76518583316,0.613054564390728
0.26,-4.478125,-5.46193267585878,1.2839208136,32.562496548,-5.45050745077953,1.25637922379688,-3916.96182133878,-0.0114252250792398,-6.07706230943689,1.23658243086059,-5409.72160318115,0.615129633578109
0.261,-4.418125,-5.38730739382035,1.31885298896,29.2642303208,-5.37754565558694,1.29046788475631,-3585.11873430223,-0.0097617382334286,-6.00484047522361,1.28443516684203,-5210.4237015847,0.617533081403247
0.262,-4.358125,-5.31046255028911,1.34993828432,26.1424060136,-5.30271969843122,1.32145075189052,-3262.65455410157,-0.0077428518578859,-5.92993153313597,1.330380190388,-4975.00239019707,0.619468982846861
0.263,-4.298125,-5.23361770675787,1.38102357968,23.0205817064,-5.22620491837005,1.34941892512282,-2978.23130479759,-0.00741278838782364,-5.8524542230416,1.37408812308271,-4757.94611274971,0.618836516283732
0.264,-4.238125,-5.1528251986859,1.40414849256,20.2937229144,-5.14816388468535,1.37472705379302,-2665.74805774057,-0.00466131400054865,-5.77253178116927,1.41573139072923,-4452.99290718571,0.61970658248337
0.265,-4.178125,-5.07194869775136,1.4271040356,17.575267644,-5.06875628409604,1.39712110899085,-2390.72480970827,-0.00319241365530928,-5.69030557859834,1.45450454181971,-4176.81793854914,0.618356880846986
0.266,-4.118125,-4.98998582153386,1.44740483784,14.99915749392,-4.98813907833683,1.41695023952123,-2128.73892230469,-0.0018467431970284,-5.6059323486399,1.49067678481454,-3891.78258242893,0.615946527106038
0.267,-4.058125,-4.90621231984475,1.46328107208,12.66028921104,-4.90645567673801,1.43433836473518,-1864.7599137674,0.000243356893266185,-5.51956333210832,1.52417063555643,-3575.98783663779,0.613351012263564
0.268,-3.998125,-4.82243881815564,1.47915730632,10.32142092816,-4.8238463555192,1.4492709314765,-1635.13897486605,0.00140753736355905,-5.43135997760639,1.55470725916838,-3296.1760634526,0.608921159450769
0.269,-3.938125,-4.73718958794307,1.49033854544,8.25484355439997,-4.74044264334709,1.46206784010148,-1397.17687695186,0.00325305540402871,-5.341482106761,1.58262228270043,-2979.99887130519,0.604292518817919
0.27,-3.878125,-4.65150162762892,1.5001239752,6.26921753199997,-4.65636900798673,1.47265566221728,-1179.95920579452,0.00486738035780983,-5.25008939427327,1.60758520777826,-2681.92759410905,0.59858776664436
0.271,-3.818125,-4.56563461809548,1.509047588,4.33780910281597,-4.57174645526563,1.48122867063415,-985.254134704022,0.00611183717014918,-5.15734607983415,1.629767184572,-2407.34942647988,0.591711461738666
0.272,-3.758125,-4.47887236246551,1.513662116,2.67748863971197,-4.48668440260493,1.48799710423395,-781.307398300877,0.00781204013941343,-5.06340518469976,1.64938866015953,-2101.09256458697,0.584532822234244
0.273,-3.698125,-4.39211010683553,1.518276644,1.01716817660797,-4.40128860013343,1.49287873678675,-606.593522294717,0.00917849329790506,-4.9684216503408,1.66616215933048,-1834.91884174446,0.576311543505278
0.274,-3.638125,-4.30514200305422,1.52045906384,-0.476313812624029,-4.31565936517615,1.49614543514984,-436.062513528952,0.0105173621219341,-4.87254796298829,1.68046086132757,-1564.33084204808,0.567405959934057
0.275,-3.578125,-4.21801379515521,1.520749844,-1.84003254440003,-4.22988805249751,1.49783818484983,-274.427842249228,0.0118742573422972,-4.77592697161336,1.69224799073936,-1299.76609758617,0.557913176458149
0.276,-3.518125,-4.13088558725619,1.52104062416,-3.20375127617603,-4.14406242809918,1.498041271812,-137.441958754466,0.0131768408429999,-4.67870087970798,1.7015828544515,-1071.91019074967,0.547815292451802
0.277,-3.458125,-4.04396970376506,1.51792802256,-4.31080822984003,-4.05826128077265,1.49698377386124,9.09660879015456,0.0142915770075992,-4.58100040785327,1.708806974782,-817.161803890629,0.537030704088223
0.278,-3.398125,-3.95706305176992,1.51466744784,-5.40670597576003,-3.97255929844886,1.49457976021088,133.588228886483,0.0154962466789368,-4.48295348680849,1.71367621256688,-596.866018159273,0.52589043503856
0.279,-3.338125,-3.87040410996443,1.51039611704,-6.41776989736002,-3.88702776029707,1.4910341498768,247.237539529435,0.016623650332651,-4.38468585649026,1.71651118180447,-390.272552635423,0.514281746525826
0.28,-3.278125,-3.78419687497534,1.5042816428,-7.27413684520002,-3.80172916669202,1.48644846158082,359.220246398457,0.0175322917166697,-4.28631037017908,1.71744109695692,-180.523686942746,0.502113495203742
0.281,-3.218125,-3.69798963998626,1.49816716856,-8.13050379304002,-3.71672262427635,1.4808396401985,451.803462405658,0.018732984290097,-4.18793692648043,1.71643988117651,-3.27176319360412,0.489947286494177
0.282,-3.158125,-3.6125914316713,1.49038010552,-8.82772997896002,-3.63206159588518,1.47438774690206,544.517601778989,0.0194701642138852,-4.08966752038302,1.71380949958206,179.997973573425,0.477076088711712
0.283,-3.098125,-3.52746289891439,1.48203551288,-9.47190924424002,-3.5477943830513,1.467092883958,625.733616339253,0.020331484136919,-3.99159700992858,1.70949711350084,344.884894150481,0.46413411101419
0.284,-3.038125,-3.44253419133063,1.47344627696,-10.0889417888,-3.46396621649385,1.45906214071754,693.942128592012,0.0214320251632123,-3.89381684720142,1.70367445194873,487.804959508382,0.451282655870784
0.285,-2.978125,-3.35877588833252,1.4634241304,-10.546972112,-3.3806157981069,1.45041632681638,763.818802253403,0.021839909774378,-3.79640770795207,1.69654595092073,638.857743226875,0.437631819619547
0.286,-2.918125,-3.27501758533442,1.45340198384,-11.0050024352,-3.29777878119329,1.44114104852909,819.257359072432,0.0227611958588627,-3.69944649675045,1.68803881345911,763.362388846029,0.424428911416037
0.287,-2.858125,-3.1921174809818,1.44273374352,-11.3754539216,-3.21548739813628,1.4313701122004,870.051050833527,0.0233699171544801,-3.60300514538556,1.67839941932087,882.227325038129,0.410887664403773
0.288,-2.798125,-3.10994354471384,1.43151880848,-11.6718002384,-3.13376880183705,1.42114701885882,915.530321467424,0.0238252571232246,-3.50714699070421,1.66768140883057,993.217629014076,0.397203445990364
0.289,-2.738125,-3.02776960844587,1.42030387344,-11.9681465552,-3.05264747823449,1.41052136202209,949.758911649639,0.0248778697886252,-3.41193170953326,1.65595890045995,1082.49070876041,0.384162101087387
0.29,-2.678125,-2.94721842135075,1.4083654392,-12.134194616,-2.97214350940641,1.39959727192378,984.514744008051,0.0249250880556737,-3.31741108695349,1.64343324964364,1177.38489526296,0.370192665602742
0.291,-2.618125,-2.8667754175338,1.39637877168,-12.2915561264,-2.89227412002771,1.38837036050742,1010.09622882915,0.0254987024939044,-3.22363258547666,1.63005398707028,1253.9780637991,0.356857167942872
0.292,-2.558125,-2.78693877137619,1.38425550512,-12.4095254576,-2.81305422903892,1.37692550114341,1029.70410969007,0.0261154576627406,-3.13064025212281,1.61599080520337,1320.01672200382,0.343701480746623
0.293,-2.498125,-2.70831484053724,1.37185904048,-12.4487104304,-2.73449473985321,1.36531798880749,1046.75020935935,0.0261798993159872,-3.03847046045915,1.60134186561287,1383.72444047786,0.33015561992192
0.294,-2.438125,-2.62969090969829,1.35946257584,-12.4878954032,-2.65660428939238,1.35357164399873,1056.44333708953,0.026913379694089,-2.9471561315771,1.58612952086877,1431.53968871636,0.31746522187881
0.295,-2.378125,-2.55242123336306,1.3469917068,-12.454654904,-2.57938888805283,1.34175432924931,1063.41595848388,0.0269676546897675,-2.85672533256777,1.57050085497523,1477.13434554761,0.304304099204709
0.296,-2.318125,-2.47565456584351,1.33449320184,-12.3945135152,-2.50285188194302,1.32989118322092,1065.84312103382,0.0271973160995122,-2.76720131312916,1.55447694267098,1513.51750160866,0.291546747285661
0.297,-2.258125,-2.39911954717734,1.32201427368,-12.3240655568,-2.42699469696292,1.31802409517342,1063.39311273457,0.027875149785569,-2.67860427387333,1.53814314239504,1539.14405517118,0.279484726695987
0.298,-2.198125,-2.32420607048485,1.30967238312,-12.1814716112,-2.35181627336853,1.30619794118874,1058.55556942945,0.0276102028836781,-2.59094912129637,1.52159889521676,1564.02335373106,0.266743050811529
0.299,-2.138125,-2.24929259379236,1.29733049256,-12.0388776656,-2.27731363836834,1.29443462314115,1049.70649262534,0.0280210445759674,-2.50424770682591,1.50485140207485,1578.33099185781,0.254955113033539
0.3,-2.078125,-2.17532380532882,1.285182008,-11.8611109,-2.2034821372364,1.28277094974312,1037.50888289855,0.02815833190759,-2.41850888029986,1.48799823727654,1587.47389542107,0.243185074971052
0.301,-2.018125,-2.10222413003591,1.27321145696,-11.65098514,-2.13031518263821,1.27123757304836,1022.52699559501,0.0280910526023103,-2.33373733034543,1.47108708017088,1591.91229822812,0.231513200309516
0.302,-1.958125,-2.029124454743,1.26124090592,-11.44085938,-2.05780458108246,1.25985990645066,1005.24148536246,0.0286801263394638,-2.24993513718098,1.45416130205292,1588.83457170576,0.220810682437988
0.303,-1.898125,-1.95762461512397,1.24977195488,-11.18076898,-1.98594081080775,1.24865890193032,984.207140592324,0.0283161956837855,-2.16710115692413,1.43729007397505,1582.97465383462,0.209476541800163
0.304,-1.838125,-1.88627021511165,1.23834860384,-10.91613634,-1.91471276962217,1.23766877493888,961.781856850343,0.028442554510519,-2.08523153323409,1.42049890754511,1571.55248004568,0.198961318122439
0.305,-1.778125,-1.81543239018049,1.227140612,-10.6379749996,-1.84410801790047,1.2269019952547,937.220061209138,0.0286756277199721,-2.00432021647996,1.40383885142199,1555.40023821375,0.18888782629947
0.306,-1.718125,-1.74573103042789,1.2164064104,-10.33005051832,-1.77411320560182,1.21637787259894,909.484439302967,0.0283821751739215,-1.92435845375687,1.38735321901072,1535.61449037919,0.178627423328983
0.307,-1.658125,-1.67602967067529,1.2056722088,-10.02212603704,-1.70471360378212,1.20612523005482,881.851017103782,0.0286839331068392,-1.84533530141847,1.37107516820977,1512.28066025506,0.169305630743193
0.308,-1.598125,-1.60742042100897,1.1955060112,-9.69027505128001,-1.63589369676742,1.19614270659088,850.449592943544,0.0284732757584326,-1.76723793999742,1.35503701962469,1484.67555668955,0.159817518988439
0.309,-1.538125,-1.53926086373113,1.1855736976,-9.34857197544,-1.56763702677209,1.18646454914058,818.311208887282,0.0283761630409468,-1.69005150902262,1.33927769712273,1454.36708021642,0.150790645291478
0.31,-1.478125,-1.47124876378818,1.1757340768,-9.00417718200001,-1.49992597418967,1.17709706596765,786.560483203542,0.0286772104014867,-1.61375933281478,1.3238216395542,1421.99942473318,0.142510569026593
0.311,-1.418125,-1.40450479692525,1.16669161408,-8.63663361719999,-1.432742854662,1.16803620906993,749.594363316279,0.0282380577367393,-1.53834350632097,1.30868732130535,1384.57361225389,0.133838709395702
0.312,-1.358125,-1.33776083006233,1.15764915136,-8.26909005240001,-1.36606873884076,1.15932948480336,714.767211796004,0.0283079087784347,-1.46378427639183,1.29392077872459,1346.90928755402,0.126023446329494
0.313,-1.298125,-1.27165576376142,1.14908526016,-7.89187799735999,-1.29988391589355,1.15095666575339,677.577912178315,0.0282281521321277,-1.39006052450215,1.27952363607207,1305.93435992632,0.118404760740735
0.314,-1.238125,-1.20618959802253,1.14099994048,-7.50499745208001,-1.23416864671836,1.14293896612944,638.531331300211,0.0279790486958155,-1.31715022945355,1.26552577832483,1262.31665430835,0.110960631431015
0.315,-1.178125,-1.14072343228363,1.1329146208,-7.11811690679999,-1.16890211073352,1.13529292248397,602.370492101317,0.0281786784498897,-1.24502983510398,1.25195090014879,1219.88918703708,0.104306402820352
0.316,-1.118125,-1.07627065704283,1.12573185736,-6.71859025760001,-1.10406379069091,1.12799140992679,559.83791939572,0.0277931336480772,-1.17367543899117,1.23878739573282,1171.05547955367,0.0974047819483336
0.317,-1.058125,-1.01193571790644,1.11865404232,-6.31759313119999,-1.03963228237408,1.12109251438296,519.98497278785,0.0276965644676416,-1.10306180096918,1.22609356485754,1123.68451606008,0.0911260830627238
0.318,-0.998125000000001,-0.9478860759078,1.11188080344,-5.91367358432001,-0.975585241649115,1.11457095923602,480.294484976392,0.0276991657413089,-1.03316241710353,1.21385522228426,1075.63470477488,0.0852763411957256
0.319,-0.938124999999999,-0.88452929838651,1.10584724952,-5.50265673055999,-0.911901108077088,1.10842466498742,436.177627503936,0.027371809690583,-0.963951031144995,1.20207790740579,1022.9343777066,0.0794217327584725
0.32,-0.878125000000001,-0.821172520865225,1.0998136956,-5.09163987680001,-0.848557230838896,1.10269377258366,396.495896737512,0.0273847099736805,-0.895400022931332,1.19080369037441,973.743304280189,0.0742275020660952
0.321,-0.818124999999998,-0.758379766343535,1.09451601264,-4.67589245455999,-0.78553099653222,1.09733683498617,352.060401661053,0.0271512301886808,-0.827481514319838,1.17999950625495,919.567258389288,0.0691017479763147
0.322,-0.758125000000001,-0.695843385912578,1.08955281648,-4.25799477392,-0.722799742825199,1.09239700719666,308.491351908286,0.0269563569126328,-0.760167281437616,1.16971048824308,865.820966122135,0.0643238955250328
0.323,-0.698124999999998,-0.633361952152503,1.0846803096,-3.83971958479999,-0.660339817968519,1.08786567139795,268.603837629818,0.0269778658160191,-0.693427943582622,1.15993188409797,815.234813725268,0.0600659914301127
0.324,-0.638125,-0.571484931772198,1.0808053848,-3.4172918024,-0.598128805541562,1.08370832430108,220.442381281722,0.0266438737693675,-0.627235111747336,1.15063382939135,756.386479169727,0.0557501799751322
0.325,-0.578124999999998,-0.509607911391888,1.07693046,-2.99486401999999,-0.536143113491786,1.08000050649063,178.152098199015,0.0265352020998863,-0.561559096229943,1.14189159134743,703.01084358038,0.051951184838064
0.326,-0.518125,-0.447968604737819,1.07358265472,-2.57109705616,-0.474358553059181,1.07668750640213,133.765302547102,0.0263899483213537,-0.496369518149843,1.1336539596199,647.391100894974,0.0484009134120297
0.327,-0.458124999999998,-0.386587682568784,1.07080780544,-2.14587446031999,-0.412751967828095,1.07378799998378,87.1412015843437,0.026164285259314,-0.431636896643265,1.12594079785426,589.46652665376,0.0450492140744719
0.328,-0.398125,-0.325206760399753,1.06803295616,-1.72065186448,-0.351299095051745,1.07132192952923,46.6546456859519,0.0260923346520002,-0.367330597620841,1.11877249757237,537.509091633586,0.0421238372210934
0.329,-0.338124999999998,-0.264115827571939,1.06622704016,-1.29411652503999,-0.289976737540076,1.06923215779815,-2.74665279817731,0.0258609099681337,-0.303420999715994,1.1120933165581,476.680843522774,0.0393051721440592
0.33,-0.278125,-0.203066321792876,1.0645595432,-0.867393650800001,-0.228761002098876,1.0676001171593,-47.2864713257847,0.0256946803060103,-0.239877762181282,1.10598410815703,420.674317224503,0.0368114403884136
0.331,-0.218124999999998,-0.142061747217425,1.0631930108,-0.440543311559985,-0.167626964288109,1.0663803725139,-90.2432992963093,0.0255652170706876,-0.176669524116551,1.10039962907092,366.255993735214,0.0346077768991267
0.332,-0.158125,-0.0811781412671014,1.0626367676,-0.0133497973200005,-0.106551436809043,1.06555772129003,-139.718942887867,0.0253732955419475,-0.113766662634528,1.0953244545035,305.392042902058,0.032588521367416
0.333,-0.0981249999999978,-0.0202945353167731,1.0620805244,0.413843716920016,-0.045509967414317,1.0651915210966,-181.772516762963,0.0252154320975475,-0.0511383205377637,1.09081709480432,252.01983484008,0.0308437852209866
0.334,-0.038125,0.0405890706335507,1.0622659388,0.84072347116,0.0155216201802696,1.06521278139312,-229.823695467546,0.0250674504532919,0.0112460358277434,1.08680774582684,192.71958625902,0.0293430348057979
0.335,0.0218750000000023,0.101472676583879,1.062822182,1.26744634540002,0.0765670893528766,1.06567607958026,-276.555972858074,0.024905587231006,0.0734164806585484,1.08335017362723,134.858539981409,0.0280561959253193
0.336,0.0818750000000001,0.162366651273499,1.06344787856,1.69407545224,0.137651399770267,1.06656859660721,-317.013258156774,0.0247152515032431,0.135404224617031,1.08043028229028,83.4250526390675,0.0269624266564703
0.337,0.141875000000002,0.223416157052567,1.06511537552,2.11929804808002,0.198797470960726,1.06783193725751,-369.306771287273,0.0246186860918411,0.197238356620846,1.07798810486845,20.1850488679472,0.02617780043172
0.338,0.201875,0.28446566283163,1.06678287248,2.54452064392,0.260029652649819,1.0695744200506,-412.895282350924,0.0244360101818027,0.258949338181011,1.07613152085632,-34.1289056337414,0.0255163246506186
0.339,0.261875000000003,0.345667067789433,1.06895790592,2.96846228360002,0.321373082088734,1.07171521629715,-458.486577246043,0.02429398570069,0.320568342770814,1.07477750293082,-90.3555403087452,0.025098725018614
0.34,0.321875,0.407047989958464,1.0717327552,3.390890066,0.382851091125354,1.07427213422256,-507.340091625686,0.0241968988330987,0.382124647096994,1.07394286877212,-149.751680507377,0.0249233428614785
0.341,0.381875000000003,0.468428912127499,1.07450760448,3.81331784840002,0.444488363090559,1.07727454125747,-547.50600262261,0.0239405490369472,0.443648821951232,1.07365597278619,-200.175836606774,0.0247800901762759
0.342,0.441875,0.530233584851993,1.0782221016,4.23187616888,0.506308113138704,1.08064182094265,-598.728589131012,0.023925471713278,0.50516986143583,1.07383342372515,-261.796210857083,0.0250637234161631
0.343,0.501875000000003,0.592110605232303,1.0820970264,4.64977384952002,0.568334144834696,1.08447512914019,-643.734652155141,0.0237764603975984,0.566717300932661,1.07457750705826,-316.928830468529,0.0253933042996457
0.344,0.561875000000001,0.654152465625271,1.08624401904,5.06595132344,0.630591500521217,1.08871655148985,-685.766805465362,0.0235609651040563,0.628321871009159,1.07582765716263,-368.933411912308,0.0258305946161202
0.345,0.621875000000003,0.716688846056234,1.0912072152,5.47696817720002,0.693102761489365,1.09333809544532,-736.377537215443,0.0235860845668577,0.69001172025639,1.07755431168362,-429.721050590582,0.0266771257998315
0.346,0.681875000000001,0.779225226487191,1.09617041136,5.88798503096,0.755891951199004,1.09841809473976,-777.192576581421,0.023333275288175,0.751816444075245,1.07983753616595,-480.285619916827,0.0274087824119514
0.347,0.741875000000003,0.842291446705657,1.10182488024,6.29253081080002,0.818982735090374,1.10386571839747,-824.459852338833,0.0233087116152945,0.813765212463305,1.08258241568813,-537.60583389494,0.028526234242353
0.348,0.801875000000001,0.905648224226942,1.10785843416,6.6935279372,0.882397860719064,1.10973975717547,-870.291928711558,0.0232503635078844,0.875886236328172,1.08585038661564,-593.391127917591,0.0297619878987767
0.349,0.861875000000003,0.969045758482194,1.11393549896,7.09393687272002,0.94616136267516,1.11602634629599,-907.545671704111,0.022884395807031,0.938209058827795,1.08962651689323,-640.153215769679,0.0308366996543945
0.35,0.921875000000001,1.03338069761857,1.121013314,7.48081741800001,1.01029459912258,1.12264592563891,-958.818205300287,0.0230860984959901,1.00076039462233,1.09382700537713,-701.926924985068,0.0326203029962559
0.351,0.981875000000003,1.09771563675496,1.12809112904,7.86769796328002,1.07482032901016,1.12972695194293,-999.385488881525,0.0228953077447925,1.06356849527441,1.09858930122865,-752.325290434461,0.0341471414805467
0.352,1.041875,1.16254548752993,1.13560972736,8.24611857960001,1.1397621493291,1.13717022166513,-1040.94541677217,0.0227833382008324,1.12666252693623,1.10380788048375,-804.03030455344,0.0358829605936941
0.353,1.101875,1.22801165326882,1.14369504704,8.61366214439999,1.20514106063519,1.14498430565585,-1086.11239930845,0.0228705926336429,1.19006895684123,1.10949405707089,-859.831969576935,0.0379426964275883
0.354,1.161875,1.29347781900772,1.15178036672,8.98120570919998,1.2709792432327,1.15320181405573,-1121.04923534183,0.0224985757750286,1.25381563529548,1.11568479540254,-904.595032118311,0.0396621837122321
0.355,1.221875,1.36000881901664,1.1606633056,9.32721553319999,1.33729709746048,1.16172800420908,-1166.25811191246,0.0227117215561621,1.31792853981222,1.12227775826515,-961.248214712354,0.0420802792044108
0.356,1.281875,1.42675278587956,1.16970576832,9.66891860904001,1.40411500307846,1.17065690043215,-1204.75539627222,0.0226377828011139,1.38243383206603,1.12938171131519,-1010.64407154139,0.0443189538135387
0.357,1.341875,1.49382115887924,1.1789521552,10.00288075696,1.4714542466518,1.17992613188219,-1238.63984695353,0.0223669122274481,1.44735885420286,1.13692909512084,-1055.29649658406,0.0464623046763779
0.358,1.401875,1.56198071615707,1.1888844688,10.31080523824,1.53933309707915,1.18949273296974,-1280.36649320616,0.0226476190779283,1.51272774306167,1.14487558279197,-1109.62818239358,0.0492529730954029
0.359,1.461875,1.63014027343492,1.1988167824,10.61872971952,1.60777064607488,1.19942839097114,-1311.69534678028,0.0223696273600367,1.57856589895926,1.15330960491667,-1152.24002235958,0.051574374475645
0.36,1.521875,1.69926345725949,1.209250276,10.8995968,1.67678528220654,1.20963687415551,-1346.82316328778,0.0224781750529468,1.64489814502417,1.16212258323475,-1200.42920314999,0.0543653122353123
0.361,1.581875,1.76896481701209,1.2199844776,11.16422944,1.74639362634796,1.22015271010282,-1379.9581107259,0.0225711906641384,1.71174764698686,1.17136524189972,-1246.90597105107,0.0572171700252368
0.362,1.641875,1.83870061510344,1.23073303648,11.42772652,1.81661274962579,1.23095708802084,-1404.03526861478,0.0220878654776617,1.77913855331356,1.18102116070845,-1282.87093296219,0.0595620617898772
0.363,1.701875,1.91005501511575,1.24215638752,11.63785228,1.88745678418834,1.24196622900566,-1437.6697938678,0.0225982309274212,1.84709175321812,1.1909929904926,-1332.79461945809,0.062963261897643
0.364,1.761875,1.98140941512807,1.25357973856,11.84797804,1.95893997194815,1.25326774345429,-1461.59293003326,0.0224694431799302,1.91562901200798,1.20140866185635,-1370.87243208837,0.0657804031200914
0.365,1.821875,2.05349101317397,1.2652310896,12.029965544,2.03107649214872,1.26477183340824,-1483.43919419023,0.0224145210252643,1.98477261811853,1.21215850480569,-1408.07082248381,0.0687183950554403
0.366,1.881875,2.12659068846687,1.27720164064,12.1725594896,2.10387739513471,1.276459077653,-1505.9445573239,0.0227132933321654,2.05454147155156,1.22323391069009,-1448.10842408307,0.0720492169153111
0.367,1.941875,2.19969036375978,1.28917219168,12.3151534352,2.17735334045369,1.28833525601002,-1520.20921170937,0.0223370233060899,2.12495495953704,1.23466049563008,-1477.40441621875,0.074735404222741
0.368,2.001875,2.27426375268986,1.30144445608,12.3907546784,2.25151297291739,1.30032426111093,-1536.29434499425,0.0227507797724513,2.19603035649399,1.24633889249107,-1513.62830898137,0.0782333961958754
0.369,2.061875,2.34917722938234,1.31378634664,12.4508960672,2.32636323181856,1.31244266648016,-1547.06460864085,0.0228139975637775,2.26778390492272,1.25833244765034,-1543.1868636005,0.081393324459611
0.37,2.121875,2.42447678749714,1.3261608652,12.490344464,2.40191012471036,1.32464137474661,-1552.45458902971,0.0225666627867751,2.34023189134885,1.2705793515016,-1566.72021296757,0.084244896148286
0.371,2.181875,2.50124345501669,1.33865937016,12.4511594912,2.47815683101349,1.33687076283483,-1556.62162276945,0.0230866240032137,2.41338723232677,1.28302377946608,-1594.71484132362,0.0878562226899356
0.372,2.241875,2.57801012253625,1.35115787512,12.4119745184,2.5551047848694,1.34911953208191,-1555.20328853185,0.0229053376668543,2.48726241220092,1.29570646914808,-1613.30309509315,0.0907477103353338
0.373,2.301875,2.6558988866446,1.36359473072,12.3013912208,2.63275362379325,1.36133626706168,-1548.68523952045,0.0231452628513611,2.56186859263273,1.30854051259576,-1631.24186781011,0.094030294011875
0.374,2.361875,2.73452281748355,1.37599119536,12.1440297104,2.71110016969534,1.37347410005132,-1538.01130691151,0.0234226477881958,2.63721426765581,1.32151969998509,-1646.0274844013,0.0973085498277402
0.375,2.421875,2.81314674832251,1.38838766,11.9866682,2.79013881000114,1.38549491921983,-1524.11481877164,0.0230079383213704,2.71330691591276,1.3346147973066,-1653.26117512036,0.099839832409752
0.376,2.481875,2.89358975213945,1.40037432752,11.6903218832,2.86986199616981,1.39736925842773,-1499.19127794423,0.0237277559696336,2.79015118301662,1.34775614718189,-1660.83004711817,0.103438569122832
0.377,2.541875,2.97403275595639,1.41236099504,11.3939755664,2.95025843572571,1.40899589583426,-1473.38466158069,0.0237743202306729,2.86774980533026,1.36094676158724,-1661.91260387491,0.106282950626141
0.378,2.601875,3.05516092053519,1.42404218512,11.0336293304,3.03131371465613,1.42036709108226,-1439.97734999097,0.0238472058790542,2.94610389377874,1.37412689006243,-1657.50611110968,0.109057026756459
0.379,2.661875,3.13733485680316,1.43525712016,10.5755990072,3.11301120530251,1.431413313711,-1396.60254396565,0.0243236515006413,3.02521140133103,1.38724604960504,-1648.4753588456,0.112123455472138
0.38,2.721875,3.21950879307113,1.4464720552,10.117568684,3.1953296754968,1.44204336647923,-1355.57035046229,0.0241791175743272,3.10506761865935,1.40026179152953,-1635.5687459891,0.114441174411793
0.381,2.781875,3.30293701966712,1.45674269936,9.51217044832,3.27824591636245,1.45227944648544,-1294.18747123118,0.0246911033046685,3.18566560343874,1.41313861821576,-1612.95965120793,0.117271416228393
0.382,2.841875,3.38669532266523,1.46676484592,8.86799118304002,3.36173200877837,1.46193493807871,-1232.37670963786,0.0249633138868599,3.26699484538895,1.42578748214864,-1586.996292962,0.119700477276277
0.383,2.901875,3.47071054374311,1.47647245112,8.18402672727999,3.44575460048652,1.47100680465336,-1168.67059079396,0.0249559432565916,3.34904140927718,1.43817787744656,-1556.63674925619,0.12166913446594
0.384,2.961875,3.55583907650003,1.48481704376,7.32765977943996,3.53027977861046,1.47947851354145,-1077.97430876662,0.0255592978895761,3.43178933875741,1.45026975982968,-1511.4619290602,0.124049737742607
0.385,3.021875,3.64096760925694,1.4931616364,6.47129283159999,3.61526606975403,1.48710268548611,-998.075237171837,0.0257015395029077,3.51521763883178,1.46192729144929,-1468.49008961382,0.125749970425173
0.386,3.081875,3.72672538498262,1.50020532664,5.47519958488003,3.70066779698072,1.49397996850559,-895.273575561336,0.0260575880018966,3.59930202294061,1.473171412972,-1410.38932086195,0.127423362042011
0.387,3.141875,3.81293261997171,1.50631980088,4.37930183895999,3.78643616365234,1.49990081644957,-782.702574699103,0.0264964563193559,3.68401483539782,1.48386357903382,-1344.60075653955,0.128917784573895
0.388,3.201875,3.8991398549608,1.51243427512,3.28340409303995,3.87251383773268,1.50477683387131,-685.385808728655,0.0266260172281135,3.7693224497943,1.49393391744648,-1284.8103015644,0.129817405166491
0.389,3.261875,3.9860319357683,1.51575430608,1.92526496513598,3.95884502165247,1.50874997921911,-530.983349321686,0.0271869141158329,3.85519084650713,1.50343857464883,-1188.46254842348,0.130841089261182
0.39,3.321875,4.07293858776343,1.5190148808,0.561546233360032,4.04536297920499,1.51129646356508,-397.679272018737,0.0275756085584549,3.94157800444615,1.51204210030362,-1102.49033411459,0.131360583317291
0.391,3.381875,4.15992832322253,1.52094369744,-0.913398147664023,4.13199159278775,1.51261260334913,-250.372879815149,0.0279367304347683,4.02843506717403,1.519841346122,-1004.7447646473,0.131493256048486
0.392,3.441875,4.24705653112155,1.52065291728,-2.57371861076809,4.2186567330242,1.51257148430824,-69.1769850712525,0.028399798097353,4.11571288557165,1.52672924387027,-882.877319172793,0.131343645549891
0.393,3.501875,4.33418473902057,1.52036213712,-4.23403907387203,4.30527176304286,1.51086342677021,83.6051760713939,0.0289129759777033,4.20335292613286,1.53248528487866,-777.331027381779,0.130831812887713
0.394,3.561875,4.42103085871219,1.516738468,-6.14511590559996,4.39174873706251,1.50775242083886,297.185310289567,0.0292821216496863,4.2912946901155,1.53726137813901,-627.829660339498,0.129736168596691
0.395,3.621875,4.50779311434217,1.51212394,-8.13074192800003,4.4779913104088,1.5026812997319,501.43669758223,0.0298018039333621,4.37947048933791,1.54065465587802,-482.536750068914,0.128322625004259
0.396,3.681875,4.59437632075284,1.50664759504,-10.1752416604801,4.5638897224822,1.49573892609956,693.870349810868,0.0304865982706419,4.46780226489306,1.54270597926204,-342.807049472248,0.126574055859784
0.397,3.741875,4.68006428106697,1.49686216528,-12.51410994336,4.64933995619131,1.48703692354584,964.5354523783,0.0307243248756571,4.55621465429136,1.54346860984933,-144.955377667883,0.123849626775597
0.398,3.801875,4.76575224138111,1.48707673552,-14.85297822624,4.73422065163353,1.47585829015247,1189.27207078298,0.0315315897475795,4.64461855943711,1.54240982297861,22.1964203534794,0.121133681943996
0.399,3.861875,4.85036331871868,1.47386522824,-17.4053641896001,4.81840212322539,1.46262940675153,1463.19100582376,0.0319611954932938,4.73291779295257,1.53981488068574,228.428321217511,0.117445525766112
0.4,3.921875,4.93413682040779,1.457988994,-20.1238194600002,4.9017540288141,1.44690097391748,1757.99931107268,0.0323827915937026,4.82101410785239,1.53532662706548,452.395379085528,0.113122712555387
0.401,3.981875,5.0179103220969,1.44211275976,-22.8422747304001,4.98412776014238,1.42848468374604,2000.26152072177,0.0337825619545136,4.90879443517087,1.52878483330594,639.451975830788,0.109115886926023
0.402,4.041875,5.09890753139621,1.41945218792,-25.9472919944,5.06538328276084,1.4078681264956,2374.08107998868,0.0335242486353725,4.99615093505358,1.52053225863667,929.489351157694,0.10275659634263
0.403,4.101875,5.17978403233075,1.39649664488,-29.0691163016001,5.14535995502108,1.38384438496363,2688.69396936951,0.0344240773096766,5.0829585212663,1.50962413160513,1176.61019918733,0.0968255110644614
0.404,4.161875,5.25923265460163,1.37066181456,-32.3409162408002,5.22387831548174,1.35696344164874,3019.75178654379,0.0353543391198982,5.16907647088924,1.49645940036862,1439.7414134002,0.0901561837123757
0.405,4.221875,5.33607749813286,1.3395765192,-35.8862011560001,5.30077045117647,1.32707843187798,3425.65233874595,0.035307046956402,5.25437137052669,1.48089426729477,1764.16620773247,0.081706127606167
0.406,4.281875,5.4129223416641,1.30849122384,-39.4314860712,5.37584464957416,1.29350545879211,3755.88676579144,0.0370776920899372,5.33868963930036,1.46236855206932,2031.46925060943,0.0742327023637343
0.407,4.341875,5.48577197450829,1.27048154448,-42.4173245352001,5.44890971231127,1.2569463670857,4106.44903966984,0.0368622621970215,5.4218768348527,1.44141236370801,2395.84098787776,0.0638951396555894
0.408,4.401875,5.55728987045679,1.23016373712,-45.2166808488002,5.51978932237082,1.21721876905175,4415.86705811895,0.0375005480859662,5.50376822577213,1.41713643745579,2743.46693978908,0.0535216446846439
0.409,4.461875,5.62785115849987,1.18878280616,-47.7417610288,5.588312922412,1.17470610302503,4656.01379242777,0.0395382360878695,5.58417816602782,1.38969998013167,3051.87816218762,0.0436729924720514
0.41,4.521875,5.6928094573827,1.1411750084,-48.660366712,5.65433932064221,1.130049981675,4813.52020940204,0.038470136740497,5.66293604632636,1.35946866607034,3447.64787689601,0.0298734110563422
0.411,4.581875,5.75776775626554,1.09356721064,-49.5789723952,5.71776758202676,1.08401401827691,4928.3315817989,0.0400001742387725,5.73985883302041,1.32564312917049,3769.19950846295,0.0179089232451246
0.412,4.641875,5.81878168901108,1.044663636944,-50,5.77852996144168,1.03699314599603,5003.87583244836,0.0402517275693868,5.81476031287085,1.28891174684241,4078.09277137602,0.00402137614022979
0.413,4.701875,5.8764580811789,0.994663637455998,-50,5.83658042076452,0.989350148961211,5046.32612816953,0.0398776604143889,5.88747745847762,1.24939548013815,4367.23524169185,-0.011019377298727
0.414,4.761875,5.93413447334672,0.944663637968,-50,5.89189206475966,0.941390455851161,5062.90840190098,0.0422424085870642,5.95785603691064,1.20728035292037,4595.12555687214,-0.0237215635639136
0.415,4.821875,5.98481673533192,0.894663638119998,-50,5.94445357993228,0.893352543347103,5110.00516417014,0.0403631553996451,6.02576340348523,1.16313391325012,4822.77122062774,-0.0409466681533176
0.416,4.881875,6.03503272197161,0.844663638247996,-50,5.99425244569802,0.844955799394549,5133.84351014185,0.0407802762735928,6.09108332725032,1.11696156045481,5000.43220882299,-0.0560506052787164
0.417,4.941875,6.08276192143629,0.794663638248002,-50,6.04127424846478,0.796414757612183,5153.07769171137,0.0414876729715035,6.15371299588366,1.06922629371493,5150.27897107543,-0.0709510744473608
0.418,5.001875,6.125517546551,0.744663637992,-50,6.08551194045963,0.747771999974139,5187.0220569213,0.0400056060913773,6.21357026114616,1.02018642642578,5294.69120226831,-0.0880527145951704
0.419,5.061875,6.16827317166571,0.694663637736002,-50,6.12695582128531,0.698892350450503,5196.02823621283,0.0413173503804011,6.27058186519038,0.969893978403949,5396.69248426963,-0.102308693524666
0.42,5.121875,6.20558891774948,0.64466363776,-50,6.16559890127848,0.650005607534147,5224.70826258559,0.0399900164710074,6.32468727390132,0.918741071882142,5503.22355045066,-0.119098356151835
0.421,5.181875,6.24088413733605,0.594663637888002,-50,6.20143558908198,0.600930782826682,5244.33073610774,0.0394485482540703,6.3758360309739,0.866687366556579,5587.58221342641,-0.134951893637855
0.422,5.241875,6.2752468062316,0.544663638016,-50,6.23445750396855,0.551751497341109,5248.07945832365,0.0407893022630603,6.42398240820935,0.813938244774893,5644.72019327565,-0.148735601977759
0.423,5.301875,6.30308162029003,0.494663638144002,-50,6.26466284911016,0.502613951503653,5280.36498672614,0.0384187711798589,6.46909376635833,0.760745214717356,5720.58800486381,-0.166012146068293
0.424,5.361875,6.33091643434846,0.444663638272,-50,6.29204649298172,0.453255542000941,5287.77274731451,0.0388699413667366,6.51113975461613,0.706936649989797,5763.11216064703,-0.180223320267689
0.425,5.421875,6.35486564344596,0.394663638200001,-50,6.3166023476337,0.403905486635546,5303.25467644687,0.0382632958122711,6.55009392084982,0.65282026630436,5806.41219985836,-0.195228277403856
0.426,5.481875,6.37524009597941,0.344663637944,-50,6.33832876331936,0.35448949010795,5323.21738182031,0.0369113326600378,6.58593843750843,0.598389402652892,5847.91100497729,-0.210698341529029
0.427,5.541875,6.39561454851286,0.294663637688001,-50,6.35722078386047,0.304966431485536,5320.12125736904,0.0383937646523967,6.61865577491571,0.543661117832989,5860.95325140234,-0.223041226402849
0.428,5.601875,6.40915029597885,0.244663637783999,-50,6.37327835720355,0.255548617948938,5348.82739893111,0.0358719387753,6.64823640532801,0.488897673187446,5901.16919602906,-0.239086109349159
0.429,5.661875,6.42206434298416,0.194663637912001,-50,6.38649912695065,0.205943305520951,5357.76647115525,0.0355652160335208,6.67467115388114,0.433849125190538,5917.65826840676,-0.252606810896979
0.43,5.721875,6.43264702701291,0.144663637991999,-50,6.39687756835275,0.156332641862765,5362.78328148436,0.0357694586601678,6.6979499514845,0.37873420297715,5926.84649367257,-0.265302924471583
0.431,5.781875,6.43810071249325,0.0946636379664012,-50,6.40441440879819,0.106752720078222,5385.47271986059,0.0336863036950531,6.71807092233843,0.323620177220748,5950.83364450476,-0.279970209845178
0.432,5.841875,6.44355439797358,0.0446636379407993,-50,6.40910675049333,0.057040904339383,5384.60987920133,0.0344476474802483,6.73503021735285,0.268370896416612,5948.8331453866,-0.291475819379268
0.433,5.901875,6.44372362953815,-0.00533636213919888,-50,6.41095324978035,0.00741408004900465,5403.4662523098,0.032770379757806,6.7488269423105,0.21322565658961,5964.49680660228,-0.305103312772344
0.434,5.961875,6.44171690949034,-0.0553363622416008,-50,6.40995357532903,-0.0423093012963215,5415.67185084255,0.0317633341613109,6.75946239812397,0.158021786201155,5971.78439222477,-0.317745488633623
0.435,6.021875,6.43893306615852,-0.105336362319999,-50,6.40610395199721,-0.0920679029070637,5411.73879230848,0.0328291141612915,6.76693543571637,0.102836436024075,5961.49370652737,-0.328002369557852
0.436,6.081875,6.42946596258415,-0.155336362192001,-50,6.39940661689019,-0.141713194546796,5438.47832822041,0.0300593456939564,6.77125174833475,0.0478312974481857,5980.68329278603,-0.341785785750603
0.437,6.141875,6.41999885900979,-0.205336362063999,-50,6.38985997307268,-0.191527539714876,5441.00448622104,0.030138885937104,6.77241388350338,-0.00726512735649051,5974.68102276837,-0.35241502449359
0.438,6.201875,6.40680155267135,-0.255336361936001,-50,6.37746072368973,-0.241287913301552,5451.02045053967,0.0293408289816134,6.77042325454051,-0.062220931818557,5975.37479332364,-0.363621701869154
0.439,6.261875,6.38987404356885,-0.305336361807999,-50,6.36220998467089,-0.291063305180899,5467.37418099778,0.0276640588979675,6.76528614734179,-0.117097937472816,5981.77191063501,-0.375412103772927
0.44,6.321875,6.37294653446634,-0.355336361680001,-50,6.34410522581287,-0.340911999523048,5461.08973286628,0.0288413086534641,6.7570055700699,-0.171948737247575,5965.03369456525,-0.384059035603557
0.441,6.381875,6.34933578483105,-0.405336361895999,-50,6.32314821698049,-0.390625611466157,5485.80991622957,0.0261875678505433,6.74558912060952,-0.226560526694842,5978.92100295509,-0.396253335778479
0.442,6.441875,6.32494791420356,-0.455336362152001,-50,6.29933852022802,-0.440489592997697,5492.43407192472,0.0256093939755266,6.73104241094943,-0.281215431105651,5974.43450635903,-0.406094496745875
0.443,6.501875,6.29838409196371,-0.505336362295999,-50,6.27267229608939,-0.490337227590258,5494.22884330356,0.0257117958743053,6.71336781530948,-0.335744344645941,5964.92763909058,-0.414983723345774
0.444,6.561875,6.26653581580808,-0.555336362168001,-50,6.24315175328468,-0.540124110245886,5515.27154219711,0.0233840625233901,6.69257387001211,-0.390101275191373,5974.55186564691,-0.426038054204037
0.445,6.621875,6.23468753965246,-0.605336362039999,-50,6.21077529695079,-0.590027416063218,5512.93656961539,0.0239122427016615,6.66866537911801,-0.444462495378778,5960.74475855858,-0.433977839465551
0.446,6.681875,6.19771024982233,-0.655336361912001,-50,6.17554242313438,-0.639831890008782,5529.30848614761,0.0221678266879586,6.64164827261531,-0.49861243028968,5965.64451362746,-0.443938022792971
0.447,6.741875,6.15840159014015,-0.705336361783999,-50,6.13745385969739,-0.689709788651826,5540.51298587165,0.020947730442756,6.6115297164851,-0.552723510548104,5965.42218340928,-0.453128126344939
0.448,6.801875,6.11847123183076,-0.755336361688001,-50,6.09650676490229,-0.739613457949435,5534.5077136837,0.0219644669284583,6.57831328518947,-0.606748673194119,5948.07359246713,-0.459842053358724
0.449,6.861875,6.07170218862202,-0.805336361943999,-50,6.05270419916125,-0.789384528055504,5560.60698543069,0.0189979894607675,6.54200841143722,-0.660530489801366,5962.94501437606,-0.470306222815193
0.45,6.921875,6.02493314541328,-0.855336362200001,-50,6.00604529246793,-0.83931856630298,5562.54249345842,0.0188878529453533,6.50262053519825,-0.714365761674434,5953.79471108319,-0.477687389784976
0.451,6.981875,5.97458932455564,-0.905336361904,-50,5.95652708328783,-0.889193013465028,5570.8463986241,0.0180622412678146,6.46015292726507,-0.768033406085804,5951.17675135919,-0.48556360270942
0.452,7.041875,5.92035987581876,-0.955336361008001,-50,5.90415130483407,-0.939066551161499,5586.87606012219,0.0162085709846947,6.41461346287208,-0.821593780418875,5956.46637339291,-0.494253587053316
0.453,7.101875,5.86613042708188,-1.005336360112,-50,5.84891597296993,-0.989010257760323,5580.27874757342,0.017214454111939,6.36600619925192,-0.875119800694441,5939.3252479282,-0.499875772170037
0.454,7.161875,5.80537315623523,-1.05533636224,-50,5.7908230340078,-1.03881585633847,5603.53118131275,0.0145501222274451,6.31433901508258,-0.928405157284304,5952.24149831457,-0.508965858847341
0.455,7.221875,5.7436833393729,-1.1053363648,-50,5.72987252760516,-1.08875817862922,5610.04621322705,0.0138108117677308,6.25961776675145,-0.981726751075008,5948.63679892258,-0.515934427378534
0.456,7.281875,5.67997299899274,-1.15533636632,-50,5.66606103746088,-1.13868302861404,5610.55163589849,0.0139119615318753,6.20184473390015,-1.03493253316093,5939.24554763091,-0.521871734907399
0.457,7.341875,5.61082278760307,-1.20533636504,-50,5.59939114778463,-1.18853514496995,5631.64150169945,0.0114316398184287,6.14102807201507,-1.08796944677273,5950.66650095544,-0.530205284412008
0.458,7.401875,5.54167257621339,-1.25533636376,-50,5.5298615974288,-1.23850401731088,5629.31999420084,0.0118109787845909,6.07717196377175,-1.14102922593903,5938.9069202431,-0.535499387558354
0.459,7.461875,5.46754877287246,-1.30533636248,-50,5.45747187226794,-1.2883740800307,5644.51115412291,0.0100769006045096,6.01028120956087,-1.19389857430506,5944.8925364301,-0.542732436688408
0.46,7.521875,5.3909381735559,-1.3553363612,-50,5.38222301363986,-1.33830660282458,5655.85919366592,0.0087151599160322,5.94036203487316,-1.24674104285004,5947.26807181598,-0.54942386131726
0.461,7.581875,5.31386129999392,-1.40533636016,-50,5.30411245851449,-1.38826613217193,5648.78725099148,0.00974884147942371,5.86741693009036,-1.29952346049433,5931.45617463974,-0.553555630096433
0.462,7.641875,5.22979031275048,-1.45533636272,-50,5.2231435155108,-1.43808316237618,5675.13026734333,0.0066467972396881,5.79145412669949,-1.35207859593725,5949.2904524591,-0.561663813949007
0.463,7.701875,5.14571932550706,-1.50533636528,-50,5.13931553603453,-1.48806533193406,5677.25278370637,0.00640378947252519,5.71247776911357,-1.40471634627617,5943.13340428842,-0.566758443606511
0.464,7.761875,5.05822899480555,-1.55533636608,-50,5.05262544919974,-1.53798955627966,5684.52919576618,0.00560354560580234,5.63048945068412,-1.4572158632589,5942.35679293269,-0.572260455878566
0.465,7.821875,4.9666976218354,-1.6053363648,-50,4.96307521408576,-1.58790334106848,5700.83790518877,0.00362240774965079,5.5454956673898,-1.50962686116583,5950.83589786296,-0.578798045554393
0.466,7.881875,4.87516624886525,-1.65533636352,-50,4.87066304781398,-1.63788979961756,5694.4596756803,0.00450320105127729,5.45749904762745,-1.56203462979136,5936.84795912928,-0.582332798762186
0.467,7.941875,4.77726245932827,-1.70533636224,-50,4.77539076909459,-1.68774009944441,5716.71401814491,0.00187169023366558,5.36650569770504,-1.61423247733917,5951.70863840163,-0.58924323837677
0.468,8.001875,4.67827069623109,-1.75533636096,-50,4.67725862678427,-1.7377178712572,5723.53505543567,0.00101206944680748,5.27252003253433,-1.66648613647259,5951.34794918088,-0.594249336303248
0.469,8.061875,4.57741383615219,-1.80533636064,-50,4.57626339054745,-1.78768093106676,5723.11855887821,0.0011504456047362,5.17554286857807,-1.71865548409352,5943.95734970861,-0.598129032425877
0.47,8.121875,4.47096168512813,-1.8553363632,-50,4.47240781019521,-1.83756271636529,5744.58132819628,-0.00144612506708679,5.07558088559358,-1.7706759757105,5958.6491713841,-0.604619200465433
0.471,8.181875,4.36450953410408,-1.90533636576,-50,4.36569077229297,-1.88756464237433,5742.56231655176,-0.00118123818887822,4.97263678573593,-1.82275100032488,5950.05778542577,-0.60812725163186
0.472,8.241875,4.25323921587725,-1.95533636584,-50,4.25611158749174,-1.93747049049092,5756.82950207727,-0.00287237161448999,4.86671358345189,-1.87466626790029,5957.9465100504,-0.613474367574627
0.473,8.301875,4.13932667692633,-2.00533636456,-50,4.14367146398336,-1.98743024264977,5768.54960755124,-0.00434478705703478,4.75781608154403,-1.92657364307751,5963.47736060547,-0.618489404617716
0.474,8.361875,4.02510328847844,-2.05533636328,-50,4.02836798699718,-2.03742038216314,5760.61474419653,-0.00326469851874257,4.64594535330569,-1.97845144564831,5949.5377193082,-0.620842064827244
0.475,8.421875,3.90373036160064,-2.105336362,-50,3.91020459709045,-2.08726003621739,5787.38336138984,-0.0064742354897964,4.53110822346348,-2.03012059292519,5970.4813069824,-0.627377861862836
0.476,8.481875,3.78235743472283,-2.15533636072,-50,3.78918076329301,-2.13726871008604,5789.85565356791,-0.00682332857018543,4.41330744397569,-2.0819023340304,5967.30360858652,-0.630950009252846
0.477,8.541875,3.65772058812702,-2.20533636112,-50,3.66529321254168,-2.18722261559823,5796.25071004026,-0.00757262441465434,4.29254292611107,-2.13357457861164,5968.21903870381,-0.634822337984055
0.478,8.601875,3.52888727332234,-2.25533636368,-50,3.53854404651416,-2.23715792707643,5812.969990017,-0.00965677319181304,4.16881985990887,-2.18517515317087,5979.62442968581,-0.639932586586541
0.479,8.661875,3.40005395851767,-2.30533636624,-50,3.40893160868604,-2.28716965619761,5806.92930409532,-0.00887765016838913,4.04213958383619,-2.23680067643657,5968.43102404625,-0.642085625318537
0.48,8.721875,3.26500365377393,-2.3553363656,-50,3.27645752267213,-2.33704829282819,5828.29234003182,-0.0114538688981956,3.91250662569734,-2.28824320080931,5984.7980092221,-0.647502971923422
0.481,8.781875,3.12870995104237,-2.40533636432,-50,3.14112218565957,-2.38704615750259,5835.51600523123,-0.0124122346171985,3.77992419859787,-2.3397565655329,5987.17786739594,-0.651214247555498
0.482,8.841875,2.99070657607758,-2.45533636304,-50,3.0029224982597,-2.43703298320659,5834.26522643131,-0.0122159221821151,3.64439193328565,-2.39121197923637,5981.23118108865,-0.653685357208072
0.483,8.901875,2.84695248541916,-2.50533636176,-50,2.86186132599819,-2.48693082216579,5856.18051930707,-0.0149088405790431,3.50591534208524,-2.44253292753457,5998.59420743576,-0.65896285666607
0.484,8.961875,2.70319839476072,-2.55533636048,-50,2.71793765782515,-2.53695294016906,5854.5366367086,-0.0147392630644259,3.36449597980448,-2.4939340682053,5992.53753004122,-0.661297585043745
0.485,9.021875,2.55478156164799,-2.6053363616,-50,2.57115058786446,-2.58688240016952,5867.94640901732,-0.016369026216465,3.2201354278306,-2.54519981567596,6001.66990203558,-0.665353866182599
0.486,9.081875,2.40356708306269,-2.65533636416,-50,2.42150145336411,-2.63685783941221,5880.09968982995,-0.0179343703014196,3.07283743437575,-2.59647011906039,6009.67719368334,-0.669270351313051
0.487,9.141875,2.25219717972892,-2.70533636664,-50,2.26898795311089,-2.68686762690756,5871.35809596984,-0.0167907733819747,2.92260203513444,-2.64773462055773,5996.91713364887,-0.670404855405529
0.488,9.201875,2.09352231321674,-2.75533636536,-50,2.1136136276855,-2.73671947656878,5898.60411654872,-0.0200913144687717,2.76943503572805,-2.69880226952544,6020.26841874216,-0.675912722511317
0.489,9.261875,1.93484744670455,-2.80533636408,-50,1.95537803432942,-2.78674471925234,5901.4740744304,-0.0205305876248639,2.61333818870737,-2.7500055954601,6019.36367558373,-0.678490742002815
0.49,9.321875,1.77306408522285,-2.8553363628,-50,1.79427767062301,-2.83671882642226,5907.0320733299,-0.0212135854001584,2.45431011931246,-2.80112123260251,6021.26340749215,-0.681246034089617
0.491,9.381875,1.6069288307838,-2.90533636152,-50,1.63031475568308,-2.88666660731594,5924.20298610926,-0.0233859248992703,2.29235510869817,-2.8521751180409,6034.88898222316,-0.685426277914362
0.492,9.441875,1.44079357634474,-2.95533636024,-50,1.46348773601878,-2.93669494154681,5918.53812366178,-0.0226941596740379,2.12747360176448,-2.90327522524439,6025.78830000647,-0.686680025419741
0.493,9.501875,1.2685967567151,-3.00533636208,-50,1.29379801845106,-2.9865936151251,5939.04580284738,-0.0252012617359659,1.95966894199738,-2.95421240100532,6042.96636039048,-0.691072185282269
0.494,9.561875,1.09500111434917,-3.05533636464,-50,1.1212461281802,-3.03660361640785,5946.705795168,-0.0262450138310214,1.78894353140522,-3.00522866229936,6047.39970962708,-0.693942417056057
0.495,9.621875,0.919851224315141,-3.1053363664,-48.0000000000004,0.945829077685887,-3.08660657411796,5727.26106057658,-0.025977853370753,1.61529620123601,-3.05620663520136,6042.21947737097,-0.695444976920863
0.496,9.681875,0.738795193142268,-3.15533636512,-38.4,0.767607126077195,-3.13451313568538,4740.250091141,-0.0288119329349338,1.43873167731402,-3.10705793410861,6061.58704223551,-0.699936484171751
0.497,9.741875,0.557739161969395,-3.20533636384,-28.7999999999997,0.586902595122899,-3.17326494116357,3888.60270238291,-0.0291634331535046,1.25925074206788,-3.15800859509931,6057.41016775267,-0.70151158009847
0.498,9.801875,0.373302642920738,-3.24023219744,-13.4,0.404203930694882,-3.20412152536669,2295.66379357237,-0.0309012877741434,1.07685391226787,-3.20884185532023,5804.64038022256,-0.703551269347133
0.499,9.861875,0.186651321470697,-3.26523219872,5.79999999999927,0.220158520296558,-3.22027524390324,377.046155677001,-0.0335071988258597,0.891613428563319,-3.25727084194253,5421.14617057533,-0.704962107092619
0.5,9.921875,2.06410793028507e-11,-3.2902322,25,0.0356939592845601,-3.21875264190741,-1247.39941256396,-0.0356939592639075,0.703701392729559,-3.30209661690682,5078.22126294169,-0.703701392708924
0.501,9.981875,-0.186651321445267,-3.26523219872,34.6000000000004,-0.148255290843666,-3.20228750071687,-2414.16840711916,-0.0383960306016088,0.513313401120453,-3.34369800276967,3929.96079727813,-0.699964722565707
0.502,-9.958125,-0.373302642911161,-3.24023219744,44.2,-0.330954374674837,-3.17511360574526,-3391.43987976731,-0.0423482682363226,0.320846309157914,-3.37467091020034,2944.87802618709,-0.694148952069068
0.503,-9.898125,-0.557739161969395,-3.20533636384,50,-0.511840145405284,-3.1389909327625,-3974.60850901891,-0.0458990165641149,0.126865604640598,-3.39653304813045,1918.62727864656,-0.684604766610005
0.504,-9.838125,-0.738795193142268,-3.15533636512,50,-0.690504143163012,-3.09755909853374,-4100.78471611011,-0.048291049979244,-0.0680962580917054,-3.4089197928694,764.988115625651,-0.670698935050554
0.505,-9.778125,-0.919851224315141,-3.1053363664,50,-0.866762856355557,-3.0550306625428,-4190.47637790176,-0.053088367959586,-0.263463225182043,-3.41067385785421,-212.847668307785,-0.656387999133085
0.506,-9.718125,-1.09500111434917,-3.05533636464,50,-1.04056311891202,-3.01174298233916,-4293.2553814456,-0.0544379954371389,-0.458672895933108,-3.4034291148261,-1082.44005451465,-0.636328218416064
0.507,-9.658125,-1.2685967567151,-3.00533636208,50,-1.2118580137496,-2.96757683120724,-4374.12508959976,-0.0567387429654861,-0.653238604903554,-3.38819535119658,-1824.48429809043,-0.615358151811542
0.508,-9.598125,-1.44079357634474,-2.95533636024,50,-1.38060302162623,-2.92273513629455,-4434.99912434439,-0.0601905547185161,-0.846736586339963,-3.3661583928598,-2454.58201815226,-0.594056990004789
0.509,-9.538125,-1.6069288307838,-2.90533636152,50,-1.54676473680279,-2.87740290488932,-4513.70942687383,-0.060164093981023,-1.03880685268033,-3.33835869278386,-3022.50437913307,-0.568121978103478
0.51,-9.478125,-1.77306408522285,-2.8553363628,50,-1.71031037445326,-2.83141680365951,-4561.80098200377,-0.062753710769589,-1.22913586600874,-3.30537719652202,-3490.20948042186,-0.54392821921411
0.511,-9.418125,-1.93484744670455,-2.80533636408,50,-1.87121056952595,-2.7850595385794,-4616.44798826944,-0.0636368771786072,-1.41745337468678,-3.26814393464753,-3903.9528639556,-0.517394072017777
0.512,-9.358125,-2.09352231321674,-2.75533636536,50,-2.02944234462141,-2.73827137480252,-4667.14785359904,-0.0640799685953271,-1.60353018146768,-3.22716194520044,-4261.15112280712,-0.489992131749047
0.513,-9.298125,-2.25219717972892,-2.70533636664,50,-2.18498207050743,-2.69108929391847,-4691.03158641801,-0.0672151092214957,-1.78716656960852,-3.18295725385555,-4545.84032550263,-0.465030610120398
0.514,-9.238125,-2.40356708306269,-2.65533636416,50,-2.33781426256346,-2.64376061491785,-4746.93045496221,-0.0657528204992353,-1.96819714552285,-3.13620193911745,-4822.87187373204,-0.435369937539846
0.515,-9.178125,-2.55478156164799,-2.6053363616,50,-2.4879220899178,-2.59599102577907,-4776.1460925352,-0.0668594717301945,-2.14647790076945,-3.08697040487349,-5038.79536694548,-0.408303660878534
0.516,-9.118125,-2.70319839476072,-2.55533636048,50,-2.63528734250665,-2.54802669563779,-4802.4991941178,-0.0679110522540759,-2.32188317405091,-3.03582868337003,-5222.00571029265,-0.381315220709819
0.517,-9.058125,-2.84695248541916,-2.50533636176,50,-2.77989962559144,-2.49989426167367,-4840.34810127829,-0.0670528598277104,-2.49431222641649,-2.98308069637612,-5390.84758793624,-0.352640259002679
0.518,-8.998125,-2.99070657607758,-2.45533636304,50,-2.92174628515588,-2.45148822303632,-4852.85272161177,-0.0689602909217036,-2.66367688391903,-2.92886112348772,-5511.95434091844,-0.327029692158557
0.519,-8.938125,-3.12870995104237,-2.40533636432,50,-3.06081833671123,-2.40304217125178,-4887.00521433931,-0.0678916143311364,-2.82990547733965,-2.87361140880986,-5635.34407155302,-0.298804473702716
0.52,-8.878125,-3.26500365377393,-2.3553363656,50,-3.19710778392384,-2.35435700791442,-4909.08882896028,-0.0678958698500962,-2.99293842794123,-2.81731214566792,-5729.93557474046,-0.272065225832696
0.521,-8.818125,-3.40005395851767,-2.30533636624,50,-3.33060411820906,-2.30554413732572,-4917.40151160453,-0.0694498403086078,-3.15272323770848,-2.76022990455452,-5796.32177000372,-0.247330720809196
0.522,-8.758125,-3.52888727332235,-2.25533636368,50,-3.46130365762601,-2.2567304500061,-4951.35207240216,-0.0675836156963357,-3.30922251388318,-2.70262538791843,-5875.90935200489,-0.219664759439164
0.523,-8.698125,-3.65772058812702,-2.20533636112,50,-3.58919959828154,-2.20768007874249,-4960.29453763464,-0.0685209898454811,-3.46240287610817,-2.64437795252871,-5919.7910901577,-0.195317712018863
0.524,-8.638125,-3.78235743472284,-2.15533636072,50,-3.71428498084267,-2.1586234648742,-4979.52633178336,-0.0680724538801709,-3.61223692705372,-2.58581708867284,-5964.7771266864,-0.170120507669127
0.525,-8.578125,-3.90373036160065,-2.105336362,50,-3.83655673605013,-2.10946595625124,-5000.43825362967,-0.0671736255505156,-3.75870643145956,-2.52693312261988,-6003.57385193554,-0.145023930141085
0.526,-8.518125,-4.02510328847845,-2.05533636328,50,-3.95600864472502,-2.06019225208566,-4998.2468360693,-0.0690946437534285,-3.90179452253907,-2.46778349684202,-6012.54148307097,-0.123308765939366
0.527,-8.458125,-4.13932667692633,-2.00533636456,50,-4.0726401436424,-2.01101508320309,-5030.14773195816,-0.0666865332839302,-4.04149385268115,-2.40864305077766,-6049.86945672353,-0.0978328242451693
0.528,-8.398125,-4.25323921587726,-1.95533636584,50,-4.18644777418986,-1.96162065069011,-5039.54653950643,-0.0667914416873984,-4.17779747276854,-2.3492508550471,-6059.82645777326,-0.0754417431087231
0.529,-8.338125,-4.36450953410409,-1.90533636576,50,-4.29742502838937,-1.91221631051808,-5047.36755049527,-0.0670845057147257,-4.31069818369619,-2.28985911281026,-6064.08592424076,-0.0538113504078947
0.53,-8.278125,-4.47096168512814,-1.8553363632,50,-4.40557175485879,-1.86281659377222,-5070.17372263766,-0.0653899302693524,-4.44019751307279,-2.23052024068239,-6079.86064093326,-0.0307641720553535
0.531,-8.218125,-4.57741383615219,-1.80533636064,50,-4.51088426879779,-1.81328362980361,-5069.48200071504,-0.0665295673544035,-4.5662954528187,-2.17112821641274,-6069.23081820122,-0.0111183833334958
0.532,-8.158125,-4.67827069623109,-1.75533636096,50,-4.61336113473833,-1.76383380577083,-5090.8860458197,-0.0649095614927749,-4.68899591909658,-2.11192604414985,-6078.27795229228,0.0107252228654776
0.533,-8.098125,-4.77726245932828,-1.70533636224,50,-4.71300128898278,-1.71426371175035,-5102.9799951838,-0.0642611703454962,-4.80830459512466,-2.05273240162033,-6076.01829677792,0.0310421357963737
0.534,-8.038125,-4.87516624886526,-1.65533636352,50,-4.80980029968322,-1.66465918704144,-5101.34599489043,-0.065365949182057,-4.92422494926598,-1.99365129806746,-6058.39886800979,0.049058700400722
0.535,-7.978125,-4.9666976218354,-1.6053363648,50,-4.90375981378184,-1.61514658214853,-5127.75508760605,-0.0629378080535609,-5.03676747276257,-1.93482386896977,-6067.50572442216,0.0700698509271656
0.536,-7.918125,-5.05822899480555,-1.55533636608,50,-4.9948777027605,-1.56546775814023,-5130.0561043867,-0.0633512920450597,-5.14593964483049,-1.87600383930818,-6051.45930636097,0.087710650024945
0.537,-7.858125,-5.14571932550706,-1.50533636528,50,-5.08315080428487,-1.51584476695475,-5142.26820986656,-0.0625685212222,-5.25174851850938,-1.81742260773873,-6044.51260585284,0.106029193002308
0.538,-7.798125,-5.22979031275049,-1.45533636272,50,-5.1685797026885,-1.4661863400352,-5158.19788503204,-0.061210610061987,-5.35420536699155,-1.75899608672289,-6040.67305536276,0.124415054241047
0.539,-7.738125,-5.31386129999392,-1.40533636016,50,-5.25116138942202,-1.41645833066585,-5151.60301369073,-0.0626999105718969,-5.45331822874668,-1.70069545067913,-6013.87089313738,0.139456928752758
0.54,-7.678125,-5.39093817355591,-1.3553363612,50,-5.33089781737717,-1.36686807252737,-5178.44158901645,-0.0600403561787433,-5.54910036290195,-1.64273176051372,-6020.21160137707,0.158162189346053
0.541,-7.618125,-5.46754877287246,-1.30533636248,50,-5.40778806126257,-1.317107764396,-5184.57052705467,-0.0597607116098888,-5.64156232491795,-1.58479957955225,-6005.67797381809,0.174013552045471
0.542,-7.558125,-5.54167257621339,-1.25533636376,50,-5.4818278437264,-1.26736819851228,-5188.32084835761,-0.0598447324870003,-5.73071142039209,-1.52709090284482,-5988.70813472371,0.189038844178703
0.543,-7.498125,-5.61082278760307,-1.20533636504,50,-5.55301897920048,-1.2176712259997,-5208.72473870389,-0.057803808402587,-5.81656108733964,-1.46962779710595,-5988.42507332452,0.205738299736572
0.544,-7.438125,-5.67997299899275,-1.15533636632,50,-5.62135951698947,-1.16786356800332,-5205.88733430161,-0.0586134820032739,-5.89912098705939,-1.41225636334585,-5965.01058545156,0.219147988066637
0.545,-7.378125,-5.74368333937291,-1.1053363648,50,-5.68684924568646,-1.11815921599734,-5224.20562285983,-0.0568340936864407,-5.97840246443049,-1.35518926859651,-5962.92605417531,0.234719125057597
0.546,-7.318125,-5.80537315623524,-1.05533636224,50,-5.74948850389465,-1.06836337748223,-5234.76049959137,-0.055884652340575,-6.05441732154402,-1.29822980553177,-5953.30614381413,0.249044165308791
0.547,-7.258125,-5.86613042708188,-1.005336360112,50,-5.80927410001494,-1.0185476176509,-5230.5718665292,-0.0568563270669537,-6.12717370649087,-1.24144713281011,-5929.21532649465,0.261043279408992
0.548,-7.198125,-5.92035987581876,-0.955336361007998,50,-5.86620877933265,-0.968847607671469,-5255.90699103826,-0.0541510964861193,-6.19668555472203,-1.1849741087505,-5934.95748402403,0.27632567890327
0.549,-7.138125,-5.97458932455564,-0.905336361903996,50,-5.92029138738716,-0.918991549562026,-5257.22676921088,-0.0542979371684928,-6.26296273125293,-1.12853579002892,-5917.02325422895,0.288373406697284
0.55,-7.078125,-6.02493314541328,-0.855336362199998,50,-5.97151931970715,-0.869200626383465,-5267.37429785344,-0.0534138257061227,-6.32601346317441,-1.07234994561547,-5908.27954593746,0.301080317761129
0.551,-7.018125,-6.07170218862202,-0.805336361943999,50,-6.01989397870992,-0.819393521872319,-5282.66096907777,-0.0518082099121012,-6.38584978272862,-1.01633163137714,-5905.05645448903,0.314147594106589
0.552,-6.958125,-6.11847123183076,-0.755336361687998,50,-6.0654130835165,-0.769522980997901,-5275.46390178456,-0.053058148314254,-6.44247982623146,-0.960429797967205,-5879.74540765056,0.324008594400686
0.553,-6.89812499999999,-6.15840159014015,-0.705336361783996,50,-6.10807892813513,-0.719795952480937,-5300.57150678444,-0.0503226620050257,-6.49591608388501,-0.904847474029971,-5887.14535229565,0.337514493744852
0.554,-6.838125,-6.19771024982233,-0.655336361911998,50,-6.1478912146073,-0.669915010892174,-5306.35128256883,-0.0498190352150442,-6.54616822671794,-0.849283223204105,-5875.63109072938,0.348457976895599
0.555,-6.778125,-6.23468753965246,-0.605336362039999,50,-6.18484622525196,-0.620058210825658,-5308.59280876307,-0.0498413144005062,-6.59324227447999,-0.793911028173428,-5860.99674405917,0.358554734827527
0.556,-6.718125,-6.26653581580809,-0.555336362167998,50,-6.2189462747476,-0.570258066758258,-5328.84274843666,-0.0475895410604722,-6.63715004496101,-0.738759296034415,-5864.79116282564,0.370614229152922
0.557,-6.65812499999999,-6.29838409196371,-0.505336362295996,50,-6.25018986042008,-0.520348813469165,-5325.83390988518,-0.0481942315436233,-6.67789930286856,-0.683658140427565,-5845.74734340208,0.379515210904838
0.558,-6.598125,-6.32494791420356,-0.455336362151997,50,-6.27857686571362,-0.470544600837344,-5342.80098136269,-0.0463710484899464,-6.71549896303808,-0.628817594750604,-5847.09847052287,0.390551048834508
0.559,-6.538125,-6.34933578483105,-0.405336361895999,50,-6.30410803948775,-0.42066148767751,-5353.34182891765,-0.0452277453432998,-6.74995857044241,-0.57404962154993,-5842.43948210706,0.400622785611374
0.56,-6.478125,-6.37294653446634,-0.355336361679997,50,-6.32678055827808,-0.370758717545567,-5347.94048051543,-0.0461659761882579,-6.78128386398521,-0.519409401401142,-5822.2502847984,0.408337329518863
0.561,-6.41812499999999,-6.38987404356885,-0.305336361807995,50,-6.34659749843043,-0.32098298911263,-5373.38354238808,-0.0432765451384209,-6.80948625085534,-0.465039614208825,-5833.31237073967,0.419612207286486
0.562,-6.358125,-6.40680155267135,-0.255336361935997,50,-6.36355800388594,-0.271050336889535,-5374.76380344247,-0.0432435487854197,-6.83457297710496,-0.410652328995996,-5820.71259539898,0.427771424433612
0.563,-6.298125,-6.41999885900979,-0.205336362063999,50,-6.37765943254768,-0.221182381875685,-5383.7657414758,-0.0423394264621142,-6.85654927728236,-0.356465262008382,-5816.12883368298,0.436550418272578
0.564,-6.238125,-6.42946596258415,-0.155336362191997,50,-6.38890347964623,-0.1713089043622,-5399.22097526306,-0.0405624829379224,-6.87542450145104,-0.302404355582386,-5818.38556143625,0.445958538866896
0.565,-6.17812499999999,-6.43893306615852,-0.105336362319995,50,-6.39728812817647,-0.121370542588019,-5392.139283996,-0.041644937982047,-6.89120406959324,-0.248406481666019,-5798.48498645695,0.452271003434714
0.566,-6.118125,-6.44171690949034,-0.0553363622415971,50,-6.4028156032704,-0.0715747368342442,-5416.15114993776,-0.0389013062199402,-6.90389743019851,-0.194675389744033,-5810.04968720389,0.462180520708165
0.567,-6.058125,-6.44372362953815,-0.00533636213919888,50,-6.4054858714201,-0.0216352054127237,-5422.14486306556,-0.03823775811803,-6.91351156389644,-0.140921185767654,-5803.95979998229,0.469787934358311
0.568,-5.998125,-6.44355439797358,0.044663637940803,50,-6.40529545300835,0.0282820618958692,-5423.37752631507,-0.0382589449652429,-6.92004980054368,-0.0873063277698769,-5793.46409498237,0.476495402570087
0.569,-5.93812499999999,-6.43810071249325,0.0946636379664049,50,-6.40224687751131,0.0781332979420293,-5443.91813073948,-0.0358538349819488,-6.92352127908904,-0.0338711332879957,-5802.62311201569,0.485420566595794
0.57,-5.878125,-6.43264702701291,0.144663637992003,50,-6.39633883649729,0.128096238133022,-5441.13379754142,-0.036308190515637,-6.92393110530586,0.0195654995991451,-5788.79545424395,0.49128407829295
0.571,-5.818125,-6.42206434298416,0.194663637912001,50,-6.38757108228459,0.177956119901297,-5457.10261085587,-0.0344932606995619,-6.92128525522492,0.0727920912538108,-5794.05066494566,0.499220912240754
0.572,-5.758125,-6.40915029597885,0.244663637784003,50,-6.37594457251937,0.227885631935324,-5467.94478275173,-0.0332057234594758,-6.91559072450367,0.125984529629868,-5794.50042980527,0.506440428524823
0.573,-5.69812499999999,-6.39561454851286,0.294663637688005,50,-6.36145667195378,0.277837501207141,-5461.61316425728,-0.0341578765590869,-6.90685073499039,0.17909865756315,-5778.08911941159,0.51123618647752
0.574,-5.638125,-6.37524009597941,0.344663637944003,50,-6.34411062693944,0.327653694191436,-5487.41794636558,-0.0311294690399705,-6.8950742139805,0.231979474542514,-5794.11851670206,0.519834118001096
0.575,-5.578125,-6.35486564344596,0.394663638200001,50,-6.32390573524186,0.377630076072003,-5489.08691860314,-0.0309599082041058,-6.88026596875507,0.284925796710632,-5786.30809760038,0.525400325309114
0.576,-5.518125,-6.33091643434846,0.444663638272003,50,-6.30083918707459,0.42754434910524,-5497.14882984696,-0.0300772472738749,-6.86242853228791,0.337718196223654,-5785.17841012589,0.531512097939448
0.577,-5.458125,-6.30308162029003,0.494663638143998,50,-6.27491285332783,0.477455424598719,-5512.95819531313,-0.0281687669621934,-6.84156895608519,0.390418374392665,-5792.07589640496,0.538487335795166
0.578,-5.398125,-6.2752468062316,0.544663638016,50,-6.24612487514153,0.527434584087472,-5506.15997209044,-0.0291219310900638,-6.81769040429906,0.443100324159282,-5776.63758040411,0.542443598067465
0.579,-5.338125,-6.24088413733605,0.594663637887998,50,-6.21447731308267,0.577273732225369,-5529.2288778957,-0.026406824253377,-6.79079980736775,0.495558584396553,-5791.33039644858,0.549915670031716
0.58,-5.278125,-6.20558891774948,0.644663637759996,50,-6.1799703111956,0.62724786361706,-5535.57564122991,-0.0256186065538883,-6.76090203044566,0.548070708238066,-5789.55744704396,0.555313112696169
0.581,-5.218125,-6.16827317166571,0.694663637735998,50,-6.14260054880108,0.677202925327769,-5535.92637896264,-0.0256726228646224,-6.72799832949414,0.600485127153101,-5782.03738632039,0.559725157828433
0.582,-5.158125,-6.125517546551,0.744663637992,50,-6.10237069798058,0.727083783479967,-5556.8737292531,-0.0231468485704326,-6.69209581296664,0.652749119160162,-5795.35555726385,0.566578266415647
0.583,-5.098125,-6.0827619214363,0.794663638247998,50,-6.05927957853461,0.777080041924701,-5554.42044935125,-0.0234823429016826,-6.65319760087396,0.705054629152291,-5785.50759249874,0.570435679437679
0.584,-5.038125,-6.03503272197161,0.844663638247996,50,-6.01332675112151,0.82697623599375,-5569.48930676583,-0.0217059708500906,-6.61130742193467,0.757188464328093,-5793.40930730611,0.57627469996308
0.585,-4.978125,-5.98481673533192,0.894663638119998,50,-5.96451332641964,0.876933724450205,-5580.72360378912,-0.0203034089122882,-6.56643042665216,0.809314187835601,-5797.69722502775,0.581613691320232
0.586,-4.918125,-5.93413447334672,0.944663637968,49.9425871448,-5.91283680588,0.926917134332167,-5567.30515142462,-0.0212976674667146,-6.51856803188506,0.861398565314711,-5783.78707879439,0.584433558538339
0.587,-4.858125,-5.8764580811789,0.994663637455998,49.0239814616,-5.8583022029584,0.976699620167059,-5494.67879726776,-0.0181558782204898,-6.46772740104277,0.913274238663382,-5803.50665169088,0.591269319863874
0.588,-4.798125,-5.81878168901108,1.044663636944,48.1053757784001,-5.80093662570215,1.02573678069066,-5413.35642563002,-0.0178450633089427,-6.41391161925529,0.965250924789009,-5799.21347172222,0.595129930244221
0.589,-4.738125,-5.75776775626554,1.09356721064,46.3247593896001,-5.7407850369378,1.07394976779639,-5237.89443717407,-0.0169827193277313,-6.35712123221745,1.01710754979543,-5781.21986338726,0.599353475951917
0.59,-4.678125,-5.6928094573827,1.1411750084,43.525403076,-5.67791943321955,1.12047377447831,-4967.54121706653,-0.014890024163154,-6.29736672448636,1.06871825583641,-5752.91952992939,0.604557267103661
0.591,-4.618125,-5.62785115849987,1.18878280616,40.7260467624001,-5.6124615205881,1.16443841932488,-4720.79407136212,-0.0153896379117769,-6.23466489170751,1.11998860221521,-5708.23902306622,0.606813733207629
0.592,-4.558125,-5.55728987045679,1.23016373712,37.2895431016002,-5.54455160439757,1.20606484523145,-4363.01720516924,-0.012738266059212,-6.16903953710775,1.17076841889399,-5587.16940856066,0.611749666650961
0.593,-4.498125,-5.48577197450829,1.27048154448,33.7442581864001,-5.47435281395616,1.2443352030089,-4021.99158052253,-0.0114191605521227,-6.10053887734498,1.22035568640346,-5453.88644732214,0.614766902836708
0.594,-4.438125,-5.4129223416641,1.30849122384,30.3048384232,-5.40205287381277,1.27940880598505,-3701.64912215917,-0.0108694678513246,-6.02923440645606,1.2686398904049,-5292.65770211347,0.616312064791954
0.595,-4.378125,-5.33607749813286,1.3395765192,27.1830141160001,-5.3278293513088,1.31148089425963,-3365.38251965246,-0.00824814682406583,-5.95520809202609,1.31536594943422,-5050.71910680256,0.619130593893228
0.596,-4.318125,-5.25923265460163,1.37066181456,24.0611898088002,-5.25185828426561,1.34040961805433,-3068.88067321628,-0.00737437033602405,-5.87857041193299,1.35979374799518,-4827.8519347274,0.619337757331352
0.597,-4.258125,-5.17978403233075,1.39649664488,21.1998746712001,-5.17430915420029,1.36656568533994,-2766.71119886259,-0.00547487813045222,-5.79944791827386,1.40210230548528,-4553.2098177271,0.619663885943102
0.598,-4.198125,-5.09890753139621,1.41945218792,18.4814194008,-5.09534219327452,1.3899012515572,-2479.1565456776,-0.00356533812168921,-5.71797558634936,1.44181857723486,-4266.82561121059,0.619068054953157
0.599,-4.138125,-5.0179103220969,1.44211275976,15.7787802548801,-5.0151150271626,1.41055514483752,-2224.91910062508,-0.0027952949342945,-5.63430492283528,1.47883855406329,-4005.24943553417,0.616394600738388
0.6,-4.078125,-4.93413682040779,1.457988994,13.4399119720001,-4.93377240422536,1.42883804008877,-1948.44590985742,-0.000364416182438992,-5.54858375590487,1.5133946491114,-3676.44663121887,0.614446935497068
0.601,-4.018125,-4.85036331871868,1.47386522824,11.1010436891201,-4.85145592782691,1.44454904349732,-1707.92801081802,0.00109260910822282,-5.46097086446821,1.5448721964125,-3385.23701161369,0.610607545749542
0.602,-3.958125,-4.76575224138111,1.48707673552,8.91671889519997,-4.76830336591459,1.45802293017943,-1477.02708902449,0.00255112453348422,-5.37163259153593,1.5736218250149,-3088.43170757553,0.605880350154803
0.603,-3.898125,-4.68006428106697,1.49686216528,6.93109287280004,-4.68444026184151,1.46935164385667,-1248.92661253445,0.00437598077453978,-5.28072658900704,1.59959628289582,-2776.99678736969,0.600662307940068
0.604,-3.838125,-4.59437632075284,1.50664759504,4.94546685040011,-4.59998869162539,1.47856427364401,-1052.00515401571,0.00561237087255028,-5.18841559501221,1.62266527910114,-2503.89425600261,0.594039274259388
0.605,-3.778125,-4.50779311434217,1.51212394,3.23092879408003,-4.51506158641893,1.48595094643681,-845.931414488837,0.00726847207676563,-5.09485584832135,1.64318597507375,-2198.52401851419,0.587062733979174
0.606,-3.718125,-4.42103085871219,1.516738468,1.57060833097597,-4.42976589695181,1.49143029148313,-661.914864763866,0.0087350382396155,-5.00020174712294,1.66086545778272,-1919.58241077429,0.579170888410742
0.607,-3.658125,-4.33418473902057,1.52036213712,-0.0217409020319782,-4.34420500695476,1.49520819128716,-495.878526091356,0.0100202679342032,-4.90460898923865,1.67595127450228,-1661.18904926223,0.570424250218092
0.608,-3.598125,-4.24705653112155,1.52065291728,-1.38545963380793,-4.25847158763292,1.4974527010307,-325.247452148708,0.0114150565113797,-4.80822064990561,1.68863648928001,-1383.26340597386,0.561164118784062
0.609,-3.538125,-4.15992832322253,1.52094369744,-2.74917836558398,-4.17265463866723,1.49812392590388,-180.452554986064,0.0127263154447057,-4.71117931482611,1.69874512605659,-1143.77831772013,0.551250991603592
0.61,-3.478125,-4.07293858776343,1.5190148808,-3.94550898120003,-4.08683742338234,1.4974619973246,-37.9014964721264,0.0138988356189057,-4.61362236521905,1.70663483163423,-899.376362922245,0.540683777455621
0.611,-3.418125,-3.9860319357683,1.51575430608,-5.04140672711999,-4.00109567525942,1.49548962499629,94.1485753021191,0.0150637394911196,-4.51567813383945,1.71226381018408,-667.071912976811,0.529646198071147
0.612,-3.358125,-3.8991398549608,1.51243427512,-6.13231424807996,-3.91550165135915,1.49230544918476,205.275099083265,0.0163617963983598,-4.41747286199333,1.71574686287768,-467.794786616021,0.518333007032529
0.613,-3.298125,-3.81293261997171,1.50631980088,-6.98868119591999,-3.83011921447493,1.48810384482696,324.346924806013,0.0171865945032167,-4.31912070218647,1.71739116727709,-246.204843245055,0.506188082214753
0.614,-3.238125,-3.72672538498262,1.50020532664,-7.84504814376002,-3.74500870785873,1.48281329215926,423.063155097592,0.0182833228761238,-4.22073280606663,1.71699429552566,-58.6794593523656,0.494007421084002
0.615,-3.178125,-3.64096760925694,1.4931616364,-8.61300355719999,-3.66022711036625,1.47662275052952,513.565164303389,0.0192595011093108,-4.12241705570039,1.71487280539364,118.297118712118,0.481449446443443
0.616,-3.118125,-3.55583907650003,1.48481704376,-9.25718282247997,-3.57582378265838,1.46960918575461,600.533479552341,0.0199847061583394,-4.02426940761244,1.71112641905313,293.282689405701,0.468430331112405
0.617,-3.058125,-3.47071054374311,1.47647245112,-9.90136208775999,-3.49184491259963,1.46180638350481,671.043375854527,0.0211343688565132,-3.92638236459435,1.70577597236106,439.333419440588,0.455671820851245
0.618,-2.998125,-3.38669532266523,1.46676484592,-10.3942953376,-3.40833134733032,1.45336698455251,742.191872967643,0.021636024665079,-3.82884013522372,1.69909015214505,591.612795478932,0.442144812558494
0.619,-2.938125,-3.30293701966712,1.45674269936,-10.8523256608,-3.32531970119717,1.44428610049515,802.209864920679,0.0223826815300487,-3.7317208130969,1.69101372469082,724.547819924743,0.428783793429767
0.62,-2.878125,-3.21950879307113,1.4464720552,-11.276671816,-3.24284376654222,1.43466712628211,852.153318473104,0.0233349734710749,-3.63509891398213,1.68172681347424,840.047132715329,0.415590120910992
0.621,-2.818125,-3.13733485680316,1.43525712016,-11.5730181328,-3.16093169451565,1.42460358170643,901.767272888186,0.0235968377125006,-3.53903914437318,1.67139170329237,958.989937654733,0.401704287570025
0.622,-2.758125,-3.05516092053519,1.42404218512,-11.8693644496,-3.07960885053917,1.41409918724421,939.546904830354,0.0244479300039851,-3.4436024226712,1.65997833872585,1055.12362655975,0.388441502136019
0.623,-2.698125,-2.97403275595639,1.41236099504,-12.0817407792,-2.99889735481409,1.40326350197954,973.727651047748,0.024864598857705,-3.34884446883863,1.64769823493647,1147.27371074987,0.374811712882242
0.624,-2.638125,-2.89358975213945,1.40037432752,-12.2391022896,-2.91881522567006,1.39213014916183,1002.47834587817,0.0252254735305965,-3.2548138549668,1.63458938453342,1230.30606222982,0.361224102827341
0.625,-2.578125,-2.81314674832251,1.38838766,-12.3964638,-2.83937807383633,1.38074954664855,1022.23295238643,0.0262313255138239,-3.16155562486412,1.62073695521488,1295.03851579005,0.348408876541628
0.626,-2.518125,-2.73452281748355,1.37599119536,-12.4356487728,-2.76059768368371,1.36920484168929,1041.99223575847,0.026074866200171,-3.06910752631434,1.60631045858903,1364.57503460803,0.334584708830771
0.627,-2.458125,-2.6558988866446,1.36359473072,-12.4748337456,-2.68248345153556,1.3574962456157,1053.99866632756,0.0265845648909658,-2.97750369162254,1.59126658705982,1417.39530424946,0.321604804977945
0.628,-2.398125,-2.57801012253625,1.35115787512,-12.4747020336,-2.60504271703713,1.34569533870478,1061.32077175096,0.0270325945008769,-2.88677506060659,1.57576008705078,1462.06325767652,0.308764938070334
0.629,-2.338125,-2.50124345501669,1.33865937016,-12.4145606448,-2.52827953050735,1.33384535982968,1065.66576549693,0.0270360754906518,-2.79694597075398,1.55986667694523,1502.92949762955,0.295702515737281
0.63,-2.278125,-2.42447678749714,1.3261608652,-12.354419256,-2.45219591673436,1.32197377447937,1064.55052304036,0.0277191292372204,-2.70803757121799,1.54362193221777,1530.98108529484,0.283560783720849
0.631,-2.218125,-2.34917722938234,1.31378634664,-12.2290029264,-2.37679167361551,1.31013085031696,1060.64487162042,0.027614444233165,-2.62006659895167,1.52714429223812,1557.00255487094,0.270889369569322
0.632,-2.158125,-2.27426375268986,1.30144445608,-12.0864089808,-2.30206442481657,1.29834221468006,1053.05456293757,0.0278006721266992,-2.53304585246938,1.51045279508034,1574.64704475575,0.258782099779524
0.633,-2.098125,-2.19969036375978,1.28917219168,-11.93115282,-2.22801009111436,1.28664168226828,1041.90249613736,0.0283197273545797,-2.44698536754701,1.49362484043622,1584.17388632854,0.247295003787227
0.634,-2.038125,-2.12659068846687,1.27720164064,-11.72102706,-2.15462268973902,1.2750618846963,1027.79316687022,0.0280320012721482,-2.36189081707118,1.47673532217932,1591.39876780436,0.235300128604305
0.635,-1.978125,-2.05349101317397,1.2652310896,-11.5109013,-2.0818945290371,1.26362984163981,1011.22474447623,0.0284035158631395,-2.27776511893743,1.45980551376614,1590.67954832327,0.224274105763459
0.636,-1.918125,-1.98140941512807,1.25357973856,-11.26897986,-2.00981650173936,1.25236794773609,991.452824098702,0.0284070866112717,-2.19460848606073,1.44290856337523,1585.51164811605,0.213199070932644
0.637,-1.858125,-1.91005501511575,1.24215638752,-11.00434722,-1.93837802225699,1.24130541143539,969.387909074325,0.0283230071412441,-2.1124178647772,1.42608534793933,1575.95790126256,0.202362849661432
0.638,-1.798125,-1.83870061510344,1.23073303648,-10.73971458,-1.86756707275003,1.23046301928418,946.319325717471,0.0288664576465961,-2.03118787772296,1.40937610295841,1561.11635301655,0.19248726261952
0.639,-1.738125,-1.76896481701209,1.2199844776,-10.43269201208,-1.79737078513576,1.21984966380769,918.675113424731,0.0284059681236724,-1.95091060627668,1.39282929955107,1542.65123447323,0.181945789264588
0.64,-1.678125,-1.69926345725949,1.209250276,-10.1247675308,-1.72777484079412,1.20950708578528,891.001551062112,0.0285113835346298,-1.87157579540457,1.37647802277961,1520.42319152299,0.172312338145095
0.641,-1.618125,-1.63014027343492,1.1988167824,-9.80417607656,-1.65876372960792,1.19943513553254,861.395264940574,0.028623456173013,-1.79317125917925,1.36035658848229,1494.36243987509,0.163030985744337
0.642,-1.558125,-1.56198071615707,1.1888844688,-9.46247300071998,-1.59032144837538,1.18965117463501,828.869356537999,0.028340732218316,-1.71568282865204,1.34449990132329,1464.68129522985,0.15370211249497
0.643,-1.498125,-1.49382115887924,1.1789521552,-9.12076992488,-1.52243073981248,1.18018161723418,797.494904008332,0.0286095809332429,-1.63909439249226,1.32894085856013,1433.25654559158,0.145273233613015
0.644,-1.438125,-1.42675278587956,1.16970576832,-8.75914813880001,-1.45507390736501,1.17101538261059,761.699803266687,0.0283211214854593,-1.56338845060334,1.31369504000992,1397.12812086252,0.136635664723785
0.645,-1.378125,-1.36000881901664,1.1606633056,-8.39160457399999,-1.38823242027821,1.16219267057749,726.177026835876,0.0282236012615677,-1.48854583076498,1.29880523398597,1359.51593754656,0.128537011748341
0.646,-1.318125,-1.29347781900772,1.15178036672,-8.02083817911998,-1.32188668318527,1.1537104432912,691.226823529574,0.0284088641775595,-1.41454575971012,1.28428453924786,1320.7071324275,0.121067940702417
0.647,-1.258125,-1.22801165326882,1.14369504704,-7.63395763383999,-1.25601735377388,1.14556290532763,651.151817997017,0.0280057005050547,-1.3413667899277,1.27014339259369,1276.69437565301,0.11335513665887
0.648,-1.198125,-1.16254548752993,1.13560972736,-7.24707708856001,-1.19060391992416,1.1377966860988,614.071363712378,0.0280584323942244,-1.26898582021136,1.25642908207916,1233.87597921986,0.106440332681427
0.649,-1.138125,-1.09771563675495,1.12809112904,-6.85225596639999,-1.12562533985979,1.13038364468919,574.046965542918,0.0279097031048422,-1.1973787283914,1.24312995799312,1187.47703927484,0.0996630916364465
0.65,-1.078125,-1.03338069761857,1.121013314,-6.45125883999998,-1.06106061775733,1.12335031795693,532.93199358275,0.0276799201387503,-1.12652080078365,1.2302783177969,1139.28390194688,0.0931401031650754
0.651,-1.018125,-0.969045758482189,1.11393549896,-6.05026171359999,-0.99688772699702,1.11670615062314,495.42393632956,0.0278419685148388,-1.05638594544029,1.2178899745064,1093.46035572108,0.0873401869581038
0.652,-0.958125000000001,-0.905648224226942,1.10785843416,-5.63966234848001,-0.933085338308647,1.11041735587544,450.26869276866,0.0274371140817038,-0.986948262507109,1.20594240977328,1040.01983625938,0.0813000382801593
0.653,-0.898124999999998,-0.842291446705652,1.10182488024,-5.22864549471999,-0.869631090626016,1.10455373700036,409.182284273601,0.0273396439203536,-0.918180509271583,1.19450501654455,989.709733112924,0.075889062565937
0.654,-0.838124999999996,-0.779225226487187,1.09617041136,-4.81519168143997,-0.806501714430234,1.09907720169269,367.708166734483,0.0272764879430567,-0.85005430276781,1.18354820422427,938.474359626798,0.0708290762806335
0.655,-0.778124999999998,-0.716688846056229,1.0912072152,-4.39729400079999,-0.743674946469894,1.09399071689611,322.388705779586,0.0269861004136623,-0.782541885213054,1.17307974039915,883.196179544793,0.0658530391568365
0.656,-0.718125000000001,-0.654152465625271,1.08624401904,-3.97939632016,-0.681127442335845,1.08932905519175,282.120282478501,0.0269749767105753,-0.715614232459874,1.16313606194972,832.359136592744,0.0614617668346061
0.657,-0.658124999999998,-0.592110605232298,1.0820970264,-3.55810106319999,-0.618836211576245,1.0850450885574,235.893702127459,0.0267256063439469,-0.649242470332487,1.15367549699705,775.459238269885,0.0571318651001871
0.658,-0.598124999999996,-0.530233584851988,1.0782221016,-3.13567328079997,-0.556778060293538,1.08119304661056,191.721015409041,0.0265444754415493,-0.583397341989072,1.14475307498462,720.321259406348,0.0531637571370824
0.659,-0.538124999999998,-0.468428912127494,1.07450760448,-2.71283792143999,-0.494928801530753,1.07775336404655,150.717427666971,0.02649988940326,-0.518048502378725,1.13635175213185,668.070204515769,0.0496195902512224
0.66,-0.478125,-0.407047989958464,1.0717327552,-2.2876153256,-0.433265662395694,1.07469624599775,101.86645499223,0.0262176724372232,-0.45316687873727,1.1284441610345,607.99284922724,0.0461188887787961
0.661,-0.418124999999998,-0.345667067789429,1.06895790592,-1.86239272975999,-0.371764672282361,1.07209329543052,59.43845701479,0.0260976044929254,-0.388722141538371,1.12110153837201,554.14160208445,0.0430550737489372
0.662,-0.358124999999996,-0.284465662831626,1.06678287248,-1.43635748311997,-0.310401522320799,1.06988471701807,13.7791437917959,0.0259358594891853,-0.32468358651885,1.11426572824836,497.026045613198,0.0402179236872157
0.663,-0.298124999999998,-0.223416157052562,1.06511537552,-1.00963460887999,-0.249152782515433,1.0680996275838,-33.0874217908252,0.0257366254628797,-0.261021337620568,1.10796597674993,438.707173079145,0.0376051805679955
0.664,-0.238125,-0.162366651273499,1.06344787856,-0.582911734640001,-0.187993889355707,1.06674847744153,-73.3289809176922,0.0256272380822113,-0.197704387603313,1.10221252349364,386.987285404121,0.0353377363298144
0.665,-0.178124999999998,-0.101472676583875,1.062822182,-0.155747635399985,-0.126901745310946,1.06576964392593,-124.213348979855,0.0254290687270694,-0.134703199373721,1.09694381105651,324.695920718133,0.0332305227898559
0.666,-0.118124999999996,-0.0405890706335462,1.0622659388,0.271445878840031,-0.0658522297172734,1.06526046378846,-168.61149878944,0.0252631590837324,-0.0719872346285666,1.09225634567876,268.951507534621,0.031398163995027
0.667,-0.0581249999999933,0.0202945353167821,1.0620805244,0.698482513080048,-0.00482016378436821,1.06516053585845,-212.477187670908,0.0251146991011514,-0.00952494169269231,1.08808899447364,213.815528427604,0.0298194770094846
0.668,0.00187500000000007,0.0811781412671014,1.0626367676,1.12520538732,0.056217742403771,1.06546432715445,-261.949093572344,0.0249603988633304,0.0527132963263475,1.08443535367067,153.165059110186,0.028464844940743
0.669,0.0618750000000023,0.14206174721743,1.0631930108,1.55192826156002,0.117286079905903,1.06622278910822,-303.545203276603,0.0247756673115155,0.114758343457844,1.08134536032867,100.546202853541,0.0273034037595806
0.67,0.121875000000005,0.203066321792881,1.0645595432,1.97755718280003,0.178408803493028,1.06736275965525,-352.733865824393,0.0246575182998484,0.176640352477469,1.07874424995391,40.3912350374577,0.0264259693154215
0.671,0.181874999999998,0.264115827571939,1.06622704016,2.40277977863999,0.239609756154468,1.06895349894337,-399.108921250542,0.0245060714174769,0.238389298829428,1.07670059700413,-16.7844819610101,0.0257265287425031
0.672,0.241875,0.325206760399753,1.06803295616,2.8276530228,0.300914003464644,1.07096842309551,-440.175413722419,0.0242927569351177,0.300036312504872,1.07518612831282,-68.462730062336,0.0251704478948793
0.673,0.301875000000003,0.386587682568788,1.07080780544,3.25008080520002,0.362344431462433,1.07335803584596,-492.199860309266,0.0242432511063519,0.361610241114255,1.07414944693051,-131.125121929349,0.0249774414545362
0.674,0.361875000000005,0.447968604737823,1.07358265472,3.67250858760003,0.423925379670198,1.07622256960524,-535.107229608576,0.0240432250676322,0.423141333625475,1.07369086640952,-184.385129281402,0.0248272711123399
0.675,0.421875000000007,0.509607911391897,1.07693046,4.09257694200005,0.485681635066616,1.07947741113475,-581.453364688069,0.0239262763252941,0.484660209009925,1.07372298875597,-241.058154221825,0.0249477023819839
0.676,0.481875,0.571484931772198,1.0808053848,4.51047462264,0.547636449631438,1.08315359210262,-629.636438254354,0.0238484821407656,0.546195860218537,1.07427645314224,-299.485397020921,0.0252890715536727
0.677,0.541875000000003,0.633361952152508,1.0846803096,4.92837230328002,0.609814429771557,1.08726735926681,-668.785563743113,0.0235475223809456,0.60777859714277,1.07536659029246,-348.532659704172,0.025583355009736
0.678,0.601875000000005,0.695843385912583,1.08955281648,5.33996255928003,0.672238246905869,1.09173492204638,-720.766921172765,0.0236051390067062,0.669436672843384,1.07690627254679,-410.765979117505,0.0264067130692004
0.679,0.661874999999998,0.758379766343535,1.09451601264,5.75097941303999,0.734931538390491,1.096673788592,-764.675052829402,0.0234482279530451,0.731199299720677,1.07901611483222,-464.562565271964,0.0271804666228593
0.68,0.721875000000001,0.821172520865225,1.0998136956,6.15886510200001,0.797919159230093,1.10200895470571,-806.918484149379,0.0232533616351347,0.793096896630202,1.08161761545473,-516.626060115462,0.0280756242350196
0.681,0.781875000000003,0.884529298386515,1.10584724952,6.55986222840002,0.861223359370577,1.10772449088009,-856.248518678093,0.023305939015935,0.855157154913365,1.08469406790384,-576.088438561576,0.0293721434731509
0.682,0.841875000000005,0.947886075907805,1.11188080344,6.96085935480003,0.924867783270325,1.11388500429106,-895.542348073539,0.0230182926374914,0.91740921626953,1.08831280573335,-624.991048325954,0.0304768596382811
0.683,0.901875000000008,1.01193571790645,1.11865404232,7.35185723624005,0.98887526134,1.12039747213669,-942.744517277563,0.0230604565664482,0.979881344143701,1.09237583852907,-682.40811612696,0.0320543737627591
0.684,0.961875000000001,1.07627065704283,1.12573185736,7.73873778152001,1.05326802778169,1.12733410561383,-986.737717888528,0.0230026292611272,1.04260121910927,1.09696081064771,-736.450761958491,0.0336694379335531
0.685,1.021875,1.14072343228364,1.1329146208,8.12360405800002,1.11806952090352,1.1346647247547,-1023.4686817494,0.0226539113801127,1.10559783354567,1.10203586840123,-782.823619665605,0.0351255987379771
0.686,1.08187500000001,1.20618959802253,1.14099994048,8.49114762280004,1.18330038288719,1.14232190630343,-1072.38513755116,0.0228892151353367,1.16889722407564,1.10752969010613,-842.663492210433,0.0372923739468997
0.687,1.141875,1.27165576376142,1.14908526016,8.85869118759999,1.24898252149507,1.15041725061413,-1110.54710799024,0.0226732422663443,1.23252691488564,1.1135655232148,-890.909471310504,0.0391288488757802
0.688,1.201875,1.33776083006233,1.15764915136,9.21331450792001,1.31513818768941,1.15885113726919,-1150.90029685338,0.0226226423729244,1.2965148811806,1.12003586378988,-942.001303969447,0.0412459488817315
0.689,1.261875,1.40450479692526,1.16669161408,9.55501758376002,1.38178734100385,1.16764320073747,-1192.96475529574,0.022717455921424,1.36088674916539,1.12696622019752,-995.317742192074,0.043618047759874
0.69,1.32187500000001,1.47124876378818,1.1757340768,9.89672065960003,1.44895093857673,1.17680862952505,-1224.89086228129,0.0222978252114484,1.42566944169742,1.13437634578438,-1037.48326685889,0.0455793220907744
0.691,1.38187500000001,1.53926086373114,1.1855736976,10.20816374448,1.51664768401622,1.18625357208227,-1267.74702742862,0.022613179714927,1.49088748728069,1.14216290850352,-1092.9711921177,0.0483733764504533
0.692,1.441875,1.60742042100897,1.1955060112,10.51608822576,1.58489646060259,1.19607815169789,-1302.36001796982,0.0225239604063733,1.55656594871846,1.15044789096282,-1139.28759231315,0.0508544722905029
0.693,1.501875,1.67602967067529,1.2056722088,10.81138592,1.6537168305036,1.20620594272808,-1333.52018408149,0.022312840171692,1.62273094397379,1.15914614258111,-1182.3104223532,0.053298726701489
0.694,1.56187500000001,1.7457310304279,1.2164064104,11.07601856,1.7231252429613,1.2166047092104,-1370.12373331897,0.0226057874666066,1.68940526521912,1.16822672194576,-1232.82722452189,0.0563257652087798
0.695,1.621875,1.81543239018049,1.227140612,11.3406512,1.79313864635426,1.22732411025766,-1396.79675969843,0.022293743826229,1.75661277635943,1.17775798099234,-1271.76465483902,0.0588196138210577
0.696,1.681875,1.88627021511165,1.23834860384,11.56781036,1.86377278015785,1.23827228807599,-1427.38573392214,0.0224974349538034,1.82437622756028,1.18763269094632,-1317.24834787072,0.0618939875513644
0.697,1.741875,1.95762461512397,1.24977195488,11.77793612,1.93504177424635,1.24948491478155,-1454.41042064267,0.0225828408776213,1.8927170071953,1.19791054507577,-1359.11784571414,0.0649076079286618
0.698,1.80187500000001,2.02912445474301,1.26124090592,11.9824342288,2.00695982927655,1.26092878903355,-1473.9236398669,0.0221646254664399,1.96165724326358,1.20855766791147,-1392.13809661567,0.067467211479437
0.699,1.86187500000001,2.10222413003592,1.27321145696,12.1250281744,2.07953820476175,1.27253444689733,-1499.47024860768,0.0226859252741743,2.03121574459369,1.21949207401507,-1436.12496137099,0.0710083854422229
0.7,1.921875,2.17532380532882,1.285182008,12.26762212,2.15278775319989,1.28435714479183,-1516.33242751314,0.022536052128936,2.10141184891498,1.23081421094496,-1468.80815279195,0.0739119564138248
0.701,1.981875,2.24929259379236,1.29733049256,12.3707075488,2.22671861155781,1.29631664955052,-1531.00048257111,0.0225739822345651,2.17226477514774,1.24241948392368,-1501.314028249,0.0770278186446185
0.702,2.04187500000001,2.32420607048486,1.30967238312,12.4308489376,2.30133803393205,1.30839256318337,-1544.21673783774,0.0228680365528079,2.24379068648666,1.25430582278349,-1534.38324576885,0.0804153839981957
0.703,2.101875,2.39911954717734,1.32201427368,12.4909903264,2.37665230225357,1.32057134869854,-1550.4913233846,0.0224672449237611,2.31600582281473,1.26647797461925,-1557.47588172231,0.0831137243626154
0.704,2.161875,2.47565456584351,1.33449320184,12.4642211488,2.45266547652856,1.3327889832832,-1555.89043609971,0.0229890893149482,2.38892391788422,1.27884371187044,-1586.50678417423,0.0867306479593073
0.705,2.221875,2.55242123336306,1.3469917068,12.425036176,2.52937955017955,1.34503735237123,-1556.23294082454,0.0230416831835149,2.46255761981939,1.29145736653144,-1608.06729850864,0.0898636135436665
0.706,2.281875,2.62969090969828,1.35946257584,12.3538450576,2.60679495007657,1.35726988753064,-1551.41062073325,0.0228959596217129,2.53691915333305,1.30424982675959,-1624.46928981941,0.0927717563652251
0.707,2.341875,2.70831484053724,1.37185904048,12.1964835472,2.68490940846116,1.36943909691571,-1541.94960023318,0.023405432076091,2.61201739570648,1.31717335699446,-1642.04681176261,0.0962974448307574
0.708,2.40187499999999,2.78693877137618,1.38425550512,12.0391220368,2.76371807726705,1.38150240263764,-1529.06328115106,0.0232206941091227,2.68786016070136,1.33023856895933,-1651.65730585784,0.0990786106748314
0.709,2.461875,2.86677541753379,1.39637877168,11.7891039888,2.8432139905902,1.39342845610014,-1507.76003676107,0.0235614269435979,2.76445345999705,1.34337194639134,-1658.9924360634,0.102321957536735
0.71,2.521875,2.94721842135074,1.4083654392,11.492757672,2.92338707218021,1.40514003433139,-1482.19990691644,0.0238313491705364,2.84180059646407,1.35655245028621,-1662.13120271438,0.105417824886667
0.711,2.581875,3.02776960844587,1.42030387344,11.1863061048,3.00422392108791,1.4165983064218,-1454.82380947692,0.0235456873579629,2.91990316216118,1.36974140105324,-1659.4622458863,0.107866446284698
0.712,2.641875,3.10994354471384,1.43151880848,10.7282757816,3.08570955657089,1.42778695809404,-1410.64226677994,0.0242339881429406,2.99876010999642,1.38288535454376,-1651.89366452773,0.111183434717414
0.713,2.701875,3.1921174809818,1.44273374352,10.2702454584,3.16782411323641,1.43855179716337,-1368.87232504321,0.024293367745403,3.07836757246594,1.39593930395788,-1640.2100703162,0.11374990851586
0.714,2.761875,3.27501758533442,1.45340198384,9.72689687008002,3.25054396283304,1.44891566726816,-1316.28411876996,0.0244736225013694,3.15871931215736,1.40886553068365,-1621.34354748017,0.116298273177064
0.715,2.821875,3.35877588833253,1.4634241304,9.0827176048,3.33384329806799,1.45877966187658,-1252.36702070946,0.0249325902645477,3.23980612363426,1.42159814974791,-1595.78966347139,0.118969764698281
0.716,2.88187499999999,3.44253419133063,1.47344627696,8.43853833952007,3.41769051453226,1.4680403299912,-1194.48874924166,0.0248436767983612,3.32161516006691,1.43407593751974,-1569.10533378832,0.120919031263721
0.717,2.941875,3.52746289891438,1.48203551288,7.61311542872006,3.50205266255101,1.47675416397273,-1106.92234132734,0.0254102363633703,3.40413153407245,1.44628888888743,-1526.24701141872,0.123331364841945
0.718,3.001875,3.6125914316713,1.49038010552,6.75674848088002,3.58689061049543,1.48464888055879,-1023.58528713965,0.0257008211758797,3.4873358205755,1.45808861361471,-1482.56359215165,0.125255611095806
0.719,3.061875,3.69798963998626,1.49816716856,5.84049883351999,3.67215857745907,1.49176465943561,-936.260747684242,0.0258310625271879,3.5712041443196,1.4694681613114,-1433.61217866245,0.126785495666651
0.72,3.121875,3.78419687497535,1.5042816428,4.74460108759995,3.75781091724285,1.49806602309218,-818.159677543866,0.0263859577324974,3.65571106115623,1.48037971770506,-1365.67769205539,0.128485813819118
0.721,3.181875,3.87040410996443,1.51039611704,3.64870334168007,3.8437928919749,1.50327108978979,-716.026050627261,0.0266112179895255,3.74082477474981,1.49064936390953,-1303.98914164015,0.129579335214618
0.722,3.241875,3.95706305176992,1.51466744784,2.37983787572803,3.93004594553531,1.50752845926638,-581.384894297021,0.027017106234607,3.82651018104178,1.50033555749856,-1220.21269397785,0.130552870728126
0.723,3.301875,4.04396970376506,1.51792802256,1.01611914395198,4.01650725325131,1.51054053118205,-440.674509480649,0.0274624505137524,3.91272805506838,1.50923599416903,-1130.51607061436,0.131241648696685
0.724,3.36187499999999,4.13088558725618,1.52104062416,-0.359957993295839,4.1031039205155,1.51225339884594,-317.038563326272,0.0277816667406727,3.99943185084039,1.51729742622772,-1048.86740631373,0.131453736415796
0.725,3.421875,4.2180137951552,1.520749844,-2.0202784563999,4.18976606624673,1.51282616086033,-125.539648108024,0.0282477289084667,4.08657565531474,1.52459519535516,-921.11103253401,0.131438139840469
0.726,3.481875,4.30514200305422,1.52045906384,-3.68059891950396,4.27641053182473,1.51163624507359,36.1784248356484,0.0287314712294989,4.17410359556342,1.53070629430167,-810.433421803074,0.131038407490808
0.727,3.541875,4.39211010683554,1.518276644,-5.48324056480003,4.36294425057743,1.50896036738524,220.559872846126,0.0291658562580963,4.26195223437538,1.53578968702609,-681.61841632602,0.13015787246017
0.728,3.601875,4.47887236246551,1.513662116,-7.46886658720011,4.44927617596994,1.50459232798561,437.307237381509,0.0295961864955678,4.35005795385361,1.5396801024414,-528.489250443883,0.1288144086119
0.729,3.661875,4.56563461809548,1.509047588,-9.45449260959989,4.53530089903717,1.49823698329332,618.324100588604,0.0303337190582929,4.43834604615215,1.5421556993867,-397.789529811467,0.127288571943328
0.73,3.721875,4.65150162762892,1.5001239752,-11.7344871824,4.62091406096986,1.4902261342438,879.598419583021,0.0305875666590503,4.52674142248552,1.54342502172691,-207.381536780647,0.124760205143395
0.731,3.781875,4.73718958794307,1.49033854544,-14.07335546528,4.70599972916472,1.47982397827556,1118.93268983899,0.0311898587783558,4.61515928522637,1.54294062308162,-30.4638464415414,0.1220303027167
0.732,3.84187499999999,4.82243881815563,1.47915730632,-16.4992124327998,4.79042678054402,1.46723607036272,1352.7862609295,0.0320120376116261,4.70350278694849,1.54082933250311,145.299813653856,0.118936031207128
0.733,3.901875,4.90621231984474,1.46328107208,-19.2176677031999,4.87407152229918,1.4525162208531,1666.75521739552,0.0321407975455736,4.79167909000816,1.53710428875211,382.703975030239,0.114533229836579
0.734,3.961875,4.98998582153386,1.44740483784,-21.9361229736,4.95679078258386,1.43493067271074,1925.5819851192,0.0331950389499994,4.87957955881026,1.53120090053427,581.399617581551,0.110406262723583
0.735,4.021875,5.07194869775137,1.4271040356,-24.9066838920001,5.03843502951776,1.41499117590494,2252.15647004721,0.033513668233593,4.96708968217812,1.52347866265669,834.575583887903,0.104859015573238
0.736,4.081875,5.15282519868591,1.40414849256,-28.0285081992002,5.11885164067452,1.39207810005786,2588.75031066891,0.033973558011381,5.05409096960123,1.5134391753578,1097.75971688929,0.0987342290846676
0.737,4.141875,5.23361770675787,1.38102357968,-31.1591546023998,5.19786773385724,1.36610387614461,2867.78938867183,0.0357499729006172,5.14044811760508,1.50099395524062,1319.12710925358,0.0931695891528004
0.738,4.201875,5.31046255028911,1.34993828432,-34.7044395176,5.27532322329616,1.33760275276081,3301.1920792431,0.0351393269929671,5.22603441592191,1.48653144520486,1664.28352159228,0.0844281343672119
0.739,4.261875,5.38730739382036,1.31885298896,-38.2497244328001,5.35103275635721,1.30515850136499,3655.17663342736,0.0362746374631527,5.31070174602292,1.46891591306614,1949.51381401757,0.076605647797445
0.74,4.321875,5.46193267585878,1.2839208136,-41.4842057639998,5.42479151502934,1.26950788066034,3988.16749021291,0.037141160829445,5.39428538721968,1.44870356631193,2264.28928340755,0.0676472886391077
0.741,4.381875,5.53345057180728,1.24360300624,-44.2835620775999,5.49642146337114,1.23084900253536,4321.18893630373,0.037029108436132,5.47662888135995,1.4256266143768,2635.47277053706,0.056821690447325
0.742,4.441875,5.60496846775578,1.20328519888,-47.0829183912,5.56575036644595,1.18918624836744,4586.42728143762,0.0392181013098363,5.55755335892728,1.39917054363557,2939.17681409565,0.0474151088285097
0.743,4.501875,5.67115669108843,1.15704427432,-48.3541648176,5.63262411317292,1.14514787869324,4766.794659251,0.0385325779155074,5.63688314564444,1.36996140260326,3324.21351770275,0.034273545443982
0.744,4.561875,5.73611498997126,1.10943647656,-49.2727705008001,5.69692906493902,1.09951838861616,4895.01811607152,0.0391859250322501,5.7144391883675,1.33725519806635,3669.34175810897,0.0216758016037519
0.745,4.621875,5.79955622495513,1.06133030344,-50,5.75858787099532,1.05277996844594,4983.70213698187,0.0409683539598168,5.7900317936993,1.30142450833475,3966.95101701989,0.00952443125583675
0.746,4.681875,5.85723261712296,1.011330303952,-50,5.81754746460578,1.00529809983462,5035.68114618263,0.0396851525171883,5.86349460469599,1.26291135099025,4278.55829871255,-0.00626198757304106
0.747,4.741875,5.91490900929078,0.961330304463998,-50,5.87377495631907,0.957411621234996,5060.36377229855,0.0411340529717088,5.93467035707049,1.22159110204806,4525.79729405716,-0.0197613477797061
0.748,4.801875,5.96807807311869,0.911330304744004,-50,5.92725437590764,0.909372286516935,5095.66983479347,0.0408236972110404,6.00341530591153,1.17806030073456,4751.42879839899,-0.0353372327928448
0.749,4.861875,6.01829405975837,0.861330304872002,-50,5.97797417222935,0.861082596992734,5128.21584199948,0.0403198875290124,6.06960858893872,1.13252116232315,4946.29067220397,-0.0513145291803589
0.75,4.921875,6.06851004639806,0.811330305,-50,6.02592073956905,0.812568333221,5136.1852129568,0.0425893068290064,6.133143335753,1.08525988033727,5092.24699275969,-0.0646332893549521
0.751,4.981875,6.11126567151277,0.761330304743998,-50,6.07108769817484,0.764055948345305,5179.29197443172,0.0401779733379333,6.19393384084257,1.03672905518936,5252.22063840581,-0.08266816932979
0.752,5.041875,6.15402129662748,0.711330304487996,-50,6.1134658947849,0.715222175460598,5196.07719413883,0.0405554018425795,6.251903726701,0.986801695280481,5367.54984373144,-0.0978824300735258
0.753,5.101875,6.19382384455396,0.661330304384002,-50,6.15304386681466,0.666309670902556,5212.68454351472,0.0407799777393006,6.30698480630744,0.935890694090467,5466.81623402813,-0.113160961753472
0.754,5.161875,6.22911906414053,0.611330304512,-50,6.18981715364716,0.617320193112322,5240.76707193417,0.0393019104933501,6.3591249983707,0.884145354161568,5563.79739402035,-0.130005934230165
0.755,5.221875,6.26441428372709,0.561330304639998,-50,6.22377832405409,0.568148289751203,5244.69024789695,0.0406359596730026,6.40827713814715,0.83158799283763,5624.70987575684,-0.143862854420057
0.756,5.281875,6.29380334893721,0.511330304768003,-50,6.25492330137371,0.519016509621437,5272.46309546096,0.0388800475635123,6.45440424257714,0.778551700591769,5699.17521526526,-0.160600893639936
0.757,5.341875,6.32163816299565,0.461330304896002,-50,6.28324809688278,0.469705373553283,5287.72465966325,0.0383900661128597,6.4974753202076,0.724912533475412,5752.23683874938,-0.175837157211959
0.758,5.401875,6.34807415926814,0.411330304952,-50,6.30874573968833,0.420330263355373,5291.197627108,0.0393284195798034,6.537461496799,0.67086834013203,5785.84024924434,-0.189387337530851
0.759,5.461875,6.36844861180159,0.361330304695998,-50,6.33141567419292,0.370999733277779,5319.67429654385,0.0370329376086577,6.57434471246082,0.616598763911778,5837.84218145897,-0.205896100659231
0.76,5.521875,6.38882306433504,0.311330304439996,-50,6.35125386267941,0.321483680162995,5323.79229162927,0.0375692016556431,6.60810721458824,0.561934887758292,5859.80654721952,-0.219284150253199
0.761,5.581875,6.40484561364374,0.261330304408001,-50,6.36825610368524,0.272006491375753,5339.93369277008,0.0365895099585055,6.63873434568641,0.507153668447847,5888.92122388959,-0.233888732042664
0.762,5.641875,6.41775966064906,0.211330304535999,-50,6.38242145335068,0.222457491340636,5356.90431609205,0.0353382072983875,6.66621750315809,0.452189505001968,5914.69274156357,-0.248457842509028
0.763,5.701875,6.43067370765437,0.161330304663998,-50,6.39374558183274,0.172829162521011,5351.23138838095,0.0369281258216369,6.69054709432487,0.39707343804683,5914.25740390798,-0.259873386670506
0.764,5.761875,6.43628281733314,0.111330304641603,-50,6.40222991539698,0.123329948545998,5381.21887182273,0.0340529019361649,6.71172132959607,0.342046806101904,5946.44834614963,-0.27543851226292
0.765,5.821875,6.44173650281347,0.0613303046160012,-50,6.40787244736698,0.073631573504983,5387.70855818644,0.0338640554464923,6.72973673024759,0.28680930876787,5952.5668677579,-0.288000227434124
0.766,5.881875,6.44439253622075,0.0113303045615993,-50,6.41066796859096,0.023950525830735,5394.11949987172,0.0337245676297933,6.74458809560834,0.231601139155907,5956.43079742844,-0.300195559387601
0.767,5.941875,6.44238581617294,-0.0386696955408026,-50,6.4106174918385,-0.0257124968831225,5414.45934072268,0.0317683243344345,6.75627769895234,0.176442994053874,5972.39361927199,-0.313891882779412
0.768,6.00187500000001,6.44037909612514,-0.0886696956432045,-50,6.40771837795454,-0.0754856684476024,5411.58161720329,0.0326607181706029,6.76480521546046,0.121223486115788,5963.60857568082,-0.324426119335328
0.769,6.061875,6.43262166377561,-0.138669695567999,-50,6.40197044000077,-0.125155216539779,5432.21108299345,0.0306512237748478,6.77017365458785,0.0661703908160447,5977.05992638557,-0.337551990812236
0.77,6.121875,6.42315456020124,-0.188669695440001,-50,6.39337341499489,-0.174937567917682,5442.39754503993,0.0297811452063384,6.77238668304983,0.0110788753875326,5979.02196210582,-0.349232122848589
0.771,6.181875,6.41244405570552,-0.238669695312003,-50,6.38192359715786,-0.224736472101777,5440.23510311279,0.0305204585476606,6.77144512937176,-0.0439452989206917,5967.78276116925,-0.359001073666249
0.772,6.241875,6.39551654660302,-0.288669695183997,-50,6.36762329350312,-0.274438293518657,5464.95458141154,0.0278932530999033,6.76735632825106,-0.0987807851101218,5982.74056172006,-0.371839781648052
0.773,6.301875,6.37858903750051,-0.338669695055999,-50,6.35047097713797,-0.324290496312689,5465.75446730491,0.0281180603625379,6.76012417784498,-0.153668888061026,5973.23813798022,-0.381535140344459
0.774,6.361875,6.35746507504021,-0.388669695144001,-50,6.33046434278352,-0.37407278714261,5477.79633006773,0.0270007322566803,6.7497521125226,-0.208384492153949,5974.56121746963,-0.39228703748239
0.775,6.421875,6.33307720441272,-0.438669695400003,-50,6.30760443005388,-0.423888700559162,5492.35239904048,0.0254727743588417,6.7362471549048,-0.263027459391831,5978.08867450618,-0.403169950492087
0.776,6.48187500000001,6.30868933378524,-0.488669695656005,-50,6.28188865136404,-0.473761315144468,5484.53567722823,0.0268006824212031,6.71961288256439,-0.317618182635231,5959.02492479292,-0.41092354877915
0.777,6.541875,6.27715190785996,-0.538669695543999,-50,6.25331965707997,-0.523484713336493,5511.4514407375,0.0238322507799795,6.69985824069359,-0.371948903760241,5974.55341406578,-0.422706332833635
0.778,6.601875,6.24530363170434,-0.588669695416001,-50,6.22189683593122,-0.573378665285607,5516.42609163136,0.023406795773108,6.67698899762049,-0.426338274368818,5968.0672055453,-0.431685365916144
0.779,6.661875,6.21081313638306,-0.638669695288003,-50,6.18761620629312,-0.623241048397423,5520.31480421862,0.0231969300899261,6.65100759778814,-0.480583668334563,5960.47813864226,-0.44019446140508
0.78,6.721875,6.17150447670088,-0.688669695159998,-50,6.15047986173558,-0.673061920971218,5539.62015150557,0.0210246149653131,6.62192257472734,-0.534675162524153,5968.33677395197,-0.450418098026473
0.781,6.781875,6.1321958170187,-0.738669695032,-50,6.11048611557669,-0.722983180387564,5535.80639762173,0.0217097014420109,6.5897386680065,-0.588755114342599,5953.14783505507,-0.457542850987809
0.782,6.841875,6.0872918696916,-0.788669695192001,-50,6.06763531381552,-0.772791975316083,5554.4211206169,0.0196565558760883,6.5544626128744,-0.642611503997875,5960.49283308413,-0.46717074318281
0.783,6.901875,6.04052282648285,-0.838669695448003,-50,6.02192798393615,-0.822694822064019,5564.01812323575,0.0185948425467071,6.51610126951472,-0.696451990231052,5958.95385047624,-0.47557844303187
0.784,6.96187500000001,5.99266580746793,-0.888669695536005,-50,5.97336111805826,-0.872608611823589,5560.14430900036,0.0193046894096741,6.47465788988739,-0.750194865070575,5944.10117767106,-0.481992082419479
0.785,7.021875,5.93843635873105,-0.93866969464,-50,5.92193764005574,-0.922409396118066,5584.53996358922,0.0164987186753051,6.43014157134293,-0.80371779386429,5957.69425707015,-0.491705212611881
0.786,7.081875,5.88420690999417,-0.988669693744001,-50,5.86765656892913,-0.972357429219104,5585.0268623461,0.0165503410650467,6.38255740891584,-0.857282818448846,5947.57036760466,-0.498350498921663
0.787,7.141875,5.82593642852267,-1.03866969472,-50,5.81051577588743,-1.0222325223374,5595.60050834093,0.0154206526352468,6.3319092434224,-0.910671677462213,5947.73736524445,-0.505972814899732
0.788,7.201875,5.76424661166035,-1.08866969728,-50,5.75051677837597,-1.07212758660451,5610.04676435863,0.0137298332843719,6.2782044483116,-0.963979320122395,5951.99075235683,-0.513957836651261
0.789,7.261875,5.70255679479801,-1.13866969984,-50,5.68765741235163,-1.12207821907737,5602.10551675403,0.0148993824463897,6.22144659632017,-1.01724346709789,5934.07772216466,-0.518889801522147
0.79,7.321875,5.63387285806629,-1.1886696988,-50,5.62194039692179,-1.17187836859194,5627.71897982067,0.0119324611445064,6.16164401982979,-1.0702602547678,5949.945794205,-0.527771161763503
0.791,7.381875,5.56472264667661,-1.23866969752,-50,5.55336550374356,-1.22183697173497,5632.73015661583,0.0113571429330549,6.09880197713381,-1.1233408526796,5945.44156306606,-0.534079330457203
0.792,7.44187500000001,5.4930856393113,-1.28866969624001,-50,5.48192909107944,-1.27176424186965,5635.45791746939,0.0111565482318699,6.03292218434429,-1.17629773673815,5938.8860271528,-0.539836545032985
0.793,7.501875,5.41647503999475,-1.33866969496,-50,5.40763355460568,-1.32163922013547,5654.92379964611,0.00884148538907751,5.96401226489254,-1.22911222669601,5949.30160577234,-0.547537224897783
0.794,7.561875,5.3398644406782,-1.38866969368,-50,5.33047747659464,-1.37161597830101,5651.22359982035,0.00938696408354089,5.89207589811978,-1.28194067751774,5936.78392040595,-0.552211457441578
0.795,7.621875,5.25781397516496,-1.4386696952,-50,5.25046113567323,-1.42148123065299,5668.74607397335,0.00735283949172124,5.81711832905184,-1.33457208153532,5945.72065844937,-0.559304353886897
0.796,7.681875,5.17374298792154,-1.48866969776,-50,5.16758532224223,-1.47143039862603,5678.56494981375,0.00615766567930086,5.73914518434886,-1.38720412486668,5947.18372772218,-0.565402196427319
0.797,7.741875,5.08873945246226,-1.53866969984,-50,5.08184726238181,-1.52139247904645,5673.69383791971,0.00689219008045632,5.65815839717376,-1.43976804876818,5934.18429074607,-0.56941894471151
0.798,7.801875,4.99720807949211,-1.58866969856,-50,4.99325008853838,-1.57123230401278,5698.39453859257,0.00395799095374077,5.5741656792042,-1.49213090376745,5950.98117821114,-0.576957599712076
0.799,7.861875,4.90567670652197,-1.63866969728,-50,4.90179300604058,-1.62122212369662,5699.12293066781,0.00388370048137867,5.48717068877464,-1.54456712770615,5944.02687001467,-0.581493982252677
0.8,7.92187500000001,4.81025971369398,-1.68866969600001,-50,4.80747374564024,-1.67114116036703,5708.71773723153,0.00278596805374386,5.39717548529143,-1.59685809586234,5946.15634066571,-0.586915771597455
0.801,7.981875,4.71126795059682,-1.73866969472,-50,4.71029402292483,-1.72107109475099,5723.48657452533,0.000973927671981967,5.30418599072182,-1.64908760414788,5953.67317696545,-0.592918040125013
0.802,8.041875,4.61227618749963,-1.78866969344,-50,4.6102518503147,-1.77105951103976,5715.80328935491,0.00202433718494035,5.20820430383068,-1.70130531158954,5938.94697468835,-0.595928116331046
0.803,8.10187500000001,4.50644573546948,-1.83866969568,-50,4.5073497971349,-1.82089975905971,5740.45343123231,-0.000904061665420584,5.10923696262082,-1.7533066005237,5956.75886172561,-0.602791227151354
0.804,8.161875,4.39999358444544,-1.88866969824,-50,4.40158782440564,-1.87088953600051,5745.80178327777,-0.00159423996019729,5.00728778159157,-1.80539115682077,5955.4690727921,-0.607294197146122
0.805,8.221875,4.29121006219423,-1.9386696996,-50,4.29296245858158,-1.92085103362586,5747.63559386281,-0.00175239638734581,4.90235702802078,-1.85738311599738,5950.86021861711,-0.611146965826537
0.806,8.281875,4.1772975232433,-1.98866969832,-50,4.18147624498703,-1.97075196198728,5767.49946749494,-0.00417872174373892,4.79445087799573,-1.90925208617887,5964.47220893364,-0.61715335475243
0.807,8.341875,4.06338498429236,-2.03866969704,-50,4.06712789928167,-2.02075829154716,5764.12441953199,-0.00374291498931142,4.68357157050908,-1.96116588976748,5955.03133456991,-0.62018658621672
0.808,8.40187500000001,3.94418800389323,-2.08866969576001,-50,3.94991751196572,-2.07065606085495,5780.74342370559,-0.00572950807249842,4.56972261461314,-2.01291237091638,5965.76583824269,-0.625534610719918
0.809,8.461875,3.82281507701544,-2.13866969448,-50,3.82984602861883,-2.12062938345872,5790.95298002412,-0.00703095160339757,4.45290827231325,-2.06467740245329,5970.26750216469,-0.63009319529781
0.81,8.521875,3.70066502639524,-2.1886696936,-50,3.70691081298872,-2.17061917533058,5785.23590570224,-0.00624578659347303,4.33312912430507,-2.11640361349941,5959.01445558581,-0.632464097909823
0.811,8.58187500000001,3.57183171159056,-2.23866969616,-50,3.58111511981924,-2.22047888594128,5810.37786622445,-0.00928340822868572,4.21039154543582,-2.16794612088987,5978.78771978639,-0.63855983384527
0.812,8.641875,3.4429983967859,-2.28866969872,-50,3.4524582632162,-2.27049262003733,5811.47034339283,-0.00945986643029226,4.08469787567979,-2.21959065142453,5974.67418773265,-0.641699478893891
0.813,8.701875,3.31043488801778,-2.33866969936,-50,3.32093776361914,-2.32043888363549,5820.19679932267,-0.0105028756013601,3.95604856968967,-2.27111728844196,5978.35279766969,-0.645613681671891
0.814,8.761875,3.17414118528622,-2.38866969808,-50,3.18655547179097,-2.37038801391962,5835.38804335591,-0.0124142865047501,3.82444832332995,-2.32259790238344,5988.64990789431,-0.650307138043735
0.815,8.82187500000001,3.03784748255466,-2.4386696968,-50,3.04930951974661,-2.42039948249692,5828.05322302675,-0.0114620371919604,3.68989802710922,-2.37409345478737,5976.57029407949,-0.652050544554573
0.816,8.88187500000001,2.89487051563861,-2.48866969552001,-50,2.90920227551577,-2.4702659529509,5851.82217142528,-0.0143317598771583,3.55240272340245,-2.42539805663798,5995.73950170221,-0.657532207763853
0.817,8.941875,2.75111642498019,-2.53866969424,-50,2.76623384271293,-2.52027380470094,5857.58254005213,-0.0151174177327324,3.41196510843375,-2.47679949306585,5997.04098284745,-0.660848683453548
0.818,9.001875,2.60518638784309,-2.58866969408,-50,2.62040087341627,-2.57025713967213,5858.59085475037,-0.0152144855731769,3.26858434751885,-2.5281332308938,5993.72715513328,-0.663397959675768
0.819,9.06187500000001,2.45397190925778,-2.63866969664,-50,2.47170602369921,-2.62017227696934,5878.91557770319,-0.0177341144414418,3.12226553290921,-2.57935691421314,6009.86246587573,-0.668293623651434
0.82,9.121875,2.30275743067249,-2.6886696992,-50,2.32014810692852,-2.67019703325491,5875.92342373631,-0.017390676256034,2.97300983935047,-2.63064964568216,6002.80970985874,-0.670252408677983
0.821,9.181875,2.14641393538746,-2.73866969912,-50,2.16572699267609,-2.72011672335174,5891.69214818974,-0.0193130572886393,2.82081942520157,-2.68179798806206,6014.64281806926,-0.67440548981412
0.822,9.241875,1.98773906887527,-2.78866969784,-50,2.00844375149761,-2.77010411019389,5902.34151014254,-0.0207046826223337,2.66569757936699,-2.7329759151068,6021.47782127528,-0.677958510491724
0.823,9.30187500000001,1.82844250336918,-2.83866969656001,-50,1.84829585692349,-2.8201119907164,5895.82394564333,-0.0198533535543032,2.50764392538747,-2.78413739839411,6011.26352317478,-0.679201422018289
0.824,9.36187500000001,1.66230724893012,-2.88866969528001,-50,1.68528666018753,-2.86998239743071,5921.44920617573,-0.0229794112574217,2.34666389821457,-2.83512560983981,6033.30613841321,-0.684356649284444
0.825,9.421875,1.49617199449109,-2.938669694,-50,1.51941556027254,-2.92001125741151,5922.94492632326,-0.0232435657814655,2.18275891624856,-2.88623758161796,6031.32985949206,-0.686586921757463
0.826,9.481875,1.32646197083707,-2.98866969456,-50,1.35067984510688,-2.96997633328469,5930.83970133824,-0.0242178742698089,2.015928224474,-2.93725214807378,6035.85993332274,-0.689466253636929
0.827,9.54187500000001,1.15286632847113,-3.03866969712,-50,1.17908147987979,-3.01993659522041,5946.48777482468,-0.0262151514086453,1.84617568466142,-2.98822931863084,6048.24734768081,-0.693309356190281
0.828,9.601875,0.979270686105222,-3.08866969968,-50,1.00461869673191,-3.06996338102621,5939.53369973853,-0.0253480106266916,1.67350136689218,-3.03924143878562,6038.13349080247,-0.694230680786957
0.829,9.661875,0.799147203533217,-3.13866969888,-41.5999999999997,0.827293644115719,-3.11984864782321,5049.40832593191,-0.0281464405824906,1.49790920070197,-3.09008144267089,6057.9896156411,-0.698761997168744
0.83,9.721875,0.618091172360344,-3.1886696976,-31.9999999999993,0.647347193333913,-3.16146743901766,4155.22386059963,-0.0292560209735778,1.31940114107799,-3.14102532089864,6061.22342247605,-0.701309968717638
0.831,9.78187500000001,0.435519750070734,-3.23189886368,-19.7999999999979,0.46525368130003,-3.1947952240047,2999.26247477251,-0.0297339312292984,1.13797562205915,-3.19191998713803,5940.88401739872,-0.702455871988423
0.832,9.84187500000001,0.248868428620678,-3.25689886496,-0.599999999997181,0.281556773600435,-3.2174365061754,974.137796849411,-0.0326883449797448,0.953668030127577,-3.24162864411804,5542.86246755726,-0.70479960150691
0.833,9.90187499999999,0.062217107170678,-3.28189886624,18.5999999999979,0.0970973644047263,-3.22141154732184,-742.739490273259,-0.0348802572340585,0.766619452013205,-3.28759845442118,5187.17084333942,-0.704402344842516
0.834,9.961875,-0.124434214289946,-3.27356553248,31.3999999999993,-0.0871371201799542,-3.20958515611298,-2057.16426548612,-0.0372970941099888,0.577032785330263,-3.33022464857555,4308.01640993345,-0.701466999620197
0.835,-9.978125,-0.311085535755854,-3.2485655312,40.9999999999997,-0.270348097039588,-3.18568438787853,-3093.32894234083,-0.0407374387162584,0.385237420866305,-3.36469655134165,3269.11851292721,-0.696322956622168
0.836,-9.918125,-0.497387151578447,-3.22200303008,50,-0.451917629878281,-3.15228795080778,-3921.15225025937,-0.0454695217001701,0.191742305098613,-3.389557162006,2350.23031550975,-0.689129456677068
0.837,-9.858125,-0.67844318275132,-3.17200303136,50,-0.631356989169149,-3.11132730378165,-4061.06905997529,-0.0470861935821719,-0.00293393210845322,-3.40592546730758,1131.76350350828,-0.67550925064286
0.838,-9.798125,-0.859499213924165,-3.12200303264,50,-0.808414418528923,-3.06914291110901,-4162.53792468759,-0.051084795395235,-0.198226137478402,-3.41105850706553,97.6540789512317,-0.661273076445757
0.839,-9.738125,-1.03713590022719,-3.07200303216,50,-0.98302999019925,-3.02609039068967,-4256.7360923682,-0.0541059100279333,-0.393539665948204,-3.40666978390593,-802.104432011959,-0.643596234278977
0.84,-9.678125,-1.21073154259313,-3.0220030296,50,-1.15515591894188,-2.98223797853431,-4349.11566838101,-0.0555756236512589,-0.588364793101186,-3.39401008496636,-1589.3900875289,-0.622366749491939
0.841,-9.61812500000001,-1.38432718495904,-2.97200302704001,50,-1.32474688916393,-2.93760364551848,-4409.33107345337,-0.0595802957951116,-0.782257637610669,-3.3741269805294,-2248.18591584616,-0.602069547348374
0.842,-9.558125,-1.55155041263743,-2.92200302776,50,-1.4917666120285,-2.89248451399215,-4489.90097709316,-0.0597838006089224,-0.974838514431813,-3.34821377328379,-2843.50885829943,-0.576711898205626
0.843,-9.498125,-1.71768566707649,-2.87200302904,50,-1.65618196751058,-2.84669407400621,-4547.80646318341,-0.0615036995659134,-1.1657789208367,-3.31686376043885,-3343.24097637969,-0.551906746239801
0.844,-9.438125,-1.88195582453383,-2.82200303032,50,-1.81796049572477,-2.80044187873021,-4592.15722587533,-0.0639953288090677,-1.35479278620128,-3.28096480462747,-3765.99904155193,-0.52716303833255
0.845,-9.378125,-2.04063069104602,-2.7720030316,50,-1.97707933303652,-2.75385334734013,-4652.86790017513,-0.0635513580094859,-1.5416399646111,-3.24123211799802,-4149.9883832472,-0.498990726434919
0.846,-9.318125,-2.19930555755818,-2.72200303288,50,-2.13351491191284,-2.70677848997014,-4685.27405578375,-0.0657906456453386,-1.72611118761185,-3.19802831508925,-4457.77381498236,-0.473194369946324
0.847,-9.258125,-2.35316225686759,-2.67200303168,50,-2.28724684947808,-2.65947846199747,-4729.75188878542,-0.0659154073895148,-1.90802781336989,-3.15205985210303,-4736.03454595904,-0.445134443497708
0.848,-9.198125,-2.5043767354529,-2.62200302912,50,-2.4382590727872,-2.61184255300455,-4767.99902217487,-0.0661176626657033,-2.08723934284103,-3.10360264150944,-4971.96299651964,-0.41713739261187
0.849,-9.13812500000001,-2.65528036454123,-2.57200302672,50,-2.58653399435669,-2.56392860604339,-4783.37109239589,-0.0687463701845294,-2.26361444892263,-3.05304999784712,-5153.70438308613,-0.391665915618611
0.85,-9.078125,-2.79903445519966,-2.522003028,50,-2.73206172509554,-2.51594750265398,-4830.63126364973,-0.0669727301041204,-2.43704744676403,-3.00090369002607,-5340.19612446149,-0.361987008435643
0.851,-9.018125,-2.9427885458581,-2.47200302928,50,-2.87483001575929,-2.46760597639928,-4851.13324210423,-0.0679585300988124,-2.60744584489409,-2.94712248496148,-5476.42930878207,-0.335342700964007
0.852,-8.958125,-3.08327871679852,-2.42200303056,50,-3.01482528404817,-2.41915076130851,-4873.40471857752,-0.068453432750352,-2.77472928937192,-2.892171295469,-5594.1006048181,-0.308549427426595
0.853,-8.898125,-3.21957241953008,-2.37200303184,50,-3.15204055475005,-2.37056575421757,-4904.11666415377,-0.0675318647800232,-2.93883568916211,-2.83622270439669,-5702.641312113,-0.280736730367964
0.854,-8.838125,-3.35586612226162,-2.32200303312,50,-3.28646617251942,-2.32177350398831,-4910.42030263577,-0.0693999497421876,-3.09971034811581,-2.77936225913344,-5771.60648236897,-0.25615577414581
0.855,-8.778125,-3.48594283505412,-2.2720030312,50,-3.41809670546932,-2.27299888827288,-4942.68499462285,-0.0678461295848077,-3.25731149187826,-2.72195546799399,-5853.45831437348,-0.228631343175863
0.856,-8.718125,-3.6147761498588,-2.22200302864,50,-3.54692632088944,-2.22400303804553,-4959.54709136714,-0.0678498289693544,-3.41160444498055,-2.66388462052636,-5908.65472506701,-0.20317170487825
0.857,-8.65812500000001,-3.74189979243022,-2.17200302696,50,-3.67294641231675,-2.17492800009598,-4966.82831588191,-0.0689533801134875,-3.56255821460308,-2.60539597589393,-5944.60239126753,-0.179341577827148
0.858,-8.598125,-3.86327271930803,-2.12200302824,50,-3.79615497128553,-2.12586204118972,-4996.30615921072,-0.0671177480225139,-3.71015395449395,-2.54666727013163,-5994.4573932482,-0.153118764814096
0.859,-8.538125,-3.98464564618584,-2.07200302952,50,-3.91654666742965,-2.07660093836114,-5001.37512928183,-0.0680989787561954,-3.85437425539775,-2.48757092784504,-6012.81285906671,-0.130271390788082
0.86,-8.478125,-4.10135583060935,-2.0220030308,50,-4.03411676170811,-2.02736955571728,-5020.75260041325,-0.0672390689012409,-3.99520637165408,-2.42839731460347,-6039.42784775921,-0.106149458955269
0.861,-8.418125,-4.21526836956029,-1.97200303208,50,-4.14886318448543,-1.97803620898212,-5038.21983956342,-0.0664051850748529,-4.13264370250979,-2.36907056256645,-6058.98847521754,-0.0826246670504961
0.862,-8.358125,-4.32902548376273,-1.92200303328,50,-4.26078060163902,-1.92861863033421,-5034.21836555839,-0.06824488212371,-4.26667933980982,-2.30965580922247,-6052.72181229166,-0.0623461439529078
0.863,-8.298125,-4.43547763478678,-1.87200303072,50,-4.36986984908265,-1.87931446249406,-5065.70060480406,-0.0656077857041317,-4.3973150524141,-2.25039080204509,-6078.26184445713,-0.0381625823726732
0.864,-8.238125,-4.54192978581084,-1.82200302816,50,-4.47612806763278,-1.829797079513,-5072.36376697014,-0.0658017181780589,-4.52455103050543,-2.19098268733292,-6075.89670091795,-0.0173787553054162
0.865,-8.178125,-4.64527344186536,-1.7720030272,50,-4.57954959175987,-1.78029514738363,-5081.32529749299,-0.0657238501054793,-4.64838643568507,-2.13168841451911,-6073.25575820137,0.00311299381971796
0.866,-8.118125,-4.74426520496254,-1.72200302848,50,-4.68013470028709,-1.73078749716824,-5101.55673605258,-0.0641305046754465,-4.76882785824807,-2.07251034450115,-6079.75366403627,0.0245626532855213
0.867,-8.058125,-4.84325696805972,-1.67200302976,50,-4.77788009554261,-1.68117045457595,-5098.65026333581,-0.0653768725171199,-4.88587954232402,-2.01336421975804,-6061.36575290788,0.0426225742642962
0.868,-7.998125,-4.93618716417869,-1.62200303104,50,-4.87278561290386,-1.63165705794867,-5121.64987686352,-0.06340155127484,-4.99954987574434,-1.95447894029066,-6067.46695909224,0.0633627115656599
0.869,-7.938125,-5.02771853714884,-1.57200303232,50,-4.96485035842159,-1.5820088106417,-5131.56664513184,-0.0628681787272382,-5.1098473378937,-1.89562880190956,-6059.35382045723,0.0821288007448557
0.87,-7.878125,-5.11769566309258,-1.5220030328,50,-5.05407005983131,-1.53234628385,-5131.56223055596,-0.0636256032612559,-5.21677768698866,-1.83694452211839,-6040.43388922856,0.0990820238960697
0.871,-7.818125,-5.20176665033601,-1.47200303024,50,-5.14044651444564,-1.48276077458891,-5155.82507966507,-0.0613201358903687,-5.32035326690618,-1.77852526632821,-6045.1070578877,0.118586616570167
0.872,-7.758125,-5.28583763757944,-1.42200302768,50,-5.22397773572989,-1.43302890465538,-5156.28681016985,-0.0618599018495556,-5.42058303242358,-1.72015356723283,-6025.4864255868,0.134745394844135
0.873,-7.698125,-5.36540130711705,-1.37200302744,50,-5.30466161737104,-1.3833698711996,-5170.42349458826,-0.060739689745996,-5.51747610911546,-1.66205285408822,-6019.20348834389,0.152074801998413
0.874,-7.638125,-5.4420119064336,-1.32200302872,50,-5.38249872517875,-1.33365775174903,-5184.46447298272,-0.0595131812548541,-5.61104449600944,-1.60410000007162,-6012.62035851586,0.169032589575838
0.875,-7.578125,-5.51862250575016,-1.27200303,50,-5.45748604513115,-1.28389350908238,-5176.25524771837,-0.0611364606190071,-5.7012967373629,-1.54629753777317,-5983.69563012349,0.182674231612727
0.876,-7.518125,-5.58777271713984,-1.22200303128,50,-5.52962645737913,-1.23428192586429,-5205.21498920005,-0.0581462597607034,-5.78824733167332,-1.48885077679248,-5991.94447455317,0.200474614533472
0.877,-7.458125,-5.65692292852953,-1.17200303256,50,-5.59891890561143,-1.18448081097856,-5209.6269957172,-0.058004022918102,-5.87190684584173,-1.43141716892256,-5975.73135825471,0.214983917312194
0.878,-7.398125,-5.72312006708546,-1.12200303232,50,-5.66535900869483,-1.13471629736095,-5215.41012167402,-0.0577610583906309,-5.95228248011049,-1.37422174381479,-5961.04343904001,0.22916241302503
0.879,-7.338125,-5.78480988394779,-1.07200302976,50,-5.72894850072922,-1.08497571398064,-5234.02117089474,-0.0558613832185621,-6.02938746878847,-1.31725010047271,-5959.3946746105,0.244577584840692
0.88,-7.278125,-5.84649970081012,-1.0220030272,50,-5.78968537081863,-1.03514100685174,-5229.6543117452,-0.0568143299914985,-6.10323118708225,-1.26038193181056,-5935.02673229013,0.256731486272139
0.881,-7.218125,-5.90228339290646,-0.972003027376003,50,-5.84757028631998,-0.985423718623059,-5250.16875696094,-0.0547131065864754,-6.1738255469394,-1.20382609387918,-5935.83797099058,0.271542154032939
0.882,-7.158125,-5.95651284164334,-0.922003028272001,50,-5.90260341189566,-0.935594759295153,-5259.07324548131,-0.0539094297476768,-6.24118179348409,-1.14735045410056,-5925.36905726329,0.28466895184075
0.883,-7.098125,-6.0093434643437,-0.872003028952,50,-5.95478141414864,-0.885761113559817,-5256.97664058437,-0.0545620501950509,-6.30530749117444,-1.09105866556988,-5904.25455115948,0.295964026830754
0.884,-7.038125,-6.05611250755244,-0.822003028695998,50,-6.00410692423027,-0.836023998740423,-5280.57194895869,-0.0520055833221621,-6.36621597150582,-1.03504838276758,-5909.20778523812,0.31010346395337
0.885,-6.97812499999999,-6.10288155076118,-0.772003028439996,50,-6.05057869729254,-0.786146899611956,-5280.40961124557,-0.0523028534686337,-6.42391648063944,-0.979079346150098,-5890.7949035751,0.321034929878261
0.886,-6.918125,-6.14529870357942,-0.722003028408001,50,-6.09419498062035,-0.736348603494098,-5292.795784512,-0.0511037229590678,-6.47841753836328,-0.923366460050675,-5885.33379547449,0.333118834783845
0.887,-6.858125,-6.1846073632616,-0.672003028535999,50,-6.13495697850154,-0.686513541941172,-5306.47012547719,-0.049650384760058,-6.52973039606973,-0.867790171119231,-5881.57244513791,0.345123032808115
0.888,-6.798125,-6.22391602294379,-0.622003028663997,50,-6.17286224655414,-0.636629920796773,-5297.90213794935,-0.0510537763896443,-6.57786242614538,-0.812334629858727,-5855.98577159163,0.353946403201597
0.889,-6.738125,-6.25591972375621,-0.572003028792003,50,-6.2079138668759,-0.586902444750404,-5325.34547298445,-0.0480058568803067,-6.62282629385541,-0.757200442083803,-5866.83035684857,0.366906570099218
0.89,-6.678125,-6.28776799991183,-0.522003028920001,50,-6.24011128782314,-0.536999567609583,-5329.59767333704,-0.0476567120886786,-6.66463079528493,-0.702051942115566,-5854.90456213731,0.376862795373101
0.891,-6.618125,-6.3168186239944,-0.472003028903999,50,-6.26945057971103,-0.487134919685088,-5334.03931238743,-0.0473680442833684,-6.70328111241585,-0.647098639633624,-5843.58798958601,0.386462488421453
0.892,-6.558125,-6.34120649462189,-0.422003028647997,50,-6.2959338812862,-0.437306698885612,-5352.64443543153,-0.0452726133356752,-6.73878826000578,-0.592334627238,-5846.8522035368,0.397581765383897
0.893,-6.49812499999999,-6.36559436524937,-0.372003028391996,50,-6.31955954511553,-0.387384544696369,-5348.23723328955,-0.0460348201338499,-6.77115923225185,-0.537625468293243,-5827.51764693695,0.40556486700248
0.894,-6.438125,-6.38423154053468,-0.322003028432001,50,-6.34032825852515,-0.337580316105826,-5367.51670517579,-0.0439032820095402,-6.80040312573477,-0.483178986465568,-5832.27851453214,0.416171585200076
0.895,-6.378125,-6.40115904963718,-0.272003028559999,50,-6.35824053004411,-0.287675912928244,-5376.51038812128,-0.0429185195930802,-6.82652862847662,-0.428773096702851,-5827.15666433495,0.425369578839434
0.896,-6.318125,-6.41684315781833,-0.222003028687997,50,-6.37329333546808,-0.23776611969249,-5373.29287484366,-0.0435498223502598,-6.84954066912385,-0.37449865709108,-5810.220292904,0.432697511305514
0.897,-6.258125,-6.4263102613927,-0.172003028816003,50,-6.38548958459885,-0.187963287758404,-5397.07791000005,-0.0408206767938521,-6.86944988722052,-0.320464157477872,-5820.67616755091,0.443139625827814
0.898,-6.198125,-6.43577736496706,-0.122003028944001,50,-6.39482828431056,-0.138018827890378,-5397.04906019104,-0.0409490806565099,-6.8862628001451,-0.266417217292313,-5807.70041361599,0.450485435178053
0.899,-6.138125,-6.44104800280774,-0.0720030289423989,50,-6.40130760261069,-0.0881520473533907,-5408.35494991637,-0.0397404001970458,-6.89998487131148,-0.212573426800243,-5806.43385143152,0.45893686850375
0.9,-6.078125,-6.44305472285555,-0.022003028839997,50,-6.40492899935717,-0.0382585461407622,-5422.2563830847,-0.038125723498369,-6.91062464523756,-0.158824746555532,-5808.12920468915,0.467569922382004
0.901,-6.01812499999999,-6.44506144290335,0.0279969712624049,50,-6.40569026067162,0.0116855133301353,-5413.85632806048,-0.0393711822317165,-6.91818678647163,-0.105143779515231,-5787.88116002953,0.473125343568287
0.902,-5.958125,-6.43991860765336,0.0779969712911993,50,-6.40359436981753,0.06147487900263,-5440.25136884242,-0.0363242378358401,-6.92268095510258,-0.0517322999847105,-5802.77788205749,0.482762347449214
0.903,-5.898125,-6.43446492217303,0.127996971316801,50,-6.39864101261176,0.111429905533526,-5444.76029952305,-0.0358239095612574,-6.92411331688568,0.00173344159519467,-5796.12966233262,0.48964839471264
0.904,-5.838125,-6.42636902531926,0.177996971288003,50,-6.39082647305834,0.161348983935561,-5448.2315881893,-0.0355425522609336,-6.92248644364143,0.0550551476541823,-5788.77642971428,0.496117418322159
0.905,-5.778125,-6.41345497831395,0.227996971159998,50,-6.38015308271862,0.211222623621803,-5467.1619561747,-0.0333018955953423,-6.91780876741512,0.10822655532869,-5797.20636903401,0.504353789101169
0.906,-5.718125,-6.40054093130864,0.277996971032,50,-6.36661936861757,0.261193118551996,-5463.01070819334,-0.033921562691069,-6.91008473317391,0.161393102763043,-5782.87028455854,0.509543801865282
0.907,-5.658125,-6.38203158015722,0.327996971192001,50,-6.35022586906349,0.31104796773362,-5481.32109569661,-0.0318057110937449,-6.89932061939981,0.214345350071699,-5791.30299138844,0.517289039242586
0.908,-5.598125,-6.36165712762377,0.377996971448003,50,-6.33097328493274,0.360993997464041,-5490.64292533613,-0.0306838426910432,-6.88552269411376,0.267293102299862,-5791.04594738169,0.523865566489977
0.909,-5.53812499999999,-6.34019470570126,0.427996971648005,50,-6.30885876504307,0.410948371681064,-5486.51960079558,-0.0313359406581913,-6.86869350494112,0.320156420707208,-5777.63431448113,0.528498799239863
0.91,-5.478125,-6.31235989164284,0.47799697152,50,-6.28388537527385,0.460787382032278,-5510.68820928971,-0.0284745163689757,-6.84884135286541,0.372814413948339,-5792.79706127546,0.536481461222561
0.911,-5.418125,-6.28452507758441,0.527996971392002,50,-6.25605226372663,0.510771493115594,-5510.96822759858,-0.0284728138577735,-6.82597046195452,0.425530284570453,-5784.34568213234,0.541445384370115
0.912,-5.358125,-6.25264921053157,0.577996971264004,50,-6.22535741927574,0.560680704995171,-5521.35298523207,-0.0272917912558226,-6.80008374240167,0.478086692904986,-5786.26567089914,0.547434531870086
0.913,-5.298125,-6.217353990945,0.627996971135998,50,-6.19180246679262,0.610608097366564,-5535.62629689489,-0.0255515241523979,-6.77118759015831,0.530579302703256,-5792.33316170109,0.553833599213303
0.914,-5.238125,-6.18205877135843,0.677996971008,50,-6.1553853405495,0.660589416747079,-5527.52617045762,-0.0266734308089284,-6.73928456466033,0.583046369871716,-5776.27864334351,0.557225793301898
0.915,-5.178125,-6.13976942158924,0.727996971240002,50,-6.11610884990741,0.710418743919331,-5552.99342173206,-0.023660571681822,-6.7043819587481,0.635284411517175,-5794.03557889007,0.56461253715885
0.916,-5.118125,-6.09701379647453,0.777996971496004,50,-6.07397284959157,0.760405134346191,-5557.86954293303,-0.0230409468829688,-6.66648397308119,0.687604848005112,-5791.43827752712,0.569470176606666
0.917,-5.05812499999999,-6.05177138418483,0.827996971624006,50,-6.02897377452495,0.810358906182938,-5560.47213898821,-0.0227976096598812,-6.62559125501616,0.739820292643954,-5786.79733307933,0.573819870831344
0.918,-4.998125,-6.00155539754515,0.877996971496,50,-5.98111409137832,0.860259193557046,-5579.82164740746,-0.0204413061668214,-6.58171035410453,0.791912106654685,-5799.12634506727,0.580154956559391
0.919,-4.938125,-5.95133941090546,0.927996971368002,50,-5.93039244838468,0.910260150963182,-5576.01310443457,-0.0209469625207791,-6.53484387575813,0.84403660526399,-5788.51368517787,0.583504464852674
0.92,-4.878125,-5.89568354523484,0.977996970960004,49.3301833559999,-5.87680918559584,0.960148568289987,-5520.62834261073,-0.0188743596390063,-6.48499599525921,0.895982674429467,-5799.34085136798,0.589312450024382
0.921,-4.818125,-5.83800715306702,1.027996970448,48.4115776728,-5.82038433954457,1.00945011876116,-5441.91444324361,-0.0176228135224397,-6.43217127724572,0.947947837116687,-5802.67450254175,0.594164124178692
0.922,-4.758125,-5.77942052255981,1.07769794472,47.2578781608,-5.76115765780662,1.05795108395492,-5331.89607236641,-0.0182628647531976,-6.37637060358247,0.99986312339254,-5786.3245313741,0.59695008102266
0.923,-4.698125,-5.71446222367698,1.12530574248,44.4585218471999,-5.699183225615,1.10536470364056,-5053.26337370673,-0.0152789980619817,-6.31760201758964,1.05154752123992,-5764.17914322482,0.603139793912664
0.924,-4.638125,-5.64950392479414,1.17291354024,41.6591655335998,-5.63456773508646,1.15014141138802,-4799.17552009494,-0.0149361897076958,-6.2558802653908,1.10294807069967,-5724.65925317717,0.606376340596653
0.925,-4.57812499999999,-5.58112916910627,1.216724468,38.4713047399996,-5.56745568400221,1.19251110698524,-4486.380758044,-0.0136734851040459,-6.19122617693041,1.15390536631932,-5632.36245736869,0.610097007824128
0.926,-4.518125,-5.50961127315778,1.25704227536,34.9260198248,-5.49800034994538,1.23193741774342,-4131.48794860286,-0.0116109232124108,-6.12367903901261,1.20393454760931,-5498.79794769905,0.614067765854833
0.927,-4.458125,-5.43809337720928,1.29736008272,31.3807349095998,-5.426381341132,1.26803760387306,-3816.3129322926,-0.0117120360772866,-6.05330286400203,1.25265739017935,-5365.98819545259,0.615209486792748
0.928,-4.39812499999999,-5.3616924459766,1.32921475408,28.2236222183997,-5.35277861472661,1.30118222456415,-3472.43817855286,-0.00891383124997726,-5.98017224266267,1.30008286262274,-5128.61473981663,0.618479796686077
0.929,-4.338125,-5.28484760244537,1.36030004944,25.1017979112001,-5.27736894503492,1.33111182335876,-3163.31211095715,-0.00747865741045104,-5.90438901008945,1.34525098979198,-4899.70362160998,0.61954140764409
0.93,-4.278125,-5.2067428659756,1.3888447972,22.106026428,-5.20032723809798,1.35815107145336,-2870.98003237578,-0.00641562787762205,-5.82608017206519,1.38824312407662,-4655.16781271625,0.619337306089597
0.931,-4.218125,-5.12586636504105,1.41180034024,19.3875711575999,-5.12181454423486,1.38245895359047,-2570.47804149988,-0.00405182080619232,-5.74537442522777,1.42891889111129,-4358.39430578246,0.619508060186706
0.932,-4.15812499999999,-5.04498986410651,1.43475588328,16.6691158871998,-5.04198939116988,1.4039645401942,-2307.26717960153,-0.00300047293662893,-5.66241815258621,1.46680129444326,-4091.72616784332,0.617428288479714
0.933,-4.09812499999999,-4.96206132097081,1.45269691592,14.2195347329597,-4.96100238570449,1.42301525320923,-2036.90512314363,-0.00105893526633764,-5.57736334346548,1.50217163318104,-3782.61818302342,0.615302022494675
0.934,-4.038125,-4.87828781928171,1.46857315016,11.88066645008,-4.87899595750081,1.43954910669968,-1784.87225613602,0.00070813821909556,-5.49036500248929,1.53464335443342,-3479.2957037475,0.612077183207564
0.935,-3.978125,-4.79431489481916,1.4838149256,9.57859423599989,-4.79610936937612,1.45373863034075,-1560.49344462075,0.00179447455697118,-5.40158755466387,1.56427417770853,-3201.23785527304,0.607272659844708
0.936,-3.91812499999999,-4.70862693450501,1.49360035536,7.59296821359982,-4.71246954891936,1.46584187515423,-1321.0399879859,0.00384261441433821,-5.31118698654458,1.59130094100159,-2875.89393069455,0.602560052039558
0.937,-3.858125,-4.62293897419088,1.50338578512,5.60734219120004,-4.62819991154491,1.47572338813721,-1114.23241567994,0.00526093735402779,-5.21932484689262,1.61529264870543,-2590.63781244837,0.596385872701732
0.938,-3.798125,-4.53671386621882,1.510585764,3.78436894844797,-4.5434190502872,1.48368695510985,-914.07149048627,0.00670518406839224,-5.12616433124882,1.63662281297446,-2300.9523364994,0.589450465029996
0.939,-3.738125,-4.44995161058885,1.515200292,2.12404848534391,-4.45823501839883,1.48979669804191,-720.289083386481,0.00828340780998739,-5.03185898403932,1.65525480911014,-2008.60511790456,0.581907373450475
0.94,-3.67812499999999,-4.36318935495887,1.51981482,0.463728022239843,-4.3727522687297,1.4941141727271,-554.41223622185,0.00956291377083873,-4.93656398063094,1.67116833124074,-1754.56018202049,0.573374625672074
0.941,-3.61812499999999,-4.27609926708787,1.52055599056,-0.930886723216181,-4.28706605629609,1.49689888833261,-378.980355566078,0.0109667892082104,-4.84042486242708,1.68471997400191,-1471.22005093017,0.564325595339195
0.942,-3.558125,-4.18897105918887,1.52084677072,-2.29460545499203,-4.20126665199351,1.4980653143269,-225.987761025884,0.0122955928046466,-4.74358457132871,1.69564388251076,-1219.52992780039,0.554613512139849
0.943,-3.498125,-4.10190747176181,1.52010173904,-3.58020973256007,-4.11544079101643,1.49782240049114,-87.0855275956808,0.0135333192546135,-4.64618520704101,1.70423530982864,-984.972062693645,0.544277735279214
0.944,-3.43812499999999,-4.01500081976667,1.51684116432,-4.67610747848011,-4.02966544634452,1.49630196262425,52.8180569068605,0.0146646265778407,-4.54835579193204,1.71065548807518,-740.220759193261,0.533354972165365
0.945,-3.378125,-3.92809416777155,1.5135805896,-5.77200522439999,-3.94401402190221,1.49349676845864,170.182635166131,0.0159198541306768,-4.4502233195858,1.71481400305324,-531.237693842597,0.522129151814251
0.946,-3.318125,-3.84166836496807,1.50835795896,-6.70322554664002,-3.85855413136082,1.489616168224,286.730816984483,0.016885766392738,-4.35190784623704,1.71704342813186,-316.721244410005,0.510239481268962
0.947,-3.258125,-3.75546112997898,1.50224348472,-7.55959249448005,-3.77334712802685,1.484669339647,391.952214649939,0.0178859980478631,-4.2535212733175,1.71729584626683,-118.284728668718,0.498060143338524
0.948,-3.19812499999999,-3.66934378684257,1.49594316728,-8.39827713544006,-3.68845106964542,1.47876214179577,480.56618923976,0.0191072828028408,-4.15517254915692,1.71572225720887,52.9545534166358,0.485828762314341
0.949,-3.13812499999999,-3.58421525408565,1.48759857464,-9.04245640072009,-3.60391656161609,1.47204885153498,573.568978013073,0.0197013075304399,-4.05695904705953,1.71257570581876,238.52325494732,0.472743792973886
0.95,-3.078125,-3.49908672132875,1.479253982,-9.68663566600002,-3.51979091055635,1.46449034121738,649.28872635867,0.0207041892276186,-3.9589745979523,1.70772679952923,393.740443032887,0.459887876623548
0.951,-3.018125,-3.41461475699793,1.47010556144,-10.2416185632,-3.43611795134863,1.45624692490599,718.842564293089,0.0215031943507075,-3.86130866453178,1.70145741091406,541.120909317609,0.44669390753385
0.952,-2.95812499999999,-3.33085645399982,1.46008341488,-10.6996488864,-3.35293527071204,1.44737639058089,783.681402455012,0.0220788167122167,-3.76404050591369,1.69384183956142,682.923811372259,0.433184051913872
0.953,-2.898125,-3.24709815100172,1.45006126832,-11.1576792096,-3.27027752932723,1.43792308827291,834.781023605814,0.0231793783255026,-3.66724572288505,1.68493348564547,799.431780128975,0.420147571883319
0.954,-2.838125,-3.16472616889248,1.43899543184,-11.4742360272,-3.18817447034661,1.42801432206891,886.634364161003,0.0234483014541371,-3.57099166227809,1.67496706636554,922.039966826747,0.406265493385621
0.955,-2.778125,-3.08255223262451,1.4277804968,-11.770582344,-3.10665236835535,1.41764386371942,928.161242381076,0.0241001357308347,-3.47534050756708,1.66388809971786,1025.40648248359,0.392788274942574
0.956,-2.71812499999999,-3.00084709056203,1.41635655088,-12.0292869424,-3.02573493421527,1.40690743230075,961.937469184363,0.0248878436532327,-3.38035088227278,1.65187533352445,1115.13653313593,0.379503791710741
0.957,-2.65812499999999,-2.92040408674508,1.40436988336,-12.1866484528,-2.94544107762167,1.39587690106419,994.005584992021,0.0250369908765837,-3.28607265366873,1.63905567065264,1204.89013652937,0.365668566923641
0.958,-2.598125,-2.83996108292815,1.39238321584,-12.3440099632,-2.86578718600286,1.38456844048561,1016.5991734857,0.0258261030747112,-3.19255202390706,1.62543014510706,1275.40711656675,0.352590940978899
0.959,-2.538125,-2.76073079442987,1.38012335024,-12.4225871152,-2.78678667408394,1.37306964700679,1036.21807036961,0.0260558796540712,-3.0998300597184,1.61117698290973,1343.06782486982,0.339099265288518
0.96,-2.478125,-2.68210686359092,1.3677268856,-12.461772088,-2.70844965467374,1.36140818280653,1050.6881699436,0.0263427910828139,-3.00794194136359,1.59632343459741,1401.22146669691,0.325835077772678
0.961,-2.418125,-2.60359901170943,1.35532404344,-12.4947491632,-2.63078408387475,1.3496316689597,1058.4903444383,0.0271850721653222,-2.91691953608542,1.58095789578018,1445.24842058822,0.313320524375993
0.962,-2.358125,-2.52683234418988,1.34282553848,-12.4346077744,-2.55379479103523,1.33780162870398,1064.8665096111,0.0269624468453592,-2.82678843280627,1.56521112557231,1490.84625303595,0.299956088616396
0.963,-2.298125,-2.45006567667033,1.33032703352,-12.3744663856,-2.47748446477583,1.32593126429107,1065.47215351307,0.0274187881054892,-2.73757087156923,1.54906926279974,1522.94703686347,0.287505194898884
0.964,-2.238125,-2.37414838827984,1.31790031016,-12.2765342416,-2.40185389282806,1.31407372701909,1062.25068365729,0.0277055045482153,-2.64928591467695,1.53265709270325,1548.66969347072,0.275137526397108
0.965,-2.178125,-2.29923491158735,1.3055584196,-12.133940296,-2.32690133214411,1.30226420645257,1055.9989360984,0.0276664205567618,-2.56194735657253,1.51603371302963,1569.84351577759,0.262712444985192
0.966,-2.11812500000001,-2.22432143489487,1.29321652904,-11.9913463504,-2.25262323503978,1.29053050672046,1045.96399866126,0.0283018001449119,-2.47556609040131,1.49924130042928,1580.99448712912,0.251244655506435
0.967,-2.058125,-2.15095724689785,1.28119182432,-11.79106898,-2.1790142635683,1.27890731564736,1032.78406193409,0.0280570166704573,-2.39014915190233,1.48237232713203,1589.90986628685,0.239191905004487
0.968,-1.998125,-2.07785757160494,1.26922127328,-11.58094322,-2.1060672620591,1.26742339593831,1016.98438661477,0.0282096904541635,-2.3057003350668,1.46544747925514,1591.69748261507,0.227842763461875
0.969,-1.938125,-2.00519421513218,1.25738752224,-11.35719074,-2.03377356657521,1.25610263331775,998.519462005121,0.0285793514430256,-2.2222209601939,1.44853241882223,1587.35030879583,0.217026745061735
0.97,-1.878125,-1.93383981511986,1.2459641712,-11.0925581,-1.96212313369427,1.24496929518566,976.853316783494,0.0282833185744102,-2.13970885005012,1.43168357073214,1579.7765964294,0.205869034930265
0.971,-1.818125,-1.86248541510755,1.23454082016,-10.82792546,-1.89110438939096,1.23405254226372,954.092452232705,0.0286189742834171,-2.05815936349938,1.41493051651035,1566.59443219714,0.195673948391843
0.972,-1.758125,-1.79219860359629,1.2235625448,-10.53533350584,-1.82070464533927,1.22336211026267,927.977501564789,0.0285060417429676,-1.97756553804412,1.39832470543355,1549.24218349833,0.185366934447816
0.973,-1.698125,-1.72249724384369,1.2128283432,-10.22740902456,-1.75091006035033,1.21292850597736,900.262688048093,0.028412816506633,-1.89791784474188,1.38190427405194,1528.19758726165,0.175420600898197
0.974,-1.63812500000001,-1.65286012586087,1.2021275536,-9.91807710184003,-1.68170550902341,1.20276605006306,872.450163159363,0.0288453831625278,-1.81920469719288,1.36570290462435,1503.74831825741,0.166344571332005
0.975,-1.578125,-1.58470056858303,1.19219524,-9.57637402600002,-1.61307544198849,1.19287522118439,839.535134251677,0.028374873405461,-1.74141265646143,1.34975158059422,1474.75246673404,0.156712087878412
0.976,-1.518125,-1.51654101130519,1.1822629264,-9.23467095016001,-1.54500296340528,1.18330254135644,807.789442896395,0.0284619521000813,-1.6645262088047,1.33409174295034,1443.8674420305,0.147985197499507
0.977,-1.458125,-1.44900077483387,1.17271992256,-8.88166266039999,-1.47747016699436,1.17403675954269,774.026050431916,0.0284693921604842,-1.5885281683146,1.31874032028209,1409.60361158651,0.139527393480723
0.978,-1.398125,-1.38225680797094,1.16367745984,-8.51411909559998,-1.41045895063586,1.16509596290143,737.790065328038,0.0282021426649131,-1.5133999872896,1.30372791955905,1372.07110257337,0.131143179318663
0.979,-1.338125,-1.31551284110803,1.15463499712,-8.14657553080002,-1.34395005680375,1.15650239555791,703.627043566522,0.0284372156957287,-1.43912139476225,1.28908408714006,1334.36597418147,0.123608553654226
0.98,-1.278125,-1.24983370851512,1.1463901536,-7.76291781560001,-1.27792415249463,1.14823644804399,664.170946703522,0.0280904439795086,-1.36567124419458,1.27480983984253,1291.23426173853,0.115837535679472
0.981,-1.218125,-1.18436754277623,1.13830483392,-7.37603727031999,-1.2123610859767,1.14034630883984,626.128407764364,0.0279935432004723,-1.29302694609645,1.26095452938278,1248.01921669041,0.108659403320219
0.982,-1.15812500000001,-1.11916061646708,1.13045040072,-6.98592167520004,-1.14723971426554,1.13281839070971,588.574860250607,0.0280790977984537,-1.22116449379454,1.24751827306868,1204.0495889466,0.102003877327461
0.983,-1.098125,-1.0548256773307,1.12337258568,-6.58492454880002,-1.08253942858538,1.12564763348981,546.165038233441,0.0277137512546881,-1.15005969698444,1.23450736352712,1155.02906737255,0.0952340196537448
0.984,-1.038125,-0.990490738194319,1.11629477064,-6.18392742240001,-1.01823850106035,1.11887816130615,507.509632836487,0.0277477628660353,-1.0796868727619,1.22196760969382,1108.44356927899,0.0891961345675852
0.985,-0.978124999999999,-0.926767150067369,1.1098696188,-5.77666796639999,-0.954314947086494,1.11247481153403,465.108761067412,0.0275477970191348,-1.01001968859088,1.20987587906143,1057.70885586364,0.0832525385235077
0.986,-0.918124999999996,-0.863410372546079,1.10383606488,-5.36565111263998,-0.890746818494917,1.10647147497433,422.526411221034,0.0273364459488274,-0.941031400957336,1.19826964997494,1006.2129479399,0.0776210284112618
0.987,-0.858125000000003,-0.800070686630847,1.09782481008,-4.95449090832002,-0.827511166148605,1.10086920120489,383.933890828929,0.0274404795177542,-0.8726940136092,1.18715517289643,957.859654204155,0.07262332697836
0.988,-0.798125000000001,-0.737534306199884,1.09286161392,-4.53659322768,-0.764586080213032,1.09563066214739,336.794264857267,0.0270517740131376,-0.80498020133695,1.17650277355976,900.998145011688,0.0674458951370598
0.989,-0.738124999999998,-0.674997925768922,1.08789841776,-4.11869554703999,-0.701948483695544,1.09083392738438,294.929608185599,0.0269505579266165,-0.737861267124129,1.16639001132664,848.751729285735,0.0628633413552132
0.99,-0.678125000000005,-0.612736278692408,1.083388668,-3.69891032400003,-0.639574472966677,1.08642978240162,251.919782583157,0.0268381942742736,-0.671307532361141,1.15677359089965,795.048310192549,0.058571253668721
0.991,-0.618125000000003,-0.550859258312098,1.0795137432,-3.27648254160002,-0.577441269900193,1.08242815423914,205.793946261904,0.0265820115881036,-0.605290196788313,1.14766614737999,738.089828767889,0.0544309384762267
0.992,-0.558125,-0.488982237931788,1.0756388184,-2.8540547592,-0.515525008596947,1.07885708629446,165.283063318701,0.0265427706651561,-0.539779262871579,1.13909683842688,686.384743716768,0.050797024939791
0.993,-0.498124999999998,-0.427508297348139,1.07265770496,-2.42935619087999,-0.453802518772728,1.07566425362817,117.423184549421,0.0262942214245943,-0.474745306255141,1.13101649868513,627.315980315244,0.0472370089069911
0.994,-0.438124999999996,-0.366127375179104,1.06988285568,-2.00413359503997,-0.392250209032023,1.07291668073719,72.9475377729106,0.0261228338529238,-0.410158392003797,1.12349211609326,571.473863157307,0.0440310168246841
0.995,-0.378125000000002,-0.304815498091321,1.0673387048,-1.57859844120002,-0.330843479590503,1.07058254253454,30.9375253269284,0.0260279814991889,-0.345987541222892,1.11649314377227,517.986151732867,0.0411720431315791
0.996,-0.318125,-0.243765992312253,1.06567120784,-1.15187556696,-0.2695593105877,1.0686385143606,-18.33666985363,0.0257933182754396,-0.282203293980384,1.10999710680348,457.280748690096,0.0384373016681313
0.997,-0.258124999999998,-0.182716486533185,1.06400371088,-0.725152692719985,-0.208373453135701,1.06715082202599,-60.6726356853239,0.0256569666025228,-0.218774954236649,1.10406962839999,403.469184202566,0.0360584677034748
0.998,-0.198125000000005,-0.121767211900657,1.0630075964,-0.298145473480032,-0.147261610023903,1.06605492650016,-107.54551276801,0.0254943981232531,-0.155671788176024,1.09864640398131,345.159442909523,0.0339045762753799
0.999,-0.138125000000002,-0.0608836059503283,1.0624513532,0.129048040759984,-0.0862001545951876,1.06539196008155,-154.440798718898,0.0253165486448695,-0.0928637410222716,1.09376803518037,286.894654870127,0.0319801350719391
1,-0.078125,0,1.06189511,0.556241555,-0.0251642951566698,1.06516145789164,-194.25400700831,0.0251642951566811,-0.0303196308898502,1.08943326390103,235.793641866292,0.0303196308898522
1.001,-0.0181249999999977,0.0608836059503283,1.0624513532,0.982964429240016,0.0358688609069674,1.06529759449638,-246.581490887376,0.0250147450433595,0.0319897758382081,1.08557534083682,172.24091228613,0.0288938301121235
1.002,0.0418750000000045,0.121767211900657,1.0630075964,1.40968730348003,0.0969236024407552,1.06591493294108,-290.653268169545,0.024843609459912,0.0940950611597352,1.08230808266549,117.092249764121,0.0276721507409175
1.003,0.101875000000007,0.182716486533194,1.06400371088,1.83581631752005,0.158025303032953,1.06693677486218,-335.395704604745,0.0246911835002429,0.156027826471344,1.07955325643953,61.3776355680938,0.0266886600618425
1.004,0.161875,0.243765992312253,1.06567120784,2.26103891336,0.219197297823213,1.0683686633435,-384.659815470709,0.0245686944890457,0.217817558369201,1.07731527464482,1.23920016897419,0.0259484339430556
1.005,0.221875000000011,0.30481549809133,1.0673387048,2.68626150920008,0.280464254276198,1.07025156221765,-425.62571631839,0.0243512438151411,0.279495012852711,1.07563403532756,-50.376910607525,0.0253204852386194
1.006,0.281874999999996,0.366127375179104,1.06988285568,3.10927154439997,0.341849806276072,1.07250842888634,-475.884624437553,0.0242775689030319,0.341089818045518,1.07443027015039,-111.294889735543,0.0250375571335827
1.007,0.341875000000007,0.427508297348148,1.07265770496,3.53169932680005,0.403377813263826,1.0752241793664,-521.691589171701,0.0241304840843344,0.402631761604676,1.07378881621723,-167.549444707747,0.0248765357434615
1.008,0.401875,0.488982237931788,1.0756388184,3.95327771512,0.465073373611947,1.07835714450876,-563.299026768794,0.0239088643198375,0.464151807527438,1.0736658984434,-219.413458350285,0.0248304304043518
1.009,0.461875000000003,0.550859258312098,1.0795137432,4.37117539576002,0.526959266603811,1.08186804198104,-614.779082517449,0.023899991708294,0.525678485548418,1.07402032011764,-281.255898731997,0.0251807727636695
1.01,0.521875000000005,0.612736278692408,1.083388668,4.78907307640003,0.589059731418091,1.08584711407513,-656.775146266119,0.0236765472743086,0.587241753927489,1.07494314288979,-333.263403905228,0.0254945247649255
1.011,0.581875000000007,0.674997925768931,1.08789841776,5.20295694136005,0.651399072089274,1.09020638239396,-703.710916530404,0.0235988536796563,0.648871562307938,1.07634300433424,-390.310533829197,0.0261263634609883
1.012,0.641875000000001,0.737534306199884,1.09286161392,5.61397379512001,0.714000357286046,1.09499070293333,-750.908561826375,0.0235339489138321,0.710596550056266,1.07826552958875,-447.540086997395,0.0269377561436182
1.013,0.701875000000012,0.800070686630856,1.09782481008,6.02499064888008,0.776887990852536,1.10020182611259,-788.779765682413,0.0231826957783311,0.77244668847399,1.08071158681826,-495.025198713697,0.0276239981568737
1.014,0.761874999999996,0.863410372546079,1.10383606488,6.42619651959997,0.840083949744485,1.10575328712639,-841.200787762732,0.0233264228015865,0.834449382235985,1.08359071568686,-557.735036616759,0.0289609903100831
1.015,0.821875000000007,0.926767150067378,1.1098696188,6.82719364600005,0.903611553529595,1.11177841677876,-883.647926209412,0.0231555965377938,0.896633437926937,1.08704231241442,-609.959004167953,0.0301337121404317
1.016,0.881875000000001,0.990490738194319,1.11629477064,7.22289705448001,0.96749529166624,1.11818472115388,-925.775050925812,0.0229954465280807,0.959028866456947,1.09096901966852,-661.944077412651,0.0314618717373672
1.017,0.941875000000003,1.0548256773307,1.12337258568,7.60977759976002,1.03175690258851,1.12496866530461,-973.320156188226,0.0230687747421984,1.02166280559395,1.09536790320023,-719.761254471277,0.033162871736765
1.018,1.00187500000001,1.11916061646708,1.13045040072,7.99665814504004,1.09641943465906,1.13217950931032,-1010.6778857065,0.0227411818080345,1.0845638251919,1.10029188649141,-766.743142410017,0.0345967912751904
1.019,1.06187500000001,1.18436754277624,1.13830483392,8.36863310120005,1.16150464349097,1.13972286761939,-1057.25511041634,0.0228628992852642,1.14775913217906,1.10564047097752,-823.978720751313,0.0366084105971872
1.02,1.121875,1.24983370851512,1.1463901536,8.73617666600001,1.22703399588096,1.14768304419041,-1098.83650328069,0.0227997126341636,1.21127573802642,1.11150733247842,-875.914942777688,0.0385579704886972
1.021,1.18187500000001,1.31551284110804,1.15463499712,9.09941348264007,1.2930300385434,1.1560134313021,-1134.50308807887,0.0224828025646459,1.27514191810441,1.11784291358663,-921.62593273073,0.0403709230036197
1.022,1.241875,1.38225680797094,1.16367745984,9.44111655847998,1.35951240763061,1.16465903889391,-1180.28182088099,0.02274440034032,1.33938286652936,1.12458921565169,-979.020065472671,0.0428739414415741
1.023,1.30187500000001,1.44900077483388,1.17271992256,9.78281963432005,1.42650181511226,1.17371241013573,-1215.39916649817,0.0224989597216156,1.40402517685685,1.13185308696978,-1024.69845752607,0.0449755979770272
1.024,1.361875,1.51654101130519,1.1822629264,10.10552225072,1.49401879609663,1.1830748282318,-1253.68740688215,0.0225222152085651,1.46909539283096,1.13952594049422,-1074.67961085171,0.0474456184742221
1.025,1.42187499999999,1.58470056858302,1.19219524,10.413446732,1.56208187966406,1.19277498639135,-1291.78586931573,0.0226186889189523,1.53461806328374,1.14764672770629,-1124.92621198948,0.0500825052992671
1.026,1.48187500000001,1.65286012586087,1.2021275536,10.72137121328,1.63071035187966,1.20281061516015,-1320.00128492289,0.022149773981211,1.60061890299643,1.15621719642865,-1164.02288687447,0.0522412228644467
1.027,1.54187499999999,1.72249724384368,1.2128283432,10.98780768,1.69992081411558,1.21309027052794,-1359.24517863715,0.0225764297280827,1.66712071817284,1.16513407033343,-1217.54321040603,0.0553765256708388
1.028,1.601875,1.79219860359629,1.2235625448,11.25244032,1.76973014390237,1.22371503625209,-1389.04052908803,0.0224684596939259,1.73414714249135,1.17452951006015,-1260.12327807348,0.0580514611049347
1.029,1.66187499999999,1.86248541510754,1.23454082016,11.49776844,1.84015560901896,1.23459745081351,-1416.27910167826,0.022329806088579,1.80172269108319,1.18430212347783,-1300.73706209043,0.0607627240243497
1.03,1.721875,1.93383981511986,1.2459641712,11.7078942,1.91121128634974,1.24571359250019,-1446.5265482561,0.022628528770125,1.86986843942601,1.19443323615767,-1346.53749143649,0.0639713756938347
1.031,1.781875,2.00519421513218,1.25738752224,11.91801996,1.98291135011467,1.25709078067577,-1467.55027603631,0.0222828650175067,1.9386062790909,1.20497000956284,-1381.07400537841,0.0665879360412746
1.032,1.841875,2.07785757160494,1.26922127328,12.0774968592,2.05526831457553,1.26864375250525,-1491.90537685462,0.0225892570294091,2.00795646598814,1.2158081868975,-1422.66842254225,0.0699011056167924
1.033,1.901875,2.15095724689784,1.28119182432,12.2200908048,2.12829312160688,1.28040288415593,-1511.52230701841,0.0226641252909527,2.0779381160923,1.2270122336952,-1458.94630280467,0.0730191308055267
1.034,1.96187500000001,2.22432143489487,1.29321652904,12.3506604192,2.20199632534699,1.29232426491006,-1524.9099376581,0.0223251095478767,2.14857077470376,1.23853267071877,-1487.9146346869,0.0757506601911032
1.035,2.02187499999999,2.29923491158734,1.3055584196,12.410801808,2.27638557298232,1.3043503337259,-1540.69089993174,0.0228493386050238,2.2198706290892,1.25030175971828,-1524.6514285323,0.0793642824981383
1.036,2.081875,2.37414838827984,1.31790031016,12.4709431968,2.35146748883628,1.316502946988,-1549.14835298845,0.0226808994435723,2.29185396237661,1.26239058513321,-1550.88414437933,0.0822944259032248
1.037,2.141875,2.45006567667032,1.33032703352,12.4772828064,2.42724738756407,1.32871453226766,-1554.48648993496,0.022818289106234,2.36453631145455,1.27470201385455,-1577.08553841149,0.085529365215766
1.038,2.201875,2.52683234418988,1.34282553848,12.4380978336,2.50372782326602,1.34095630045005,-1556.69231325375,0.0231045209238485,2.43793041241325,1.28723541268646,-1601.79297003028,0.0889019317766225
1.039,2.261875,2.60359901170943,1.35532404344,12.3989128608,2.58090969840041,1.35319938746629,-1553.61513779924,0.0226893133090326,2.51204857959722,1.29997669312107,-1617.57331550433,0.091550432112211
1.04,2.321875,2.68210686359092,1.3677268856,12.248937384,2.65879169608203,1.36539518768347,-1545.48982557882,0.0233151675089018,2.58690036168604,1.31284340374937,-1637.1916768328,0.0952065019048815
1.041,2.381875,2.76073079442987,1.38012335024,12.0915758736,2.73736977858673,1.37749733153788,-1533.67965302235,0.0233610158431378,2.66249395128051,1.32587065990042,-1649.30941041123,0.098236843149363
1.042,2.44187500000001,2.83996108292816,1.39238321584,11.8878860944,2.81663761277497,1.38947206348181,-1516.05381396807,0.0233234701531893,2.73883656296277,1.33898920695336,-1656.5240478362,0.101124519965385
1.043,2.50187499999999,2.92040408674508,1.40436988336,11.5915397776,2.8965863713592,1.40126607687191,-1490.78955376882,0.0238177153858827,2.8159321309996,1.35215379492268,-1661.81729084192,0.104471955745474
1.044,2.561875,3.00084709056204,1.41635655088,11.2951934608,2.97720369476691,1.41280937834744,-1464.7280125012,0.0236433957951216,2.89378278489295,1.36534667561629,-1660.97148450851,0.107064305669103
1.045,2.621875,3.08255223262451,1.4277804968,10.880952556,3.05847501926433,1.42409502152601,-1425.2817235662,0.0240772133601703,2.97238852642875,1.37851132592657,-1654.93843006788,0.110163706195758
1.046,2.681875,3.16472616889248,1.43899543184,10.4229222328,3.14038206586768,1.43500026609945,-1382.70649270569,0.0243441030248071,3.05174637222459,1.391600066928,-1644.54177361462,0.112979796667898
1.047,2.741875,3.24709815100172,1.45006126832,9.94162329184,3.22290223156787,1.44549691541989,-1338.85373724228,0.0241959194338528,3.13185082629463,1.40457287114152,-1629.47310207539,0.115247324707079
1.048,2.801875,3.33085645399983,1.46008341488,9.29744402655997,3.30601178701961,1.45557384958362,-1272.77834971277,0.0248446669802219,3.21269401973928,1.41738693573034,-1604.37644661652,0.118162434260547
1.049,2.861875,3.41461475699793,1.47010556144,8.65326476128004,3.38968084594304,1.46502727093412,-1212.99415551571,0.0249339110548897,3.29426422151541,1.42995024928883,-1578.0448400189,0.120350535482514
1.05,2.92187500000001,3.49908672132876,1.479253982,7.8985710779999,3.47387536948267,1.47391602489492,-1137.41063956001,0.0252113518460813,3.37654675029723,1.44225183893061,-1541.42936587175,0.122539971031519
1.051,2.98187499999999,3.58421525408565,1.48759857464,7.04220413016012,3.55855886557539,1.48209563294028,-1050.44010437205,0.0256563885102727,3.45952391160841,1.45419749874629,-1496.99476391205,0.12469134247726
1.052,3.041875,3.66934378684258,1.49594316728,6.18583718231996,3.64368773347278,1.48946243366945,-973.800686853471,0.0256560533698063,3.54317326716298,1.46571584445122,-1454.70610906892,0.126170519679595
1.053,3.101875,3.75546112997898,1.50224348472,5.10990033624007,3.72921816171359,1.49611273321631,-855.366209289661,0.0262429682653948,3.62747091822752,1.47682728109576,-1387.43082710703,0.127990211751467
1.054,3.161875,3.84166836496807,1.50835795896,4.01400259032003,3.81509811408923,1.50166312760529,-748.189341221919,0.0265702508788433,3.71238698320862,1.48730256241944,-1323.76586428469,0.129281381759458
1.055,3.221875,3.92809416777155,1.5135805896,2.83441078631998,3.90126758657888,1.50621889169675,-633.112020885524,0.0268265811926725,3.79788599287709,1.49717588939911,-1252.49212711272,0.130208174894453
1.056,3.281875,4.01500081976668,1.51684116432,1.47069205454393,3.98766755298227,1.50970888300676,-484.823093471046,0.0273332667844046,3.88393147914585,1.50637819433998,-1159.01099260028,0.131069340620837
1.057,3.341875,4.10190747176181,1.52010173904,0.106973322768082,4.07422824307133,1.51182920669804,-358.366543122731,0.0276792286904881,3.9704791720857,1.51470620927068,-1076.468851531,0.131428299676101
1.058,3.40187500000001,4.18897105918888,1.52084677072,-1.46683830203221,4.16087699564527,1.51278284362438,-186.902595293849,0.0280940635436083,4.05748190047866,1.52226192808039,-962.369538521536,0.131489158710215
1.059,3.46187499999999,4.27609926708787,1.52055599056,-3.12715876513578,4.24753515410624,1.51215753409347,-15.5851481095619,0.0285641129816424,4.14488713208296,1.52875622184627,-846.166909303143,0.131212135004903
1.06,3.521875,4.36318935495888,1.51981482,-4.82136522400011,4.33411236020986,1.50995707327823,140.17583770293,0.0290769947490186,4.23263354450384,1.53417138526799,-737.694918663956,0.130555810455049
1.061,3.581875,4.44995161058885,1.515200292,-6.80699124639989,4.42052253444889,1.50632702210778,369.923032860464,0.029429076139965,4.32066139353661,1.53858021287254,-576.43009034727,0.12929021705223
1.062,3.641875,4.53671386621882,1.510585764,-8.79261726879996,4.50666433096072,1.5005889233212,562.200026414861,0.0300495352581056,4.40889915096051,1.54149857037378,-438.660650176457,0.127814715258301
1.063,3.701875,4.62293897419088,1.50338578512,-10.95486442144,4.59242693678846,1.49309077024704,788.742821455478,0.0305120374024195,4.49726767777057,1.54314492557132,-273.789607844628,0.125671296420317
1.064,3.761875,4.70862693450503,1.49360035536,-13.2937327043201,4.67770055528885,1.48352004559576,1043.47139917899,0.0309263792161817,4.58568700717141,1.54327191532886,-86.5773645774477,0.122939927333602
1.065,3.821875,4.79431489481916,1.4838149256,-15.6326009871999,4.76235910022734,1.47162065265264,1254.41870676751,0.0319557945918116,4.67406426514202,1.54167635561421,71.3460596265987,0.120250629677121
1.066,3.88187500000001,4.87828781928172,1.46857315016,-18.3115159464004,4.84628079115884,1.45779898853877,1569.10713491998,0.0320070281228922,4.76230855273443,1.53863037351444,308.514650361713,0.115979266547297
1.067,3.94187499999999,4.96206132097081,1.45269691592,-21.0299712167997,4.92932823334465,1.44110361446527,1845.36800421236,0.0327330876261549,4.85031594536984,1.53340716165217,519.452791049655,0.111745375600962
1.068,4.001875,5.04498986410652,1.43475588328,-23.8660757896002,5.01134703092734,1.4218925182241,2125.45465271004,0.0336428331791955,4.93796870696282,1.52625141487395,736.293074023217,0.107021157143696
1.069,4.061875,5.12586636504105,1.41180034024,-26.9879000967998,5.09219214702836,1.40013440201592,2484.6887139076,0.0336742180126946,5.02515464165956,1.51711182889988,1015.99840718945,0.100711723381495
1.07,4.121875,5.2067428659756,1.3888447972,-30.109724404,5.17169690111329,1.37510505752484,2778.84796158106,0.0350459648623021,5.11174360318831,1.50541312021894,1248.18198043658,0.0949992627872904
1.071,4.181875,5.28484760244537,1.36030004944,-33.5226778792001,5.24969116202002,1.34740824343913,3163.25483989735,0.0351564404253543,5.19760160311746,1.49159645566259,1554.0580396394,0.0872459993279059
1.072,4.241875,5.36169244597661,1.32921475408,-37.0679627944002,5.32599842772735,1.31621781613475,3542.81172739817,0.0356940182492533,5.28258796312559,1.47498714719163,1858.60574766755,0.0791044828510127
1.073,4.301875,5.43809337720928,1.29736008272,-40.5510869927999,5.4004199623402,1.28158381062767,3859.81825161466,0.037673414869092,5.36654315060893,1.45560174423494,2124.99598211948,0.0715502266003662
1.074,4.36187500000001,5.50961127315779,1.25704227535999,-43.3504433064004,5.47277510208097,1.24408702780635,4217.82509713548,0.0368361710768259,5.44931828714632,1.43379559849588,2520.79175990323,0.0602929860114723
1.075,4.42187499999999,5.58112916910627,1.216724468,-46.1497996199997,5.54288914294258,1.2033547020196,4504.60180370221,0.0382400261636856,5.53074067568348,1.4083819311271,2845.76337483075,0.0503884934227847
1.076,4.481875,5.64950392479415,1.17291354024,-48.0479629232001,5.61059561909762,1.16004716563741,4714.37882906709,0.0389083056965249,5.61062244710358,1.38001791608541,3191.88339685623,0.0388814776905613
1.077,4.541875,5.71446222367698,1.12530574248,-48.9665686064,5.67576739027894,1.11487680730325,4856.82605243556,0.0386948333980449,5.68878911605822,1.3485135610644,3561.80646048007,0.0256731076187627
1.078,4.601875,5.77942052255981,1.07769794472,-49.8851742896,5.73831555284993,1.06846594856953,4958.7309187842,0.0411049697098887,5.76505462022114,1.31365474560833,3861.04870877765,0.014365902338688
1.079,4.661875,5.83800715306702,1.027996970448,-50,5.79817977182403,1.02118950189643,5021.57447885112,0.0398273812429887,5.83924554079618,1.27609693263188,4182.32930764366,-0.00123838772916672
1.08,4.721875,5.89568354523484,0.977996970959996,-50,5.85532078612206,0.97340817296306,5054.87716810465,0.0403627591127859,5.91120154802284,1.23564155275598,4449.96733459386,-0.0155180027879841
1.081,4.781875,5.95133941090546,0.927996971368002,-50,5.90971747634947,0.925394520348404,5078.84367209756,0.0416219345559898,5.98077089027881,1.19278660887095,4674.49864754126,-0.0294314793733417
1.082,4.84187500000001,6.00155539754515,0.877996971495993,-50,5.96135900230645,0.877234797058567,5120.48871023273,0.0401963952387102,6.04782755045528,1.14793240206982,4887.35642456923,-0.0462721529101167
1.083,4.90187499999999,6.05177138418483,0.827996971624006,-50,6.01023234188115,0.828766586988985,5136.18352297096,0.0415390423036688,6.11226014468471,1.10118942774057,5048.7645614364,-0.0604887604998775
1.084,4.961875,6.09701379647453,0.777996971495996,-50,6.05632667323778,0.780229110367819,5167.17258594565,0.0406871232367655,6.17397409852584,1.05303395016236,5203.32646775591,-0.0769603020513087
1.085,5.021875,6.13976942158924,0.727996971240002,-50,6.09963399980944,0.731481767456049,5192.38005932584,0.0401354217797907,6.23289034862159,1.00353114403625,5332.89442680103,-0.0931209270323449
1.086,5.081875,6.18205877135843,0.677996971008,-50,6.14014383026152,0.682578074170694,5197.47349593001,0.0419149410969285,6.28893834597903,0.952913042036429,5425.68820907573,-0.106879574620604
1.087,5.141875,6.217353990945,0.627996971135998,-50,6.17785251458741,0.633703321993174,5234.50121735287,0.0395014763575869,6.3420639305991,0.901519695297776,5535.98036714402,-0.124709939654105
1.088,5.201875,6.25264921053157,0.577996971263996,-50,6.21275329308652,0.584563670644438,5246.01395997394,0.0398959174450581,6.39221810677215,0.849191320392339,5608.2597023345,-0.139568896240578
1.089,5.261875,6.28452507758441,0.527996971392002,-50,6.24483772465976,0.535394268523179,5261.54885406382,0.0396873529246591,6.43935736153157,0.796279084584254,5673.75174221568,-0.154832283947162
1.09,5.32187500000001,6.31235989164284,0.477996971519992,-50,6.27410304595388,0.486158157949581,5285.12631761772,0.0382568456889533,6.48345005690124,0.742846335974764,5737.94748751507,-0.171090165258389
1.091,5.38187499999999,6.34019470570126,0.427996971648005,-50,6.30054331811392,0.436781450682676,5285.15099474844,0.0396513875873467,6.52446673445957,0.688905807268864,5770.53214922863,-0.184272028758306
1.092,5.441875,6.36165712762378,0.377996971447996,-50,6.32415669937202,0.387481050282432,5313.05052047776,0.0375004282517495,6.56238665453342,0.634749107494694,5824.04817351713,-0.200729526909639
1.093,5.501875,6.38203158015722,0.327996971192001,-50,6.34494021168981,0.338000389866099,5324.85377676957,0.0370913684674087,6.59719192434965,0.58018400318172,5855.49466939718,-0.215160344192435
1.094,5.561875,6.40054093130864,0.277996971032,-50,6.36288777727567,0.288487834515526,5328.83919050839,0.0376531540329702,6.62886497884458,0.525414167018334,5873.99418282297,-0.228324047535934
1.095,5.621875,6.41345497831395,0.227996971159998,-50,6.3779996305759,0.23901535781935,5354.19574097005,0.0354553477380487,6.65739750915248,0.470559028577484,5909.46982763985,-0.24394253083852
1.096,5.68187500000001,6.42636902531927,0.177996971287996,-50,6.39027243355928,0.189386283197805,5355.62535501081,0.03609659175999,6.68278015736152,0.415462539668902,5917.26175093717,-0.256411132042245
1.097,5.741875,6.43446492217303,0.127996971316801,-50,6.39970352697659,0.139820981192749,5372.95098756394,0.0347613951964321,6.70500640216336,0.360379764623793,5937.74749163009,-0.270541479990341
1.098,5.80187500000001,6.43991860765336,0.0779969712911919,-50,6.40629237233389,0.0901731095863124,5387.38751941417,0.0336262353194803,6.72407368310559,0.30519389906563,5952.62359224773,-0.284155075452222
1.099,5.86187499999999,6.44506144290335,0.0279969712624049,-50,6.410035003861,0.0404693760878432,5381.86915412043,0.0350264390423422,6.73997757659459,0.249956711473399,5945.24234480534,-0.294916133691238
1.1,5.92187500000001,6.44305472285554,-0.0220030288400044,-50,6.41093348271217,-0.00910654766300096,5410.79119394496,0.0321212401433672,6.75272101053301,0.194873048998406,5970.36172430926,-0.309666287677465
1.101,5.981875,6.44104800280774,-0.0720030289423989,-50,6.40898604903787,-0.058871711498417,5415.18578946796,0.032061953769858,6.76230420856069,0.139643667908813,5969.32825617506,-0.321256205752942
1.102,6.041875,6.43577736496706,-0.122003028944001,-50,6.4041883330506,-0.1086001696087,5423.30005162978,0.0315890319164554,6.76872572094637,0.0845094002667437,5970.66133861518,-0.332948355979316
1.103,6.101875,6.4263102613927,-0.172003028816003,-50,6.39654145584606,-0.1583261998208,5441.55997161773,0.029768805546638,6.77199036933628,0.0294483263810705,5981.02258089694,-0.345680107943594
1.104,6.16187500000001,6.41684315781833,-0.222003028688005,-50,6.38604288242927,-0.208143145949961,5436.90288198431,0.0308002753890458,6.77209996470655,-0.025622726269072,5967.55299165285,-0.355256806888222
1.105,6.221875,6.40115904963718,-0.272003028559999,-50,6.37269344775941,-0.257840030587994,5459.51139893668,0.0284656018777711,6.76906021662708,-0.0804844985665612,5980.61104515602,-0.367901166989907
1.106,6.28187500000001,6.38423154053468,-0.322003028432008,-50,6.35649283938272,-0.307667883410801,5467.85868872738,0.027738701151967,6.76287611504484,-0.135381369209218,5978.82154526834,-0.378644574510166
1.107,6.34187499999999,6.36559436524937,-0.372003028391996,-50,6.33743731788789,-0.357495298127806,5467.62396386885,0.0281570473614751,6.75354956376116,-0.190176686303413,5967.99425980326,-0.387955198511783
1.108,6.40187500000001,6.34120649462188,-0.422003028648005,-50,6.31552917023789,-0.407243320883301,5490.4602193276,0.0256773243839868,6.74108875886042,-0.244787459629833,5979.89439394468,-0.399882264238541
1.109,6.461875,6.3168186239944,-0.472003028903999,-50,6.29076686113062,-0.457124327753746,5489.65338866716,0.0260517628637821,6.72549827567509,-0.299423067491698,5967.90413373732,-0.408679651680686
1.11,6.521875,6.28776799991183,-0.522003028920001,-50,6.26314900842822,-0.506920596221466,5503.82598001271,0.0246189914836128,6.7067829889602,-0.353863679767469,5970.72836408062,-0.419014989048356
1.111,6.581875,6.25591972375621,-0.572003028792003,-50,6.23267651553556,-0.556770068313439,5516.67627145254,0.023243208220633,6.68495015796542,-0.408245892013371,5972.13567972045,-0.429030434209203
1.112,6.64187500000001,6.22391602294378,-0.622003028664005,-50,6.19934668497812,-0.606660496404917,5508.57325743891,0.0245693379656632,6.66000349961564,-0.462556759134178,5952.55491474352,-0.436087476671864
1.113,6.701875,6.1846073632616,-0.672003028535999,-50,6.16316269443406,-0.656399046603927,5536.40594965748,0.0214446688275554,6.63195263014822,-0.516603301373161,5968.92582366001,-0.447345266886611
1.114,6.76187500000001,6.14529870357942,-0.722003028408009,-50,6.1241237678858,-0.70631656281854,5539.8163310645,0.0211749356936001,6.60080320708193,-0.570716683833704,5960.93323862921,-0.455504503502498
1.115,6.821875,6.10288155076118,-0.772003028439996,-50,6.08222609604138,-0.756188082391965,5545.87349467412,0.0206554547197996,6.5665578249789,-0.624672658769151,5955.68225696805,-0.463676274217708
1.116,6.88187500000001,6.05611250755243,-0.822003028696005,-50,6.0374716146843,-0.806038027015259,5563.50670244757,0.0186408928681239,6.52922477305783,-0.678496692912165,5962.1322139847,-0.473112265505388
1.117,6.941875,6.0093434643437,-0.872003028952,-50,5.98985850802113,-0.855972929735903,5558.27114272281,0.0194849563225601,6.48880852120429,-0.73229663940681,5945.86323676685,-0.4794650568606
1.118,7.001875,5.95651284164334,-0.922003028272001,-50,5.93938793938972,-0.905782266207863,5579.17856545903,0.0171249022536206,6.44531643628489,-0.785863521393985,5955.90757318801,-0.488803594641561
1.119,7.061875,5.90228339290646,-0.972003027376003,-50,5.88606020737072,-0.955706746497464,5587.21169332634,0.0162231855357494,6.39875492641087,-0.839439782609154,5953.26460725895,-0.496471533504394
1.12,7.12187500000001,5.84649970081012,-1.02200302720001,-50,5.82987211297892,-1.005627748619,5585.50740579425,0.0166275878312051,6.34912679848135,-0.892908685332892,5941.08456939664,-0.502627097671247
1.121,7.181875,5.78480988394779,-1.07200302976,-50,5.77082642174313,-1.05545569374194,5608.2324303983,0.0139834622046673,6.29644071251389,-0.946182654909075,5953.54468575844,-0.511630828566098
1.122,7.24187500000001,5.72312006708545,-1.12200303232001,-50,5.70892202270069,-1.10541547577631,5607.29956709582,0.0141980443847509,6.24070133452579,-0.999488682902944,5942.56580125739,-0.517581267440345
1.123,7.301875,5.65692292852953,-1.17200303256,-50,5.64415760329388,-1.15528923780614,5620.16832875961,0.0127653252356505,6.18191300672535,-1.05261108081601,5945.6133668929,-0.524990078195824
1.124,7.36187500000001,5.58777271713983,-1.22200303128001,-50,5.57653445072193,-1.20520408811212,5633.05351029002,0.0112382664178998,6.12008254536781,-1.10567917661616,5948.9063105063,-0.532309828227979
1.125,7.421875,5.51862250575016,-1.27200303,-50,5.50605020829687,-1.25516011407022,5623.78786087731,0.012572297453302,6.05521299465187,-1.15869531194907,5930.27997127714,-0.536590488901705
1.126,7.481875,5.4420119064336,-1.32200302872,-50,5.43270835674197,-1.30495346421348,5651.77939249202,0.00930354969164392,5.98731310644476,-1.21145790995129,5949.14363607661,-0.545301200011152
1.127,7.541875,5.36540130711705,-1.37200302744,-50,5.35650838994691,-1.35492715675488,5655.30161817902,0.00889291717013628,5.91638751521992,-1.26431227164277,5943.77097566309,-0.550986208102875
1.128,7.60187500000001,5.28583763757943,-1.42200302768001,-50,5.27744643220597,-1.40485579454915,5660.26478747149,0.00839120537345228,5.84243735512001,-1.31703528059783,5940.07145187407,-0.556599717540595
1.129,7.661875,5.20176665033601,-1.47200303024,-50,5.19552468318945,-1.45475270411234,5678.11816040998,0.0062419671465747,5.76546970529698,-1.36964253327014,5949.4927406519,-0.563703054960979
1.13,7.72187500000001,5.11769566309257,-1.52200303280001,-50,5.11074156203258,-1.50473652449674,5673.04931969987,0.00695410105997837,5.68548773482815,-1.42225492055757,5936.22017336215,-0.567792071735591
1.131,7.781875,5.02771853714884,-1.57200303232,-50,5.02309813436339,-1.55459623662501,5692.91175804201,0.00462040278544325,5.60249713095576,-1.47466365102564,5948.10443599306,-0.574778593806915
1.132,7.84187500000001,4.93618716417868,-1.62200303104001,-50,4.93259493464771,-1.60456140063223,5701.20900699453,0.00359222953096726,5.51650292296396,-1.52710048317769,5948.64579481591,-0.5803157587853
1.133,7.901875,4.84325696805972,-1.67200302976,-50,4.83922897374854,-1.65452545332559,5698.54537073384,0.00402799431118207,5.42750649153508,-1.57946101874107,5938.44491382058,-0.584249523475355
1.134,7.961875,4.74426520496254,-1.72200302848,-50,4.74300320414744,-1.70438755628369,5721.60980850097,0.00126200081508995,5.33551503598476,-1.63164654736917,5954.18680940836,-0.591249831022214
1.135,8.021875,4.64527344186536,-1.7720030272,-50,4.64391668170071,-1.75438456580966,5720.949388888,0.00135676016464783,5.24053173820734,-1.6838960138673,5946.41436696949,-0.59525829634199
1.136,8.08187500000001,4.54192978581083,-1.82200302816001,-50,4.54196793575911,-1.80429800411043,5732.86723892285,-3.8149948291265e-05,5.14255913512453,-1.73599298722193,5951.42634359721,-0.600629349313687
1.137,8.141875,4.43547763478678,-1.87200303072,-50,4.43715843575411,-1.85424372080214,5746.10025727969,-0.00168080096733116,5.04160258770954,-1.78805532045283,5957.95512739293,-0.606124952922761
1.138,8.20187500000001,4.32902548376271,-1.92200303328001,-50,4.3294859870769,-1.90423376540187,5737.11548255321,-0.000460503314190408,4.9376636793865,-1.84009702187814,5942.46314527253,-0.608638195623778
1.139,8.261875,4.21526836956029,-1.97200303208,-50,4.21895390762833,-1.95406366550499,5764.16439636832,-0.00368553806803908,4.83074939516063,-1.89191553243074,5963.19719991337,-0.615481025600342
1.14,8.32187500000001,4.10135583060934,-2.02200303080001,-50,4.10556186884103,-2.00406517927005,5768.04267956047,-0.00420603823168204,4.72086296526088,-1.94384447759467,5960.94825481066,-0.619507134651527
1.141,8.381875,3.98464564618584,-2.07200302952,-50,3.98930615246181,-2.05402487089413,5772.12916836245,-0.00466050627596541,4.60800412456673,-1.99567224259866,5959.09041504024,-0.623358478380876
1.142,8.441875,3.86327271930803,-2.12200302824,-50,3.87018909799097,-2.10394472069318,5790.39638137345,-0.00691637868294016,4.49217856270154,-2.047402582441,5971.59147506352,-0.628905843393519
1.143,8.50187500000001,3.74189979243022,-2.17200302696,-50,3.7482092489478,-2.15395525308474,5785.66727126074,-0.0063094565175678,4.37338807294978,-2.0991677500088,5961.26968802219,-0.631488280519546
1.144,8.56187500000001,3.61477614985878,-2.22200302864001,-50,3.62336747455356,-2.20384476133806,5804.63984788524,-0.00859132469478751,4.25163667657919,-2.15075772112609,5974.8184036454,-0.636860526720401
1.145,8.621875,3.48594283505412,-2.2720030312,-50,3.49566445677617,-2.25383148855853,5813.34039942274,-0.00972162172204635,4.12692811250385,-2.20239237597189,5978.25930171538,-0.640985277449721
1.146,8.68187500000001,3.3558661222616,-2.32200303312001,-50,3.365097336997,-2.30382078142596,5809.84245913335,-0.0092312147353904,3.99926248654116,-2.25397865336491,5969.6613690711,-0.643396364279568
1.147,8.741875,3.21957241953008,-2.37200303184,-50,3.2316691833709,-2.35370040983877,5833.35878869513,-0.0120967638408085,3.86864574132811,-2.30540587104765,5988.23289135252,-0.649073321798023
1.148,8.80187500000001,3.0832787167985,-2.42200303056001,-50,3.09537915444191,-2.40371907505952,5833.07237177833,-0.0121004376434161,3.73507982245441,-2.35692423454797,5983.15245341014,-0.651801105655896
1.149,8.861875,2.9427885458581,-2.47200302928,-50,2.95622556362738,-2.45365757631354,5844.13114867595,-0.0134370177692775,3.59856574542113,-2.40831600455579,5989.56367940916,-0.655777199563042
1.15,8.921875,2.79903445519966,-2.522003028,-50,2.81421001027872,-2.50362041363807,5857.79528334818,-0.0151755550790581,3.45910772913015,-2.4596871005993,5998.72250417554,-0.660073273930481
1.151,8.98187500000001,2.65528036454123,-2.57200302672,-50,2.6693304144528,-2.55363151860373,5849.16715505596,-0.0140500499115626,3.31670623303561,-2.51106283263178,5985.72716812685,-0.661425868494368
1.152,9.04187500000001,2.50437673545287,-2.62200302912001,-50,2.52158988812267,-2.60348572757641,5875.34276248276,-0.0172131526698017,3.17136683068437,-2.56223937518797,6007.66962382114,-0.666990095231497
1.153,9.101875,2.35316225686759,-2.67200303168,-50,2.37098824090674,-2.65350347811351,5879.64049446545,-0.0178259840391654,3.02309171772304,-2.61353846469558,6007.86430837693,-0.669929460855461
1.154,9.16187499999999,2.1993055575582,-2.72200303288,-50,2.21752187597119,-2.70348324027152,5882.90843422102,-0.0182163184129809,2.8718796100254,-2.66475983171237,6007.15544875383,-0.672574052467202
1.155,9.221875,2.04063069104602,-2.7720030316,-50,2.06119323961561,-2.75341559884393,5901.64293539431,-0.0205625485696109,2.71773519544959,-2.71589528410175,6022.035638314,-0.677104504403564
1.156,9.281875,1.88195582453383,-2.82200303032,-50,1.90200096938449,-2.80344291967135,5897.30283472221,-0.0200451448506519,2.56065928406724,-2.76708837428388,6013.9600495433,-0.678703459533405
1.157,9.341875,1.71768566707649,-2.87200302904,-50,1.7399457101137,-2.8533527692253,5915.43094401997,-0.0222600430372088,2.40065462627384,-2.81812781975954,6028.46792570214,-0.682968959197344
1.158,9.401875,1.55155041263746,-2.92200302776,-50,1.57502826546063,-2.90335203711799,5924.5768450781,-0.0234778528231761,2.23772406632888,-2.86922162655538,6034.10537506502,-0.68617365369143
1.159,9.46187500000001,1.38432718495904,-2.97200302704001,-50,1.40724588345847,-2.95335794843517,5920.28373104661,-0.0229186984994349,2.07186682986692,-2.92028810248481,6026.41221136988,-0.687539644907889
1.16,9.52187499999999,1.21073154259315,-3.02200302959999,-50,1.23660172575672,-3.00324685394073,5944.28860366795,-0.0258701831635675,1.90308799504182,-2.97120464827056,6047.1221498895,-0.692356452448672
1.161,9.581875,1.03713590022719,-3.07200303216,-50,1.06309503286508,-3.05327927647086,5944.41042339499,-0.0259591326378822,1.73138865962224,-3.02223280484473,6044.05095619995,-0.694252759395064
1.162,9.641875,0.859499213924192,-3.12200303264,-44.8000000000008,0.886723882867919,-3.10323526948757,5389.4247964425,-0.0272246689437143,1.5567687015062,-3.07315361279426,6051.18852303225,-0.697269487582007
1.163,9.701875,0.67844318275132,-3.17200303136,-35.2000000000004,0.707638955903805,-3.14800796294713,4448.65314850857,-0.0291957731524839,1.37923157592319,-3.12406115910632,6062.31546601919,-0.700788393171868
1.164,9.761875,0.497387151578447,-3.22200303008,-25.6,0.526238680990561,-3.18405615957084,3637.26236091036,-0.0288515294121146,1.19877699067786,-3.17499216659709,6051.16676031031,-0.70138983909941
1.165,9.821875,0.311085535770715,-3.2485655312,-6.99999999999932,0.342988447875362,-3.21258368624388,1605.35695893538,-0.03190291210465,1.0154094735685,-3.22574166293371,5666.34732568749,-0.704323937797796
1.166,9.881875,0.124434214320687,-3.27356553248,12.1999999999986,0.158640504802635,-3.22237346555241,-208.488224934252,-0.0342062904819554,0.829237901234498,-3.27287215875249,5297.71053976161,-0.7048036869138
1.167,9.94187500000001,-0.06221710713468,-3.28189886624,28.2000000000011,-0.0257898585000923,-3.21546069501141,-1674.52193512901,-0.0364272486345867,0.640465201324288,-3.31653814387223,4687.50494425302,-0.702682308458973
1.168,-9.99812500000001,-0.248868428600533,-3.25689886496,37.7999999999986,-0.209438067478922,-3.19507112913096,-2773.02428909102,-0.0394303611216117,0.44935338985703,-3.35452255523636,3594.65331983108,-0.698221818457552
1.169,-9.938125,-0.435519750066468,-3.23189886368,47.4000000000004,-0.391629423845783,-3.16460694542117,-3691.14513452677,-0.0438903262206746,0.256354951214107,-3.38239385581819,2657.75446049924,-0.691874701280566
1.17,-9.878125,-0.618091172360344,-3.1886696976,50,-0.571834683330534,-3.12574326941812,-4029.43508391329,-0.0462564890297999,0.0620077718940841,-3.40160248637826,1519.23220344927,-0.680098944254437
1.171,-9.818125,-0.799147203533217,-3.13866969888,50,-0.749725784018303,-3.08382756457852,-4141.67583699817,-0.0494214195149056,-0.133139058349855,-3.41030693879611,426.141935593628,-0.666008145183365
1.172,-9.758125,-0.979270686105222,-3.08866969968,50,-0.925187570719379,-3.04094421415304,-4226.41501580921,-0.0540831153858514,-0.328496134954525,-3.40894146884844,-506.143241342468,-0.650774551150705
1.173,-9.698125,-1.15286632847116,-3.03866969712,50,-1.09817189272421,-2.99734773247565,-4329.53731670298,-0.0546944357469405,-0.523529322899453,-3.39900109175137,-1340.72835219491,-0.629337005571707
1.174,-9.638125,-1.32646197083707,-2.98866969456,50,-1.26863307722144,-2.95287010017665,-4398.91506001202,-0.0578288936156235,-0.71777344684405,-3.38139793921896,-2040.50757744877,-0.608688523993016
1.175,-9.57812499999999,-1.49617199449111,-2.93866969399999,50,-1.43652957086151,-2.90782313296926,-4468.62355355676,-0.05964242362961,-0.910825331874323,-3.35738410270065,-2652.65949063674,-0.585346662616797
1.176,-9.51812500000001,-1.66230724893012,-2.88866969528001,50,-1.60182869126519,-2.86220467042044,-4536.04996255863,-0.0604785576649248,-1.10234105262126,-3.3277756900276,-3186.00019777852,-0.559966196308856
1.177,-9.458125,-1.8284425033692,-2.83866969656,50,-1.76449832100577,-2.81603659352575,-4574.51060239795,-0.0639441823634317,-1.29202108343351,-3.2933064358885,-3623.81382396959,-0.536421419935696
1.178,-9.398125,-1.98773906887527,-2.78866969784,50,-1.92451462814114,-2.76958623926372,-4639.61370517362,-0.0632244407341403,-1.47961231162551,-3.25486272373235,-4030.40135074929,-0.508126757249754
1.179,-9.338125,-2.14641393538746,-2.73866969912,50,-2.08185443000068,-2.72260893450527,-4680.44239417995,-0.0645595053867627,-1.66489542397883,-3.21273799408367,-4362.42598829577,-0.481518511408632
1.18,-9.278125,-2.30275743067249,-2.6886696992,50,-2.23649395572248,-2.67532882063033,-4713.41105655408,-0.0662634749500197,-1.84767932901834,-3.16762393110052,-4642.91128384667,-0.455078101654141
1.181,-9.218125,-2.4539719092578,-2.63866969664,50,-2.38841794066138,-2.62781867923805,-4760.61183952477,-0.0655539685964227,-2.02780646703863,-3.11999933019592,-4899.71131992044,-0.426165442219183
1.182,-9.158125,-2.60518638784309,-2.58866969408,50,-2.53760946439964,-2.57994793136161,-4781.25368356351,-0.0675769234434458,-2.20513934879184,-3.07008598709085,-5097.05770953254,-0.40004703905124
1.183,-9.09812499999999,-2.75111642498021,-2.53866969423999,50,-2.68405488160959,-2.53196147817921,-4818.9869037655,-0.067061543370621,-2.37956261027723,-3.01843442288316,-5282.97840184209,-0.371553814702986
1.184,-9.03812500000001,-2.89487051563861,-2.48866969552001,50,-2.82774306339023,-2.48370225837339,-4847.77248661641,-0.0671274522483721,-2.55097974730959,-2.96515244823075,-5435.24921286503,-0.343890768329029
1.185,-8.978125,-3.03784748255468,-2.4386696968,50,-2.96866075172178,-2.43525301299604,-4858.41150902175,-0.0691867308329012,-2.7193062854311,-2.91055216917763,-5547.99501333411,-0.318541197123565
1.186,-8.918125,-3.17414118528622,-2.38866969808,50,-3.10680185009703,-2.3867809849429,-4897.96749628486,-0.0673393351892006,-2.88447716713673,-2.85499925919273,-5671.17472160757,-0.289664018149494
1.187,-8.858125,-3.31043488801778,-2.33866969936,50,-3.24215743280426,-2.33802017345042,-4911.77469819373,-0.0682774552135067,-3.04643510302862,-2.79839920290219,-5752.64424268627,-0.263999784989159
1.188,-8.798125,-3.4429983967859,-2.28866969872,50,-3.37471775295936,-2.28920791495818,-4931.72860642944,-0.0682806438265433,-3.20513113570204,-2.74113735710498,-5826.49469065995,-0.23786726108387
1.189,-8.738125,-3.57183171159058,-2.23866969616,50,-3.50447824512132,-2.24028773951085,-4956.84515540391,-0.0673534664692712,-3.36052938488494,-2.6832848430474,-5893.65322181579,-0.211302326705631
1.19,-8.678125,-3.70066502639524,-2.1886696936,50,-3.63143137022743,-2.19121231808489,-4958.29513307395,-0.0692336561678103,-3.5125977977326,-2.62490414189997,-5926.95377750123,-0.188067228662649
1.191,-8.61812499999999,-3.82281507701545,-2.13866969447999,50,-3.7555744778073,-2.14219962376758,-4989.84958457569,-0.0672405992081545,-3.66131505843556,-2.56630756572701,-5981.61419386532,-0.161500018579902
1.192,-8.55812500000001,-3.94418800389323,-2.08866969576001,50,-3.8769032247214,-2.09297259817264,-5002.51964153643,-0.067284779171822,-3.80666317823433,-2.50729893841657,-6009.90369984564,-0.137524825658889
1.193,-8.498125,-4.06338498429238,-2.03866969704,50,-3.99541031739143,-2.04370530994334,-5009.66965411038,-0.0679746669009446,-3.9486255169672,-2.44812151102345,-6026.28019411282,-0.114759467325191
1.194,-8.438125,-4.1772975232433,-1.98866969832,50,-4.11109490559232,-1.99444860589511,-5035.46229100848,-0.0662026176509875,-4.08719555039762,-2.38888514489552,-6055.85641456419,-0.090101972845687
1.195,-8.378125,-4.29121006219423,-1.9386696996,50,-4.223952681822,-1.9450309574787,-5037.34667226317,-0.0672573803722433,-4.22236642527441,-2.32946849390694,-6056.90645640184,-0.0688436369198158
1.196,-8.318125,-4.39999358444544,-1.88866969824,50,-4.33398073306791,-1.89567257010978,-5057.47262297289,-0.0660128513775208,-4.3541353384177,-2.27013427834249,-6072.2960685703,-0.0458582460277419
1.197,-8.25812499999999,-4.5064457354695,-1.83866969568,50,-4.4411776443478,-1.84620552949476,-5072.02276630109,-0.0652680911217081,-4.48250323002332,-2.21075044638021,-6078.8287449106,-0.023942505446181
1.198,-8.198125,-4.61227618749963,-1.78866969344,50,-4.54553866467695,-1.79668130147408,-5069.00450850233,-0.0667375228226768,-4.60746959382347,-2.15139855873515,-6065.04992296689,-0.00480659367614979
1.199,-8.13812499999999,-4.71126795059683,-1.73866969471999,50,-4.64706515033583,-1.74726160397857,-5097.77566746727,-0.0642028002610131,-4.72904161198463,-2.09226543167781,-6080.78326901652,0.0177736613877936
1.2,-8.07812500000001,-4.81025971369398,-1.68866969600001,50,-4.74575470740347,-1.6976538123517,-5102.10603683006,-0.0645050062905244,-4.84722403060701,-2.03307921418376,-6070.20153955027,0.0369643169130158
1.201,-8.018125,-4.90567670652198,-1.63866969728,50,-4.84160300886098,-1.64808307340372,-5112.56101336529,-0.0640736976609996,-4.96202074580681,-1.97408208723791,-6064.21831991144,0.0563440392848303
1.202,-7.958125,-4.99720807949211,-1.58866969856,50,-4.93461056182015,-1.59849298331698,-5130.52706909938,-0.062597517671976,-5.07344137129204,-1.91523145145951,-6064.52057248923,0.0762332917999236
1.203,-7.898125,-5.08873945246226,-1.53866969984,50,-5.02477427877721,-1.54881447015713,-5125.67699665013,-0.0639651736850533,-5.18149263728075,-1.85646925344284,-6041.0400547503,0.0927531848184853
1.204,-7.838125,-5.17374298792154,-1.48866969776,50,-5.11209511082175,-1.4992575793592,-5150.50991968528,-0.0616478770997781,-5.28618587515731,-1.79801415759631,-6046.49871400438,0.112442887235759
1.205,-7.77812499999999,-5.25781397516497,-1.4386696952,50,-5.19657219773357,-1.44954903885009,-5158.45807061484,-0.0612417774313953,-5.38753103971687,-1.73959944748319,-6034.52016139365,0.129717064551894
1.206,-7.718125,-5.3398644406782,-1.38866969368,50,-5.27820130751857,-1.39984442359022,-5160.26628738729,-0.0616631331596284,-5.48553503885998,-1.68138548285477,-6016.01326457964,0.145670598181772
1.207,-7.65812499999999,-5.41647503999476,-1.33866969495999,50,-5.35698428314731,-1.35020021488969,-5182.54356055468,-0.0594907568474535,-5.58021108615594,-1.62343201332221,-6017.7272667571,0.163736046161176
1.208,-7.59812500000001,-5.4930856393113,-1.28866969624001,50,-5.4329191881419,-1.30042800379951,-5181.30722157168,-0.0601664511694078,-5.67156876587528,-1.5655526028474,-5995.79908968734,0.178483126563986
1.209,-7.538125,-5.56472264667662,-1.23866969752,50,-5.50600489145087,-1.25074431395516,-5197.49279824951,-0.0587177552257492,-5.7596185491475,-1.50796464468786,-5991.26590491623,0.19489590247087
1.21,-7.478125,-5.63387285806629,-1.1886696988,50,-5.57624186930701,-1.20098872652463,-5209.75457600281,-0.0576309887592764,-5.84437253738412,-1.45050765316337,-5982.86806264779,0.210499679317831
1.211,-7.418125,-5.70255679479801,-1.13866969984,50,-5.64362703963335,-1.1511974518993,-5203.52453378693,-0.0589297551646557,-5.92583924717651,-1.3932169801246,-5956.11009153021,0.223282452378498
1.212,-7.358125,-5.76424661166035,-1.08866969728,50,-5.70816323300384,-1.10154067013801,-5230.64541358361,-0.0560833786565144,-6.00403303949304,-1.33626128096333,-5962.89556693566,0.239786427832699
1.213,-7.29812499999999,-5.82593642852268,-1.03866969472,50,-5.76984935933134,-1.05171134429433,-5233.48851683444,-0.0560870691913331,-6.07896425131844,-1.27933143676203,-5945.64647492066,0.25302782279575
1.214,-7.238125,-5.88420690999417,-0.988669693744001,50,-5.82868193889487,-1.0019330973558,-5241.43417165785,-0.0555249710993034,-6.15064069744942,-1.22264852546578,-5933.78504519865,0.26643378745524
1.215,-7.17812499999999,-5.93843635873106,-0.938669694639992,50,-5.8846625512005,-0.952158906675641,-5258.36604665427,-0.0537738075305489,-6.21907509515895,-1.16616259783548,-5931.22925465981,0.280638736427882
1.216,-7.11812500000001,-5.99266580746793,-0.888669695536005,50,-5.93778906006116,-0.902306092741075,-5252.56962029951,-0.0548767474067783,-6.28427626943311,-1.10978773666596,-5906.29233290982,0.291610461965198
1.217,-7.058125,-6.04052282648286,-0.838669695447996,50,-5.98806295447181,-0.852583877790571,-5275.36860153538,-0.0524598720110486,-6.34625647776358,-1.05372967621136,-5910.32008502889,0.30573365128071
1.218,-6.998125,-6.0872918696916,-0.788669695192001,50,-6.03548417478153,-0.80272898164587,-5282.70059976759,-0.0518076949100716,-6.40502622348056,-0.997721450430968,-5899.26734688082,0.317734353788977
1.219,-6.938125,-6.1321958170187,-0.738669695032,50,-6.08004920129657,-0.752883906206457,-5282.76451769575,-0.0521466157221142,-6.46059233431054,-0.941901722591496,-5881.34606131152,0.328396517291849
1.22,-6.878125,-6.17150447670088,-0.688669695159998,50,-6.12176051184534,-0.703115502589036,-5304.67991754166,-0.0497439648555348,-6.51296741229826,-0.886333391157413,-5885.68523884737,0.341462935597368
1.221,-6.81812499999999,-6.21081313638306,-0.638669695287996,50,-6.16061673680569,-0.653222618318639,-5303.0883284889,-0.0501963995773678,-6.56215998325296,-0.830811270203723,-5866.93278206349,0.351346846869891
1.222,-6.758125,-6.24530363170434,-0.588669695416001,50,-6.19661694500483,-0.603421710638148,-5317.75994930676,-0.0486866866995079,-6.60817877883288,-0.775547731139923,-5864.86263752317,0.362875147128538
1.223,-6.69812499999999,-6.27715190785996,-0.538669695543992,50,-6.22976211588789,-0.553563015453036,-5329.86344202677,-0.0473897919720627,-6.65103420640685,-0.720388895891443,-5860.64497981339,0.373882298546896
1.224,-6.638125,-6.30868933378524,-0.488669695656005,50,-6.26004961789811,-0.503670249112438,-5322.29264485602,-0.0486397158871197,-6.69073282641212,-0.665354359288528,-5837.17326341396,0.382043492626892
1.225,-6.57812499999999,-6.33307720441273,-0.438669695399996,50,-6.28748268578235,-0.453924467893638,-5349.40767637687,-0.0455945186303859,-6.72728682972808,-0.610621066008223,-5848.80562104362,0.394209625315348
1.226,-6.518125,-6.35746507504021,-0.388669695144001,50,-6.31206059282364,-0.404006334345736,-5352.20995299546,-0.0454044822165582,-6.76070421089892,-0.555865591642309,-5836.54013619686,0.403239135858725
1.227,-6.458125,-6.37858903750051,-0.338669695055999,50,-6.33377987949804,-0.354139792959941,-5358.91967715422,-0.0448091580024812,-6.79098999855637,-0.501307830722252,-5828.59255240583,0.412400961055866
1.228,-6.398125,-6.39551654660302,-0.288669695183997,50,-6.35264246967862,-0.304288815251035,-5375.93939387276,-0.0428740769243997,-6.81815437403857,-0.446907752102499,-5831.36002116929,0.422637827435543
1.229,-6.33812499999999,-6.41244405570552,-0.238669695311995,50,-6.36864653709961,-0.254358525163766,-5370.18607318864,-0.043797518605902,-6.84220354080854,-0.392566532891982,-5811.7533499445,0.429759485103022
1.23,-6.278125,-6.42315456020124,-0.188669695440001,50,-6.38179354309335,-0.204558557576427,-5391.82444777318,-0.041361017107883,-6.86314676558986,-0.33848992394651,-5819.93048280392,0.439992205388611
1.231,-6.21812499999999,-6.43262166377561,-0.138669695567992,50,-6.39208372943093,-0.15463670689267,-5399.3120615991,-0.0405379343446877,-6.88099187496843,-0.284421904122597,-5814.34167254767,0.448370211192816
1.232,-6.15812500000001,-6.44037909612514,-0.0886696956432045,50,-6.39951384772026,-0.104723349030275,-5398.31451619036,-0.0408652484048656,-6.8957429888433,-0.230489106783769,-5800.64483333299,0.455363892718172
1.233,-6.09812499999999,-6.44238581617294,-0.0386696955407952,50,-6.40408662054058,-0.0548965342903262,-5420.47296384124,-0.0382991956323708,-6.90740998584458,-0.17676591620159,-5810.47312542602,0.465024169671641
1.234,-6.038125,-6.44439253622075,0.0113303045615993,50,-6.40580089959758,-0.00494309339483681,-5419.06277382996,-0.0385916366231824,-6.91599866594997,-0.123035576277558,-5797.09370002423,0.471606129729213
1.235,-5.978125,-6.44173650281347,0.0613303046160012,50,-6.40465564713365,0.0449199459191608,-5432.69735416244,-0.0370808556798199,-6.92151473648943,-0.0695116090941051,-5799.11158837484,0.479778233675971
1.236,-5.918125,-6.43628281733314,0.111330304641603,50,-6.40065207355517,0.0948311356612806,-5445.0670242471,-0.0356307437779746,-6.92396595446115,-0.0160520394869606,-5800.20863205227,0.487683137128006
1.237,-5.85812499999999,-6.43067370765437,0.161330304664005,50,-6.39378775556441,0.144778764024079,-5436.53381699436,-0.0368859520899561,-6.9233562494133,0.0373347605891251,-5780.73833417242,0.492682541758931
1.238,-5.798125,-6.41775966064906,0.211330304535999,50,-6.38406611617481,0.19457046805619,-5463.98050227729,-0.0336935444742403,-6.91969520824219,0.0904596843845982,-5797.57492459323,0.501935547593135
1.239,-5.73812499999999,-6.40484561364374,0.261330304408009,50,-6.37148659938719,0.244537504451654,-5467.04393424043,-0.0333590142565668,-6.9129882546603,0.14365716118006,-5790.34674256364,0.508142641016574
1.24,-5.678125,-6.38882306433504,0.311330304439996,50,-6.35604559364714,0.294455275514766,-5472.78861904617,-0.0327774706879074,-6.90323757743413,0.196705682611816,-5786.10983425504,0.514414513099083
1.241,-5.61812499999999,-6.36844861180159,0.361330304696005,50,-6.33774521279012,0.344348525132943,-5490.1397622089,-0.0307033990114794,-6.89045091608125,0.249632999278914,-5793.78102507123,0.522002304279667
1.242,-5.558125,-6.34807415926814,0.411330304952,50,-6.31658380169762,0.394324070731308,-5484.64887764452,-0.0314903575705133,-6.87463207123554,0.302548853560687,-5778.90354949794,0.526557911967382
1.243,-5.498125,-6.32163816299565,0.461330304896002,50,-6.29256266906981,0.444171638096005,-5505.32434066044,-0.0290754939258469,-6.85578764207404,0.35524581549305,-5790.47762129158,0.534149479078388
1.244,-5.438125,-6.29380334893721,0.511330304768003,50,-6.26568224541866,0.494132155991032,-5513.14638311314,-0.0281211035185548,-6.8339231888995,0.407967578594918,-5789.47544270902,0.540119839962283
1.245,-5.37812499999999,-6.26441428372709,0.561330304640005,50,-6.23593945182603,0.544087197873887,-5511.24960341255,-0.0284748319010681,-6.80904060641474,0.460598402921019,-5779.02372589608,0.544626322687667
1.246,-5.318125,-6.22911906414053,0.611330304512,50,-6.20333716329961,0.593947359068578,-5533.79875063834,-0.0257819008409271,-6.7811475915156,0.513051493674735,-5793.27948606102,0.552028527375069
1.247,-5.25812499999999,-6.19382384455395,0.661330304384009,50,-6.16787436890646,0.643937689167894,-5532.70458032936,-0.0259494756474849,-6.75024780777641,0.565554435131301,-5784.1459043238,0.556423963222456
1.248,-5.198125,-6.15402129662748,0.711330304487996,50,-6.12954984774439,0.693840467888714,-5545.42508738563,-0.0244714488830745,-6.71634456568454,0.617891968076626,-5789.0735659558,0.562323269057054
1.249,-5.13812499999999,-6.11126567151276,0.761330304744006,50,-6.08836497124577,0.743782925967435,-5558.17360676271,-0.0229007002669888,-6.67944362911519,0.670193712332901,-5794.26856493774,0.568177957602429
1.25,-5.078125,-6.06851004639806,0.811330305,50,-6.04431746032986,0.793765259614402,-5548.78157833147,-0.0241925860682003,-6.63954697656044,0.722462182876212,-5777.55527141932,0.571036930162366
1.251,-5.018125,-6.01829405975837,0.861330304872002,50,-5.99741086744126,0.843583713982649,-5576.65572235249,-0.020883192317103,-6.59666228714853,0.774495874989812,-5798.33350871745,0.578368227390143
1.252,-4.958125,-5.96807807311869,0.911330304744004,50,-5.94764475299984,0.893581391871619,-5580.06883257812,-0.02043332011884,-6.55079312097762,0.826640074663778,-5794.86934702087,0.582715047858938
1.253,-4.89812499999999,-5.91490900929078,0.961330304464006,49.6363852503999,-5.89501530317694,0.943532973973937,-5545.40699517144,-0.0198937061138335,-6.50193954067878,0.878671580540641,-5793.06566448244,0.587030531387994
1.254,-4.838125,-5.85723261712296,1.011330303952,48.7177795672,-5.83953519207524,0.993088242219855,-5469.51110222124,-0.0176974250477264,-6.45010756049001,0.930605843704042,-5804.36460798453,0.592874943367052
1.255,-4.77812499999999,-5.79955622495512,1.06133030344001,47.7991738839998,-5.7812379768799,1.04186845758485,-5385.5232367201,-0.0183182480752138,-6.39529929435462,0.982563559039758,-5792.94685544837,0.5957430693995
1.256,-4.718125,-5.73611498997126,1.10943647656,45.3916406184002,-5.72017016315929,1.08980037525342,-5144.56654295342,-0.0159448268119738,-6.33751938682919,1.03433569659337,-5773.74545300834,0.601404396857927
1.257,-4.65812499999999,-5.67115669108842,1.15704427432001,42.5922843047997,-5.65642168791952,1.13544119686695,-4882.44693380386,-0.0147350031688956,-6.27678051396031,1.08585093443133,-5739.66812778169,0.605623822871894
1.258,-4.598125,-5.60496846775578,1.20328519888,39.6530663784,-5.590129297271,1.1785997748028,-4614.03053675512,-0.0148391704847776,-6.21310130431691,1.13697281225855,-5676.38816891047,0.608132836561126
1.259,-4.538125,-5.53345057180728,1.24360300624,36.1077814631998,-5.52143676266319,1.21922202609,-4244.74302549932,-0.0120138091440976,-6.14651197496384,1.18743327555353,-5542.7530877966,0.613061403156557
1.26,-4.478125,-5.46193267585878,1.2839208136,32.5624965479997,-5.45051587793484,1.25638386778416,-3916.94691338073,-0.0114167979239462,-6.07706893562992,1.23658608238415,-5409.70988119393,0.615136259771133
1.261,-4.41812499999999,-5.38730739382035,1.31885298896,29.2642303207996,-5.37755382079674,1.29047238439219,-3585.10428973605,-0.00975357302360604,-6.00484689545134,1.28443870486344,-5210.41234395811,0.617539501631004
1.262,-4.358125,-5.31046255028911,1.34993828432,26.1424060136,-5.3027276098377,1.32145511166196,-3262.64055852285,-0.00773494045141615,-5.92993775380054,1.33038361843531,-4974.99138560505,0.619475203511427
1.263,-4.29812499999999,-5.23361770675786,1.38102357968001,23.0205817063994,-5.2262125838623,1.34942314937729,-2978.21774425072,-0.00740512289555707,-5.85246025034612,1.37409144457431,-4757.93545021912,0.618842543588258
1.264,-4.238125,-5.15282519868591,1.40414849256,20.2937229144002,-5.14817131190725,1.37473114674286,-2665.73491870267,-0.00465388677867094,-5.77253762112405,1.41573460897723,-4452.98257608363,0.619712422438136
1.265,-4.17812499999999,-5.07194869775135,1.4271040356,17.5752676439997,-5.06876348045387,1.39712507471748,-2390.71207907794,-0.00318521729747901,-5.69031123702687,1.45450766003329,-4176.80792857409,0.618362539275513
1.266,-4.118125,-4.98998582153386,1.44740483784,14.99915749392,-4.98814605100664,1.41695408197918,-2128.7265873868,-0.00183977052722721,-5.60593783118465,1.49067980610312,-3891.7728835991,0.615952009650806
1.267,-4.058125,-4.90621231984474,1.46328107208,12.6602892110399,-4.90646243267282,1.43434208775607,-1864.74796226196,0.000250112828061604,-5.51956864423637,1.52417356293277,-3575.97843928163,0.613356324391643
1.268,-3.99812499999999,-4.82243881815563,1.47915730632,10.3214209281598,-4.82385290145589,1.44927453877286,-1635.12739485538,0.00141408330024696,-5.4313651246149,1.55471009555161,-3296.16695819885,0.608926306459258
1.269,-3.93812499999999,-4.73718958794306,1.49033854544,8.25484355439974,-4.74044898581313,1.46207133527043,-1397.16565688849,0.0032593978700742,-5.34148709378244,1.58262503091894,-2979.99004907495,0.604297505839393
1.27,-3.878125,-4.65150162762892,1.5001239752,6.26921753199997,-4.65637515330671,1.47265904874414,-1179.94833448997,0.00487352567778406,-5.25009422628062,1.6075878705725,-2681.91904610436,0.598592598651705
1.271,-3.81812499999999,-4.56563461809546,1.509047588,4.33780910281566,-4.57175240956754,1.48123195189589,-985.243601317789,0.00611779147206502,-5.15735076164578,1.62976976459728,-2407.34114417734,0.591716143550321
1.272,-3.758125,-4.47887236246551,1.513662116,2.67748863971209,-4.48669017182628,1.48800028350258,-781.297192329128,0.0078178093607558,-5.06340972098429,1.64939115998858,-2101.08453972728,0.584537358518781
1.273,-3.69812499999999,-4.39211010683552,1.518276644,1.01716817660778,-4.40129419002717,1.49288181723257,-606.583633560285,0.00918408319163582,-4.96842604562172,1.66616458145609,-1834.9110663254,0.576315938786182
1.274,-3.638125,-4.30514200305422,1.52045906384,-0.476313812624029,-4.31566478131641,1.49614841984462,-436.052932171096,0.0105227782621916,-4.87255222164847,1.68046320816503,-1564.3233083165,0.567410218594259
1.275,-3.578125,-4.2180137951552,1.520749844,-1.84003254440008,-4.22989330028516,1.49784107676983,-274.41855871373,0.0118795051299687,-4.77593109789947,1.69225026462888,-1299.75879802936,0.557917302744276
1.276,-3.51812499999999,-4.13088558725618,1.52104062416,-3.20375127617613,-4.1440675127672,1.49804407384101,-137.432963783483,0.0131819255110137,-4.67870487773467,1.70158505766058,-1071.90311808863,0.5478192904785
1.277,-3.45812499999999,-4.04396970376505,1.51792802256,-4.31080822984015,-4.05826620739138,1.49698648879336,9.10532416572988,0.0142965036263448,-4.58100428160728,1.70880910950762,-817.154951072521,0.537034577842227
1.278,-3.398125,-3.95706305176992,1.51466744784,-5.40670597576003,-3.97256407193102,1.49458239075341,133.596673357758,0.0155010201610989,-4.48295724015265,1.71367828093775,-596.85937835077,0.525894188382718
1.279,-3.33812499999999,-3.87040410996441,1.51039611704,-6.41776989736018,-3.88703238540269,1.49103669865285,247.245721516939,0.0166282754382733,-4.38468949316734,1.71651318588312,-390.266119215524,0.514285383202913
1.28,-3.278125,-3.78419687497535,1.5042816428,-7.27413684519996,-3.80173364803315,1.48645093113198,359.228174061053,0.0175367730578107,-4.28631389381549,1.71744303874179,-180.517453495981,0.502117018840149
1.281,-3.218125,-3.69798963998626,1.49816716856,-8.13050379303999,-3.7167269663217,1.48084203298736,451.811143648904,0.0187373263354363,-4.18794034058988,1.7164417626039,-3.26572350427101,0.48995070060363
1.282,-3.158125,-3.6125914316713,1.49038010552,-8.82772997896002,-3.63206580296455,1.47439006531466,544.525044262228,0.0194743712932517,-4.08967082836998,1.7138113225281,180.003825528113,0.477079396698675
1.283,-3.098125,-3.5274628989144,1.48203551288,-9.47190924423995,-3.54779845935991,1.46709513030621,625.740827484068,0.0203355604455152,-3.99160021509172,1.70949887978333,344.890564205885,0.464137316177332
1.284,-3.03812499999999,-3.44253419133063,1.47344627696,-10.0889417888,-3.4639701660965,1.45906431724138,693.949115589167,0.0214359747658634,-3.89381995273686,1.70367616332897,487.81045331859,0.451285761406231
1.285,-2.97812500000001,-3.35877588833254,1.4634241304,-10.5469721119999,-3.38061962494207,1.45041843568624,763.82557207027,0.0218437366095268,-3.7964107169566,1.69654760910528,638.863066270226,0.437634828624065
1.286,-2.918125,-3.27501758533442,1.45340198384,-11.0050024352,-3.29778248907702,1.44114309184788,819.263918459554,0.0227649037425895,-3.69944941222457,1.68804042010148,763.367546430513,0.424431826890162
1.287,-2.858125,-3.19211748098181,1.44273374352,-11.3754539216,-3.21549099076599,1.43137209200569,870.057406332081,0.023373509784167,-3.60300797023654,1.67840097602316,882.2323223069,0.410890489254735
1.288,-2.798125,-3.10994354471384,1.43151880848,-11.6718002384,-3.13377228279525,1.42114893712482,915.53647941479,0.0238287380813975,-3.50714972774892,1.6676829171451,993.222470950197,0.397206183035066
1.289,-2.738125,-3.02776960844587,1.42030387344,-11.9681465552,-3.05265085099231,1.41052322066166,949.764878186314,0.0248812425464397,-3.41193436150103,1.65596036189078,1082.4954001922,0.384164753055152
1.29,-2.678125,-2.94721842135074,1.4083654392,-12.134194616,-2.9721467773271,1.39959907279032,984.520525083955,0.0249283559763501,-3.31741365648881,1.64343466564808,1177.3894408686,0.370195235138062
1.291,-2.618125,-2.86677541753381,1.39637877168,-12.2915561264,-2.89227728636998,1.38837210539673,1010.1018302087,0.0255018688361882,-3.22363507514183,1.63005535906034,1253.98246811141,0.356859657608026
1.292,-2.55812499999999,-2.78693877137618,1.38425550512,-12.4095254576,-2.81305729696018,1.37692719179544,1029.70953695925,0.0261185255840066,-3.13064266440046,1.61599213454717,1320.02098941461,0.343703893024276
1.293,-2.49812500000001,-2.70831484053725,1.37185904048,-12.4487104304,-2.73449771241273,1.36531962690813,1046.75546793008,0.0261828718754964,-3.03847279775476,1.60134315363601,1383.72857524266,0.330157957217513
1.294,-2.438125,-2.62969090969828,1.35946257584,-12.4878954032,-2.65660716955434,1.35357323118147,1056.44843220544,0.026916259856042,-2.94715839622137,1.58613076885564,1431.54369495814,0.317467486523078
1.295,-2.378125,-2.55242123336307,1.3469917068,-12.454654904,-2.57939167868926,1.34175586709685,1063.42089522584,0.0269704453261798,-2.85672752681897,1.5705020641703,1477.13822726134,0.304306293455898
1.296,-2.318125,-2.47565456584351,1.33449320184,-12.3945135152,-2.5028545858367,1.32989267326677,1065.84790432438,0.027200019993191,-2.76720343917535,1.55447811428003,1513.52126266512,0.29154887333184
1.297,-2.258125,-2.39911954717734,1.32201427368,-12.3240655568,-2.42699731681011,1.31802553890342,1063.39774734353,0.027877769632785,-2.67860633383455,1.53814427758638,1539.14769932077,0.279486786657211
1.298,-2.198125,-2.32420607048485,1.30967238312,-12.1814716112,-2.35181881178169,1.30619934004256,1058.56005997878,0.0276127412968371,-2.59095111722678,1.52159999512237,1564.02688460784,0.266745046741928
1.299,-2.138125,-2.24929259379236,1.29733049256,-12.0388776656,-2.27731609787873,1.29443597851369,1049.7108435926,0.0280235040863584,-2.50424964071581,1.50485246779154,1578.33441298235,0.254957046923453
1.3,-2.07812499999999,-2.17532380532881,1.285182008,-11.8611109,-2.2034845202966,1.28277226298594,1037.5130986226,0.0281607149677769,-2.41851075407769,1.48799926986702,1587.47721020517,0.24318694874889
1.301,-2.01812500000001,-2.10222413003592,1.27321145696,-11.65098514,-2.13031749162454,1.27123884547099,1022.53108027962,0.0280933615886255,-2.33373914587968,1.47108808066484,1591.91550997715,0.231515015843764
1.302,-1.958125,-2.029124454743,1.26124090592,-11.44085938,-2.05780681829741,1.25986113932193,1005.24544308057,0.0286823635544253,-2.24993689628207,1.45416227144802,1588.83768362245,0.22081244153907
1.303,-1.898125,-1.95762461512397,1.24977195488,-11.18076898,-1.98594297848222,1.24866009647964,984.210975290748,0.0283183633582598,-2.1671028613462,1.43729101323795,1582.97766902203,0.209478246222218
1.304,-1.838125,-1.88627021511165,1.23834860384,-10.91613634,-1.91471486991772,1.23766993235743,961.785572353043,0.0284446548060619,-2.08523318467674,1.42049981761243,1571.55540151055,0.198962969565078
1.305,-1.778125,-1.81543239018049,1.227140612,-10.6379749996,-1.84411005291148,1.22690311669662,937.223661220838,0.0286776627309916,-2.00432181658999,1.40383973320123,1555.40306886909,0.188889426409508
1.306,-1.718125,-1.74573103042789,1.2164064104,-10.33005051832,-1.77411517735756,1.21637895918251,909.487927413771,0.0283841469296624,-1.92436000412988,1.38735407338117,1535.61723304791,0.178628973701991
1.307,-1.658125,-1.67602967067529,1.2056722088,-10.02212603704,-1.70471551424878,1.20612628286357,881.854396791931,0.0286858435734949,-1.84533680360045,1.37107599602339,1512.28331767222,0.169307132925148
1.308,-1.59812499999999,-1.60742042100896,1.1955060112,-9.69027505127996,-1.63589554785008,1.19614372667465,850.452867578882,0.02847512684113,-1.76723939548632,1.35503782170697,1484.67813150457,0.159818974477359
1.309,-1.53812500000001,-1.53926086373114,1.1855736976,-9.34857197544004,-1.56763882031662,1.18646553751658,818.314381735722,0.0283779565854762,-1.69005291926982,1.33927847427348,1454.36957499726,0.150792055538686
1.31,-1.478125,-1.47124876378817,1.1757340768,-9.00417718199998,-1.49992771198456,1.17709802362146,786.563557428618,0.0286789481963886,-1.61376069922656,1.32382239254838,1422.00184196753,0.142511935438379
1.311,-1.418125,-1.40450479692526,1.16669161408,-8.63663361720002,-1.43274453844013,1.1680371369565,749.597341983715,0.0282397415148816,-1.53834483025988,1.30868805089383,1384.57595435216,0.133840033334615
1.312,-1.358125,-1.33776083006233,1.15764915136,-8.26909005240001,-1.36607037028117,1.15933038384797,714.770097876105,0.0283095402188449,-1.46378555917809,1.29392148563491,1346.91155685171,0.126024729115745
1.313,-1.298125,-1.27165576376142,1.14908526016,-7.89187799735999,-1.29988549662308,1.15095753685254,677.580708548993,0.0282297328616469,-1.39006176741492,1.27952432100914,1305.93655868631,0.118406003653491
1.314,-1.238125,-1.20618959802252,1.14099994048,-7.50499745207998,-1.23417017831327,1.14293981015177,638.534040749673,0.0279805802907519,-1.31715143373224,1.26552644197166,1262.31878472289,0.110961835709726
1.315,-1.178125,-1.14072343228364,1.1329146208,-7.11811690680002,-1.16890359472111,1.13529374027114,602.373117331763,0.0281801624374694,-1.24503100194946,1.25195154316715,1219.89125123122,0.104307569665817
1.316,-1.11812499999999,-1.07627065704282,1.12573185736,-6.71859025759995,-1.10406522855096,1.12799220229427,559.840463024637,0.0277945715081488,-1.17367656956701,1.23878801876392,1171.05747958525,0.097405912524178
1.317,-1.05812500000001,-1.01193571790645,1.11865404232,-6.31759313120005,-1.0396336755404,1.12109328212088,519.98743735215,0.0276979576339481,-1.10306289640276,1.22609416852265,1123.68645392362,0.0911271784963142
1.318,-0.998124999999996,-0.947886075907796,1.11188080344,-5.91367358431998,-0.975586591510948,1.11457170310996,480.296872933273,0.027700515603142,-1.0331634784872,1.21385580718534,1075.63658240276,0.0852774025794171
1.319,-0.938125000000003,-0.884529298386515,1.10584724952,-5.50265673056002,-0.911902415980487,1.10842538573915,436.179941234761,0.027373117593979,-0.963952059537143,1.2020784741261,1022.93619697134,0.0794227611506265
1.32,-0.878125000000001,-0.821172520865225,1.0998136956,-5.09163987680001,-0.848558498088076,1.10269447093189,396.498138549569,0.0273859772228448,-0.895401019357449,1.19080423947907,973.745066995783,0.0742284984922244
1.321,-0.818124999999998,-0.758379766343535,1.09451601264,-4.67589245455999,-0.785532224390855,1.09733751162729,352.062573789646,0.0271524580473116,-0.827482479773541,1.18000003829151,919.568966313745,0.0691027134299988
1.322,-0.758124999999996,-0.695843385912573,1.08955281648,-4.25799477391997,-0.722800932517687,1.09239766280541,308.49345651951,0.0269575466051163,-0.760168216881635,1.16971100374207,865.822620958071,0.0643248309690639
1.323,-0.698125000000003,-0.633361952152508,1.0846803096,-3.83971958480002,-0.660340970681197,1.08786630662808,268.60587682247,0.0269790185286768,-0.693428849949765,1.15993238357346,815.236417123173,0.0600668977972585
1.324,-0.638124999999992,-0.571484931772189,1.0808053848,-3.41729180239994,-0.598129922423892,1.08370893978604,220.444357088913,0.0266449906517027,-0.627235989941413,1.15063431334139,756.388032728284,0.0557510581692299
1.325,-0.578125000000007,-0.509607911391897,1.07693046,-2.99486402000005,-0.536144195657501,1.08000110284415,178.154012591234,0.026536284265602,-0.561559947126671,1.14189206025461,703.012348849114,0.0519520357347841
1.326,-0.518124999999996,-0.447968604737814,1.07358265472,-2.57109705615997,-0.474359601587394,1.0766880842189,133.767157433271,0.026390996849574,-0.49637034259772,1.1336544139518,647.392559374539,0.0484017378599185
1.327,-0.458125000000003,-0.386587682568788,1.07080780544,-2.14587446032002,-0.412752983764379,1.07378855983998,87.1429988141792,0.0261653011956016,-0.431637695464414,1.12594123806393,589.467939798808,0.0450500128956139
1.328,-0.398125,-0.325206760399753,1.06803295616,-1.72065186448,-0.35130007940917,1.07132247198314,46.6563870516217,0.0260933190094256,-0.36733137161183,1.11877292409878,537.510460853115,0.0421246112120776
1.329,-0.338124999999998,-0.264115827571939,1.06622704016,-1.29411652503999,-0.289977691300225,1.06923268339069,-2.74496556032702,0.0258618637282922,-0.303421749648632,1.11209372982658,476.682170182158,0.0393059220766916
1.33,-0.278124999999996,-0.203066321792872,1.0645595432,-0.86739365079997,-0.228761926212818,1.06760062641459,-47.2848365330099,0.0256956044199388,-0.239878488803386,1.10598450857967,420.675602646707,0.0368121670105064
1.331,-0.218125000000002,-0.14206174721743,1.0631930108,-0.440543311560017,-0.167627859677352,1.06638086593975,-90.2417153187496,0.0255661124599326,-0.176670228152694,1.10040001704703,366.257239201959,0.034608480935261
1.332,-0.158124999999991,-0.0811781412670924,1.0626367676,-0.0133497973199372,-0.106552304366452,1.06555819937847,-139.717408145853,0.0253741630993544,-0.113767344786762,1.09532483041994,305.393249655036,0.0325892035196802
1.333,-0.0981250000000067,-0.0202945353167821,1.0620805244,0.413843716919952,-0.0455108080050026,1.06519198432438,-181.771029726064,0.0252162726882271,-0.0511389814863166,1.09081745903597,252.021004083232,0.0308444461695359
1.334,-0.0381249999999866,0.0405890706335642,1.0622659388,0.840723471160095,0.0155208057180871,1.06521323022216,-229.822254653118,0.0250682649154858,0.0112453954237869,1.0868080987369,192.720719157844,0.0293436752097706
1.335,0.0218749999999979,0.101472676583875,1.062822182,1.26744634539998,0.0765663002070319,1.06567651445812,-276.554576829079,0.0249063763768498,0.0734158601605904,1.0833505155676,134.859637665782,0.0280568164232943
1.336,0.0818750000000001,0.162366651273499,1.06344787856,1.69407545224,0.13765063515384,1.06656901796754,-317.011905521166,0.0247160161196569,0.135403623406324,1.08043061360195,83.4261162036871,0.0269630278671801
1.337,0.141875000000002,0.223416157052567,1.06511537552,2.11929804808002,0.198796730111256,1.06783234552048,-369.305460696484,0.0246194269413183,0.197237774097873,1.07798842588179,20.186079373309,0.0261783829546864
1.338,0.201875000000005,0.284465662831635,1.06678287248,2.54452064392003,0.260028934828545,1.06957481562333,-412.894012497991,0.0244367280030971,0.258948773764893,1.07613183189144,-34.1279071601697,0.025516889066738
1.339,0.261874999999989,0.345667067789419,1.06895790592,2.96846228359992,0.32137238657986,1.0717155995741,-458.485346864304,0.0242946812095536,0.320567795898727,1.07477780429788,-90.3545728711318,0.0250992718906921
1.34,0.321875000000009,0.407047989958473,1.0717327552,3.39089006600007,0.382850417235333,1.07427250558591,-507.338899488847,0.024197572723147,0.382124117223607,1.07394316077163,-149.750743141221,0.0249238727348658
1.341,0.381874999999994,0.468428912127489,1.07450760448,3.81331784839996,0.4444877101474,1.07727490107755,-547.504847541195,0.0239412019800913,0.443648308548166,1.07365625570934,-200.174928377108,0.0247806035793261
1.342,0.441874999999996,0.530233584851988,1.0782221016,4.23187616887997,0.506307480491306,1.08064216957826,-598.727469953828,0.0239261043606921,0.50516936399113,1.07383369785406,-261.795330858563,0.0250642208608692
1.343,0.501874999999998,0.592110605232298,1.0820970264,4.64977384951999,0.568333531852195,1.08447546693899,-643.733567765784,0.0237770733801009,0.566716818950285,1.07457777266628,-316.927977823393,0.0253937862820217
1.344,0.561875000000001,0.654152465625271,1.08624401904,5.06595132344,0.63059090659236,1.08871687878868,-685.765754782513,0.0235615590328989,0.628321404008483,1.07582791451462,-368.932585770305,0.025831061616786
1.345,0.621875000000003,0.716688846056234,1.0912072152,5.47696817720002,0.693102186021897,1.09333841257056,-736.376519191702,0.023586660034336,0.690011267771731,1.07755456103621,-429.720250128097,0.0266775782844966
1.346,0.681875000000005,0.779225226487196,1.09617041136,5.88798503096004,0.755891393619081,1.09841840200763,-777.191590201455,0.023333832868112,0.751816005655394,1.07983777776778,-480.284844335432,0.0274092208317966
1.347,0.741875000000007,0.842291446705661,1.10182488024,6.29253081080005,0.818982194841988,1.10386601611438,-824.458896618864,0.0233092518636766,0.81376478767108,1.08258264978013,-537.60508242146,0.02852665903459
1.348,0.80187500000001,0.905648224226951,1.10785843416,6.69352793720006,0.88239733726349,1.10974004563829,-870.291002698864,0.0232508869634721,0.875885824739976,1.08585061343125,-593.390399802505,0.0297623994869792
1.349,0.861874999999994,0.969045758482185,1.11393549896,7.09393687271996,0.94616085549042,1.11602662579238,-907.544774474935,0.0228849029917661,0.938208660033203,1.08962673665861,-640.152510286828,0.0308370984489811
1.35,0.921875000000014,1.03338069761859,1.121013314,7.48081741800009,1.01029410770292,1.12264619644757,-958.817335960475,0.0230865899156825,1.00076000822367,1.09382721831143,-701.926241431247,0.0326206893949233
1.351,0.981874999999999,1.09771563675495,1.12809112904,7.86769796327999,1.07481985286555,1.12972721433392,-999.38464656346,0.0228957838894003,1.06356812088638,1.09858950754422,-752.324628127723,0.0341475158685745
1.352,1.041875,1.16254548752993,1.13560972736,8.24611857960001,1.13976168798473,1.13717047590008,-1040.94460063635,0.0227837995451997,1.12666216418548,1.1038080803863,-804.029662833717,0.035883323344454
1.353,1.101875,1.22801165326883,1.14369504704,8.61366214440002,1.20514061363101,1.14498455198829,-1086.11160854097,0.0228710396378051,1.19006860536605,1.10949425075977,-859.831347804016,0.037943047902773
1.354,1.16187500000001,1.29347781900773,1.15178036672,8.98120570920003,1.27097881012298,1.15320205273129,-1121.04846915429,0.0224990088847469,1.25381529474538,1.11568498307089,-904.594429672296,0.0396625242623386
1.355,1.22187499999999,1.36000881901663,1.1606633056,9.32721553319994,1.33729667781333,1.16172823546577,-1166.2573695406,0.0227121412033049,1.31792820984761,1.12227794010011,-961.247630992376,0.0420806091690206
1.356,1.28187500000001,1.42675278587957,1.16970576832,9.66891860904006,1.40411459647541,1.17065712450058,-1204.75467697604,0.0226381894041658,1.38243351235787,1.12938188749809,-1010.64350596557,0.0443192735216994
1.357,1.34187499999999,1.49382115887923,1.1789521552,10.00288075696,1.4714538526874,1.17992634898578,-1238.63915001545,0.0223673061918408,1.44735854443236,1.13692926582735,-1055.29594858823,0.0464626144468828
1.358,1.401875,1.56198071615707,1.1888844688,10.31080523824,1.53933271536054,1.18949294332499,-1280.36581793155,0.0226480007965494,1.51272744291992,1.14487574819233,-1109.62765143135,0.0492532732371474
1.359,1.461875,1.63014027343492,1.1988167824,10.61872971952,1.60777027622142,1.19942859478781,-1311.69469249558,0.0223699972135095,1.57856560814697,1.1533097651758,-1152.23950790171,0.0515746652879575
1.36,1.521875,1.69926345725949,1.209250276,10.8995968,1.67678492384942,1.20963707163685,-1346.82252934041,0.022478533410063,1.64489786325134,1.16212273851247,-1200.42870468324,0.0543655940081577
1.361,1.581875,1.7689648170121,1.2199844776,11.16422944,1.74639327912984,1.22015290144574,-1379.9574964839,0.0225715378822651,1.71174737397251,1.17136539235086,-1246.90548807824,0.0572174430395724
1.362,1.64187500000001,1.83870061510345,1.23073303648,11.42772652,1.81661241320042,1.23095727341615,-1404.0346734655,0.0220882019030213,1.77913828878546,1.18102130648304,-1282.87046500198,0.0595623263179841
1.363,1.70187500000001,1.91005501511577,1.24215638752,11.63785228,1.88745645822026,1.24196640863824,-1437.66921721781,0.0225985568954988,1.84709149691248,1.19099313173601,-1332.79416604362,0.0629635182032781
1.364,1.76187500000001,1.98140941512808,1.25357973856,11.84797804,1.95893965611229,1.25326791750326,-1461.59237130759,0.0224697590157783,1.91562876366922,1.20140879870942,-1370.87199276777,0.0657806514588696
1.365,1.82187499999999,2.05349101317396,1.2652310896,12.029965544,2.03107618613014,1.26477200204716,-1483.43865283152,0.0224148270438088,1.984772377499,1.21215863740488,-1408.07039681864,0.0687186356749614
1.366,1.88187500000001,2.12659068846689,1.27720164064,12.1725594896,2.10387709862827,1.27645924105003,-1505.94403279287,0.0227135898386122,2.05454123841134,1.22323403916764,-1448.1080116494,0.0720494500555671
1.367,1.941875,2.19969036375978,1.28917219168,12.3151534352,2.17735305316371,1.2883354143281,-1520.20870348252,0.022337310596078,2.12495473364363,1.2346606201141,-1477.40401660456,0.0747356301161412
1.368,2.001875,2.27426375268986,1.30144445608,12.3907546784,2.25151269455739,1.30032441450793,-1536.29385256487,0.0227510581324597,2.19603013762213,1.24633901310569,-1513.62792178871,0.0782336150677305
1.369,2.061875,2.34917722938235,1.31378634664,12.4508960672,2.32636296211096,1.31244281510904,-1547.06413151789,0.0228142672713795,2.26778369285418,1.25833256451583,-1543.18648844333,0.0813935365281833
1.37,2.12187500000001,2.42447678749715,1.3261608652,12.490344464,2.40190986338622,1.32464151875558,-1552.45412673759,0.0225669241109439,2.34023168587213,1.27057946473451,-1566.71984947155,0.0842451016250187
1.371,2.18187499999999,2.50124345501668,1.33865937016,12.4511594912,2.47815657781222,1.3368709023675,-1556.62117484661,0.0230868772044747,2.41338703323699,1.28302388917931,-1594.71448912606,0.0878564217797074
1.372,2.24187500000001,2.57801012253626,1.35115787512,12.4119745184,2.55510453953851,1.34911966727742,-1555.20285453219,0.0229055829977438,2.48726221929955,1.29570657545104,-1613.30275384333,0.0907479032367131
1.373,2.301875,2.6558988866446,1.36359473072,12.3013912208,2.6327533860881,1.36133639805483,-1548.68481901093,0.0231455005565018,2.5618684057274,1.30854061559445,-1631.24153716742,0.0940304809171963
1.374,2.361875,2.73452281748355,1.37599119536,12.1440297104,2.71109993937891,1.37347422697275,-1538.01089947311,0.0234228781046535,2.63721408656016,1.32151979978222,-1646.02716403613,0.0973087309233839
1.375,2.421875,2.81314674832251,1.38838766,11.9866682,2.79013858684374,1.3854950421961,-1524.11442399761,0.0230081614787557,2.7133067404462,1.33461489400169,-1653.26086471319,0.0998400078762974
1.376,2.481875,2.89358975213945,1.40037432752,11.6903218832,2.86986177994893,1.39736937758147,-1499.1908954412,0.023727972190509,2.79015101300417,1.34775624087135,-1660.82974635974,0.103438739135286
1.377,2.541875,2.9740327559564,1.41236099504,11.3939755664,2.95025822622573,1.40899601128428,-1473.38429096729,0.0237745297306547,2.8677496406024,1.36094685236451,-1661.91231246494,0.106283115353989
1.378,2.60187500000001,3.0551609205352,1.42404218512,11.0336293303999,3.03131351166815,1.42036720294369,-1439.97699089771,0.0238474088670666,2.9461037341712,1.37412697801802,-1657.50582875784,0.109057186363996
1.379,2.66187500000001,3.13733485680317,1.43525712016,10.5755990071999,3.11301100862411,1.43141342209538,-1396.60219603418,0.0243238481790693,3.02521124668465,1.38724613482666,-1648.47508527028,0.112123610118518
1.38,2.72187500000001,3.21950879307114,1.4464720552,10.1175686839999,3.19532948493185,1.44204347149465,-1355.57001334571,0.0241793081392965,3.10506746881992,1.40026187410217,-1635.56848091757,0.114441324251236
1.381,2.781875,3.30293701966712,1.45674269936,9.51217044832004,3.27824573172093,1.45227954823661,-1294.18714459323,0.0246912879461982,3.18566545825684,1.41313869822175,-1612.95939437555,0.117271561410282
1.382,2.84187500000002,3.38669532266525,1.46676484592,8.86799118303983,3.36173182987615,1.4619350366671,-1232.37639315307,0.0249634927890914,3.26699470471981,1.42578755966776,-1586.99604411322,0.119700617945442
1.383,2.901875,3.47071054374311,1.47647245112,8.18402672727999,3.44575442714521,1.47100690017728,-1168.6702841466,0.0249561165979159,3.34904127298054,1.43817795255612,-1556.63650814217,0.121669270762581
1.384,2.961875,3.55583907650003,1.48481704376,7.32765977943996,3.5302796106572,1.47947860609615,-1077.97401165086,0.0255594658428372,3.43178920669735,1.45026983260457,-1511.46169544086,0.124049869802673
1.385,3.021875,3.64096760925695,1.4931616364,6.47129283159993,3.61526590702135,1.48710277516389,-998.074949291591,0.0257017022356063,3.5152175108766,1.46192736196208,-1468.48986325613,0.125750098380338
1.386,3.08187500000001,3.72672538498263,1.50020532664,5.47519958487987,3.70066763930634,1.49398005539587,-895.273296629394,0.0260577456762919,3.59930189896272,1.473171481293,-1410.38910154045,0.127423486019905
1.387,3.14187499999999,3.8129326199717,1.50631980088,4.37930183896015,3.78643601087903,1.499900900639,-782.702304437274,0.0264966090926691,3.68401471527361,1.48386364523117,-1344.60054403494,0.128917904698077
1.388,3.20187500000001,3.89913985496081,1.51243427512,3.28340409303978,3.8725136897081,1.50477691544383,-685.385546867573,0.0266261652527059,3.76932233340396,1.49393398158618,-1284.81009566573,0.129817521556854
1.389,3.261875,3.9860319357683,1.51575430608,1.92526496513608,3.95884487822902,1.50875005825607,-530.983095600016,0.0271870575392823,3.85519073373462,1.50343863679485,-1188.46234892444,0.130841202033677
1.39,3.321875,4.07293858776343,1.5190148808,0.561546233360032,4.04536284023964,1.5112965401453,-397.679026183512,0.0275757475237843,3.941577895179,1.51204216051792,-1102.4901408168,0.131360692584433
1.391,3.381875,4.15992832322253,1.52094369744,-0.913398147664023,4.13199145814193,1.51261267754896,-250.372641621606,0.0279368650805992,4.02843496130329,1.51984140446463,-1004.74457735811,0.131493361919253
1.392,3.441875,4.24705653112155,1.52065291728,-2.57371861076809,4.21865660256365,1.51257155620168,-69.176754281482,0.0283999285579047,4.11571278299174,1.52672930039941,-882.877137705019,0.131343748129802
1.393,3.50187500000001,4.33418473902057,1.52036213712,-4.23403907387215,4.30527163663747,1.51086349642895,83.6053996872985,0.0289131023830987,4.20335282674149,1.53248533965067,-777.330851554654,0.13083191227908
1.394,3.56187500000001,4.4210308587122,1.516738468,-6.14511590560025,4.39174861458625,1.50775248833237,297.185526954798,0.0292822441259516,4.29129459381357,1.53726143120852,-627.82948997783,0.129736264898645
1.395,3.62187500000001,4.50779311434218,1.51212394,-8.13074192800033,4.47799119173952,1.50268136512747,501.436907512587,0.0298019226026562,4.37947039602938,1.54065470729794,-482.536585002604,0.128322718312803
1.396,3.68187500000001,4.59437632075285,1.50664759504,-10.1752416604805,4.56388960750158,1.4957389894624,693.870553216068,0.0304867132512559,4.46780217448489,1.54270602908365,-342.806889536722,0.126574146267967
1.397,3.741875,4.68006428106697,1.49686216528,-12.5141099433599,4.6493398447847,1.48703698493915,964.535649460857,0.030724436282269,4.55621456669339,1.54346865812231,-144.955222703695,0.123849714373569
1.398,3.80187500000002,4.76575224138114,1.48707673552,-14.8529782262407,4.73422054368982,1.47585834963745,1189.27226173932,0.0315316976913307,4.64461847456198,1.5424098697511,22.1965705005707,0.121133766819158
1.399,3.861875,4.85036331871868,1.47386522824,-17.4053641896001,4.81840201863695,1.46262946438751,1463.19119084469,0.0319613000817379,4.73291771071567,1.53981492600438,228.428466697793,0.117445608003018
1.4,3.921875,4.93413682040779,1.457988994,-20.1238194600002,4.90175392747663,1.44690102976194,1757.99949034258,0.0323828929311618,4.8210140281717,1.53532667097545,452.395520043673,0.113122792236093
1.401,3.98187500000001,5.0179103220969,1.44211275976,-22.8422747304003,4.98412766195484,1.42848473785466,2000.26169441934,0.0337826601420533,4.90879435796693,1.52878487585104,639.452112407532,0.109115964129968
1.402,4.04187500000001,5.09890753139622,1.41945218792,-25.9472919944004,5.06538318762531,1.40786817892233,2374.08124828716,0.0335243437709028,4.9961508602494,1.52053229985932,929.489483489168,0.102756671146808
1.403,4.10187499999999,5.17978403233074,1.39649664488,-29.0691163015996,5.1453598628427,1.38384443576075,2688.6941324367,0.034424169488029,5.08295844878731,1.50962417154643,1176.61032740566,0.0968255835434249
1.404,4.16187500000001,5.25923265460164,1.37066181455999,-32.3409162408008,5.22387822616858,1.35696349086691,3019.75194454227,0.0353544284330542,5.16907640066314,1.49645943906841,1439.74153763278,0.0901562539384888
1.405,4.221875,5.33607749813286,1.3395765192,-35.8862011559998,5.30077036463948,1.32707847956627,3425.65249183327,0.0353071334933663,5.25437130248347,1.48089430479163,1764.16632810359,0.0817061956493763
1.406,4.281875,5.4129223416641,1.30849122384,-39.4314860712,5.37584456572704,1.29350550499808,3755.88691412002,0.0370777759370683,5.33868957337216,1.46236858840065,2031.469367239,0.0742327682919256
1.407,4.341875,5.48577197450829,1.27048154448,-42.4173245352001,5.44890963107042,1.25694641185543,4106.44918338796,0.0368623434378788,5.42187677097378,1.44141239891003,2395.84110088198,0.0638952035345112
1.408,4.401875,5.55728987045679,1.23016373712,-45.2166808488002,5.51978924365521,1.21721881242988,4415.86719736987,0.0375006268015649,5.50376816387879,1.4171364715636,2743.46704928075,0.0535217065779835
1.409,4.46187500000001,5.62785115849988,1.18878280615999,-47.7417610288001,5.58831284614315,1.17470614505482,4656.0139273502,0.0395383123567311,5.58417810605835,1.3897000131793,3051.8782682759,0.0436730524415372
1.41,4.52187499999999,5.69280945738269,1.14117500840001,-48.6603667119999,5.65433924674406,1.13005002239836,4813.52034013066,0.038470210638624,5.66293598822094,1.35946869809073,3447.64797968669,0.029873469161743
1.411,4.58187500000001,5.75776775626555,1.09356721063999,-49.5789723952002,5.71776751042562,1.08401405773444,4928.33170846397,0.0400002458399284,5.73985877672111,1.32564316019557,3769.19960805861,0.0179089795444283
1.412,4.641875,5.81878168901107,1.044663636944,-50,5.77852989206616,1.03699318422708,5003.87595517607,0.0402517969449177,5.81476025832154,1.28891177690313,4078.09286787574,0.00402143068954147
1.413,4.701875,5.8764580811789,0.994663637456002,-50,5.83658035354544,0.98935018600391,5046.32624708276,0.0398777276334529,5.88747740562389,1.24939550926447,4367.23533519215,-0.0110193244450072
1.414,4.761875,5.93413447334672,0.944663637968,-50,5.89189199962998,0.941390491742443,5062.90851711794,0.0422424737167328,5.95785598569979,1.20728038114135,4595.12564746612,-0.0237215123530648
1.415,4.821875,5.98481673533192,0.894663638119998,-50,5.94445351682706,0.893352578122757,5110.00527580577,0.0403632185048524,6.02576335386619,1.16313394059389,4822.77130840567,-0.0409466185342728
1.416,4.88187499999999,6.03503272197159,0.844663638248011,-50,5.99425238455433,0.844955833089254,5133.84361830724,0.040780337417263,6.09108327917361,1.11696158694864,5000.43229387228,-0.0560505572020116
1.417,4.94187500000001,6.0827619214363,0.794663638247995,-50,6.04127418922165,0.796414790259539,5153.0777965147,0.0414877322146523,6.15371294930134,1.06922631938524,5150.27905348138,-0.0709510278650332
1.418,5.00187499999999,6.125517546551,0.744663637992007,-50,6.08551188305798,0.747772031606701,5187.02215846697,0.0400056634930104,6.21357021601179,1.02018645129816,5294.69128211254,-0.088052669460784
1.419,5.06187499999999,6.1682731716657,0.694663637736005,-50,6.1269557656679,0.698892381099815,5196.02833460213,0.0413174059977939,6.27058182145894,0.969894002503217,5396.69256163225,-0.102308649793235
1.42,5.121875,6.20558891774948,0.644663637760004,-50,6.16559884738985,0.65000563723077,5224.70835791652,0.0399900703596289,6.3246872315292,0.91874109523232,5503.22362540852,-0.119098313779722
1.421,5.181875,6.24088413733605,0.594663637888002,-50,6.2014355368684,0.600930811600231,5244.3308284756,0.0394486004676335,6.37583598991886,0.866687389180952,5587.58228605443,-0.134951852582823
1.422,5.241875,6.2752468062316,0.544663638016,-50,6.23445745337795,0.551751525220275,5248.07954782034,0.04078935285365,6.42398236843044,0.813938266696021,5644.72026364598,-0.148735562198842
1.423,5.301875,6.30308162029003,0.494663638143998,-50,6.26466280009209,0.502613978516236,5280.3650734409,0.0384188201979315,6.46909372781589,0.760745235957099,5720.58807304708,-0.166012107525874
1.424,5.361875,6.33091643434846,0.444663638271996,-50,6.29204644548731,0.45325556817388,5287.77283133395,0.0388699888611454,6.51113971727173,0.706936670569332,5763.11222671064,-0.18022328292327
1.425,5.42187500000001,6.35486564344596,0.394663638199994,-50,6.31660230161558,0.403905511994938,5303.2547578549,0.0382633418303682,6.55009388466622,0.652820286244212,5806.41226386879,-0.195228241220263
1.426,5.48187499999999,6.37524009597941,0.344663637944007,-50,6.33832871873165,0.354489514679081,5323.21746069747,0.0369113772477505,6.58593840244953,0.59838942197294,5847.91106699764,-0.210698306470131
1.427,5.54187500000001,6.39561454851286,0.29466363768799,-50,6.3572207406587,0.304966455292911,5320.12133379469,0.0383938078541763,6.61865574094657,0.543661136552504,5860.95331149525,-0.223041192433711
1.428,5.601875,6.40915029597885,0.244663637784003,-50,6.37327831534464,0.255548641016296,5348.82747298106,0.0358719806341985,6.64823637241475,0.488897691325091,5901.16925425371,-0.239086076435889
1.429,5.661875,6.42206434298416,0.194663637912001,-50,6.38649908639286,0.205943327871295,5357.76654290358,0.0355652565912925,6.67467112199094,0.433849142764403,5917.65832482174,-0.252606779006779
1.43,5.721875,6.43264702701291,0.144663637991999,-50,6.39687752905564,0.156332663518381,5362.78335100243,0.0357694979572695,6.69794992058555,0.378734220004758,5926.84654833402,-0.265302893572647
1.431,5.781875,6.43810071249325,0.0946636379663975,-50,6.40441437072257,0.106752741060706,5385.47278721781,0.0336863417706691,6.71807089239993,0.323620193719078,5950.83369746723,-0.279970179906693
1.432,5.84187499999999,6.44355439797358,0.0446636379408104,-50,6.40910671360124,0.0570409246696576,5384.6099444646,0.0344476843723417,6.73503018834495,0.268370912402115,5948.83319670244,-0.291475790371362
1.433,5.90187500000001,6.44372362953815,-0.00533636213920628,-50,6.41095321403499,0.00741409974734525,5403.46631554476,0.0327704155031695,6.74882691420426,0.213225672078229,5964.49685632344,-0.305103284666114
1.434,5.96187499999999,6.44171690949034,-0.0553363622415934,-50,6.40995354069476,-0.042309282210275,5415.67191211162,0.0317633687955921,6.75946237089137,0.158021801208332,5971.78444040011,-0.317745461401027
1.435,6.02187499999999,6.43893306615852,-0.105336362319995,-50,6.4061039184395,-0.0920678844142759,5411.73885167318,0.0328291477190186,6.76693540933025,0.102836450564778,5961.49375320534,-0.328002343171741
1.436,6.081875,6.42946596258415,-0.155336362191997,-50,6.39940658437557,-0.141713176628827,5438.4783857399,0.0300593782085888,6.77125172276881,0.0478313115369133,5980.68333801293,-0.341785760184643
1.437,6.141875,6.41999885900979,-0.205336362063999,-50,6.38985994156872,-0.19152752235386,5441.00454195277,0.0301389174410579,6.77241385873212,-0.00726511370568791,5974.68106658975,-0.352414999722336
1.438,6.201875,6.40680155267135,-0.255336361936001,-50,6.37746069316503,-0.241287896480177,5451.02050453907,0.0293408595063127,6.77042323053923,-0.0622209185920698,5975.37483578286,-0.363621677867874
1.439,6.261875,6.38987404356885,-0.305336361808003,-50,6.362209955095,-0.291063288882392,5467.37423331881,0.0276640884738437,6.76528612408655,-0.117097924657454,5981.7719517746,-0.375412080517704
1.44,6.32187500000001,6.37294653446634,-0.355336361680005,-50,6.34410519715631,-0.340911983731157,5461.08978356086,0.0288413373100327,6.75700554753752,-0.171948724830562,5965.03373442603,-0.384059013071185
1.441,6.38187500000001,6.34933578483104,-0.405336361896007,-50,6.32314818921467,-0.390625596165134,5485.80996534835,0.0261875956163786,6.74558909877752,-0.226560514663794,5978.92104157689,-0.39625331394649
1.442,6.44187499999999,6.32494791420357,-0.455336362151994,-50,6.29933849332527,-0.440489578172283,5492.4341195164,0.025609420878312,6.73104238979604,-0.281215419448572,5974.43454377997,-0.406094475592489
1.443,6.50187500000001,6.2983840919637,-0.50533636229601,-50,6.27267227002286,-0.490337213225667,5494.22888941646,0.0257118219408339,6.71336779481361,-0.335744333351203,5964.92767534879,-0.414983702849923
1.444,6.561875,6.26653581580809,-0.555336362167998,-50,6.24315172802839,-0.540124096327798,5515.27158687629,0.0233840877796914,6.69257385015333,-0.390101264247718,5974.55190077757,-0.426038034345239
1.445,6.621875,6.23468753965246,-0.605336362039999,-50,6.21077527247956,-0.590027402577752,5512.93661290593,0.0239122671729001,6.66866535987651,-0.444462484775287,5960.74479259756,-0.43397782022406
1.446,6.681875,6.19771024982233,-0.655336361912001,-50,6.1755423994238,-0.639831876942491,5529.30852809261,0.0221678503985357,6.6416482539719,-0.498612420015783,5965.64454660841,-0.443938004149578
1.447,6.741875,6.15840159014015,-0.705336361784003,-50,6.13745383672381,-0.689709775991682,5540.51302651283,0.020947753416335,6.61152969842119,-0.552723500593556,5965.42221536508,-0.453128108281042
1.448,6.80187499999999,6.11847123183077,-0.75533636168799,-50,6.09650674264282,-0.739613445682813,5534.50775306134,0.0219644891879392,6.57831326768706,-0.606748663548995,5948.07362342914,-0.459842035856284
1.449,6.86187500000001,6.07170218862201,-0.805336361944007,-50,6.05270417759368,-0.789384516170169,5560.60702358474,0.0189980110283378,6.54200839447884,-0.660530480456042,5962.94504437634,-0.470306205856832
1.45,6.92187499999999,6.02493314541328,-0.855336362199994,-50,6.00604527157075,-0.839318554787085,5562.54253042615,0.018887873842539,6.502620518767,-0.714365752619598,5953.79474015053,-0.477687373353721
1.451,6.981875,5.97458932455564,-0.905336361903996,-50,5.95652706304021,-0.889193002307086,5570.84643444293,0.0180622615154292,6.46015291134456,-0.768033397312422,5951.17677952314,-0.485563586788912
1.452,7.041875,5.92035987581876,-0.955336361007998,-50,5.90415128521582,-0.939066540350385,5586.87609482765,0.0162085906029412,6.41461344744644,-0.821593771918201,5956.46640068146,-0.494253571627676
1.453,7.101875,5.86613042708188,-1.005336360112,-50,5.84891595396149,-0.989010247285256,5580.27878119996,0.0172144731204095,6.36600618430576,-0.875119792457997,5939.32527436853,-0.499875757223872
1.454,7.161875,5.80537315623523,-1.05533636224,-50,5.7908230155902,-1.038815846189,5603.53121389424,0.0145501406450449,6.31433900060099,-0.928405149303878,5952.24152393312,-0.508965844365767
1.455,7.221875,5.7436833393729,-1.1053363648,-50,5.72987250976005,-1.08875816879524,5610.04624479578,0.0138108296128562,6.25961775272,-0.981726743342641,5948.63682374486,-0.515934413347097
1.456,7.28187500000001,5.67997299899274,-1.15533636632001,-50,5.66606102017045,-1.13868301908573,5610.55166648613,0.0139119788222866,6.20184472030485,-1.03493252566891,5939.24557168158,-0.521871721312105
1.457,7.34187500000001,5.61082278760306,-1.20533636504001,-50,5.59939113103165,-1.18853513573782,5631.64153133629,0.0114316565714026,6.14102805884236,-1.0879694395136,5950.66652425853,-0.530205271239295
1.458,7.40187499999999,5.54167257621339,-1.25533636375999,-50,5.52986158119656,-1.23850400836572,5629.32002291603,0.0118109950168443,6.07717195100849,-1.14102921890553,5938.90694282156,-0.535499374795094
1.459,7.46187500000001,5.46754877287244,-1.30533636248001,-50,5.45747185654026,-1.28837407136358,5644.51118194613,0.0100769163321744,6.01028119719434,-1.19389856749018,5944.8925583073,-0.542732424321902
1.46,7.521875,5.39093817355591,-1.3553363612,-50,5.38222299840105,-1.33830659442687,5655.85922062375,0.00871517515485846,5.94036202289103,-1.246741036247,5947.26809301264,-0.549423849335118
1.461,7.581875,5.31386129999392,-1.40533636016,-50,5.30411244374936,-1.38826612403525,5648.78727711162,0.00974885624455087,5.86741691848067,-1.29952345409654,5931.45619517769,-0.553555618486747
1.462,7.641875,5.22979031275048,-1.45533636272,-50,5.22314350120462,-1.43808315449242,5675.13029265149,0.00664681154587395,5.79145411545067,-1.35207858973832,5949.29047235872,-0.561663802700199
1.463,7.701875,5.14571932550705,-1.50533636528,-50,5.13931552217304,-1.48806532429535,5677.25280822796,0.0064038033340186,5.71247775821441,-1.40471634026993,5943.13342356958,-0.56675843270736
1.464,7.76187499999999,5.05822899480557,-1.55533636607999,-50,5.05262543576911,-1.53798954887839,5684.52921952521,0.0056035590364451,5.63048944012373,-1.45721585743935,5942.35681161395,-0.572260445318158
1.465,7.82187500000001,4.96669762183539,-1.60533636480001,-50,4.9630752010726,-1.58790333389726,5700.83792820978,0.00362242076280121,5.54549565715767,-1.50962685552717,5950.83591596432,-0.578798035322294
1.466,7.88187499999999,4.87516624886527,-1.65533636351999,-50,4.87066303520531,-1.63788979266925,5694.45969798524,0.00450321365996294,5.45749903771337,-1.56203462432797,5936.84797666735,-0.582332788848092
1.467,7.941875,4.77726245932828,-1.70533636224,-50,4.77539075687785,-1.68774009271207,5716.71403975662,0.00187170245043056,5.36650568809913,-1.6142324720456,5951.70865539481,-0.589243228770859
1.468,8.001875,4.67827069623109,-1.75533636096,-50,4.67725861494726,-1.73771786473413,5723.53507637559,0.00101208128383967,5.272520023227,-1.66648613134356,5951.3479656457,-0.594249326995902
1.469,8.061875,4.57741383615219,-1.80533636064,-50,4.57626337907838,-1.78768092474645,5723.11857916745,0.00115045707381638,5.17554285956005,-1.71865547912392,5943.95736566191,-0.598129023407859
1.47,8.121875,4.47096168512813,-1.8553363632,-50,4.47240779908264,-1.83756271024143,5744.58134785488,-0.00144611395450862,5.07558087685587,-1.77067597089537,5958.64918684158,-0.604619191727737
1.471,8.18187500000001,4.36450953410407,-1.90533636576,-50,4.36569076152581,-1.88756463644082,5742.56233559948,-0.00118122742173373,4.97263677726982,-1.82275099565942,5950.05780040279,-0.608127243165757
1.472,8.24187500000001,4.25323921587724,-1.95533636584001,-50,4.25611157705927,-1.93747048474186,5756.829520533,-0.00287236118204164,4.86671357524893,-1.87466626337986,5957.94652456197,-0.613474359371697
1.473,8.30187500000001,4.13932667692631,-2.00533636456001,-50,4.14367145387517,-1.98743023707941,5768.54962543323,-0.00434477694885034,4.75781607359605,-1.92657363869759,5963.47737466584,-0.618489396669739
1.474,8.36187499999999,4.02510328847846,-2.05533636328,-50,4.02836797720318,-2.03742037676592,5760.61476152215,-0.00326468872472059,4.64594534560476,-1.97845144140453,5949.53773293119,-0.620842057126307
1.475,8.42187500000001,3.90373036160061,-2.10533636200001,-50,3.91020458760088,-2.08726003098794,5787.38337817771,-0.006474226000268,4.53110821600192,-2.03012058881332,5970.48132018253,-0.627377854401306
1.476,8.481875,3.78235743472284,-2.15533636072,-50,3.78918075409841,-2.13726870501914,5789.85566983334,-0.00682331937558351,4.41330743674606,-2.08190233004634,5967.30362137582,-0.630950002023217
1.477,8.541875,3.65772058812702,-2.20533636112,-50,3.66529320363289,-2.18722261068883,5796.25072580031,-0.00757261550586979,4.29254291910617,-2.13357457475143,5968.21905109569,-0.634822330979151
1.478,8.601875,3.52888727332234,-2.25533636368,-50,3.53854403788228,-2.23715792231962,5812.97000528713,-0.0096567645599403,4.16881985312171,-2.18517514943064,5979.62444169244,-0.639932579799365
1.479,8.66187500000001,3.40005395851766,-2.30533636624001,-50,3.40893160032247,-2.28716965158867,5806.92931889088,-0.00887764180482798,4.04213957725999,-2.2368006728126,5968.43103567988,-0.642085618742345
1.48,8.72187499999999,3.26500365377395,-2.35533636559999,-50,3.27645751456853,-2.3370482883625,5828.29235436706,-0.0114538607945749,3.91250661932555,-2.28824319729799,5984.7980204936,-0.6475029655516
1.481,8.78187500000001,3.12870995104235,-2.40533636432001,-50,3.14112217780786,-2.38704615317572,5835.51601912147,-0.0124122267655031,3.77992419242414,-2.33975656213072,5987.17787831779,-0.651214241381787
1.482,8.84187499999999,2.99070657607759,-2.45533636304,-50,3.00292249065205,-2.43703297901421,5834.26523988943,-0.0122159145744573,3.64439192730383,-2.39121197593994,5981.23119167061,-0.653685351226237
1.483,8.901875,2.84695248541916,-2.50533636176,-50,2.86186131862701,-2.48693081810372,5856.18053234698,-0.0149088332078659,3.50591533628935,-2.4425329243406,5998.59421768895,-0.658962850870184
1.484,8.961875,2.70319839476072,-2.55533636048,-50,2.71793765068309,-2.53695293623326,5854.53664934323,-0.0147392559223758,3.36449597418874,-2.49393406511061,5992.53753997581,-0.661297579428031
1.485,9.021875,2.55478156164799,-2.6053363616,-50,2.5711505809444,-2.58688239635605,5867.94642125923,-0.0163690192964177,3.22013542238942,-2.54519981267747,6001.6699116613,-0.665353860741433
1.486,9.081875,2.40356708306268,-2.65533636416,-50,2.42150144665915,-2.63685783571729,5880.09970169144,-0.0179343635964795,3.0728374291037,-2.5964701161551,6009.6772030099,-0.669270346041014
1.487,9.14187500000001,2.2521971797289,-2.70533636664,-50,2.26898794661435,-2.68686762332749,5871.35810746269,-0.0167907668854501,2.92260203002626,-2.64773461774275,5996.91714268548,-0.670404850297355
1.488,9.20187500000001,2.09352231321671,-2.75533636536001,-50,2.11361362139089,-2.73671947309998,5898.60412768424,-0.0200913081741741,2.76943503077866,-2.69880226679796,6020.26842749801,-0.675912717561941
1.489,9.26187500000001,1.93484744670453,-2.80533636408001,-50,1.95537802823047,-2.78674471589137,5901.47408521985,-0.020530581525934,2.61333818391182,-2.75000559281741,6019.36368406753,-0.678490737207302
1.49,9.321875,1.77306408522286,-2.8553363628,-50,1.79427766471363,-2.83671882316577,5907.03208378347,-0.0212135794907642,2.45431011466597,-2.80112123004196,6021.26341571159,-0.681246029443106
1.491,9.38187500000002,1.60692883078375,-2.90533636152001,-50,1.63031474995739,-2.88666660416067,5924.20299623879,-0.0233859191736358,2.29235510419611,-2.85217511555994,6034.88899018796,-0.685426273412351
1.492,9.441875,1.44079357634474,-2.95533636024,-50,1.46348773047106,-2.93669493848961,5918.53813347565,-0.0226941541263108,2.12747359740236,-2.90327522284055,6025.78830772306,-0.686680021057623
1.493,9.501875,1.2685967567151,-3.00533636208,-50,1.29379801307578,-2.98659361216293,5939.04581235618,-0.0252012563606759,1.95966893777085,-2.9542123986762,6042.96636786725,-0.691072181055744
1.494,9.561875,1.09500111434916,-3.05533636464,-50,1.121246122972,-3.03660361353776,5946.70580438161,-0.0262450086228504,1.78894352731006,-3.00522866004263,6047.39971687148,-0.693942412960902
1.495,9.62187500000001,0.919851224315114,-3.10533636640001,-47.999999999999,0.94582907263958,-3.08660657133708,5727.2610695036,-0.0259778483244595,1.61529619726815,-3.05620663301478,6042.2194843905,-0.695444972953033
1.496,9.68187499999999,0.738795193142295,-3.15533636511999,-38.4000000000015,0.767607121187745,-3.13451313299094,4740.25009979028,-0.0288119280454543,1.43873167346949,-3.10705793199,6061.58704903613,-0.699936480327199
1.497,9.74187500000001,0.557739161969369,-3.20533636384001,-28.7999999999982,0.58690259038543,-3.17326493855288,3888.60271076371,-0.0291634284160557,1.25925073834285,-3.15800859304655,6057.4101743427,-0.701511576373481
1.498,9.801875,0.373302642920752,-3.24023219744,-13.4000000000015,0.40420392610467,-3.20412152283715,2295.66380169255,-0.030901283183916,1.07685390865863,-3.20884185333128,5804.64038660726,-0.703551265737891
1.499,9.861875,0.186651321470697,-3.26523219872,5.79999999999927,0.220158515849025,-3.22027524145232,377.046163544743,-0.0335071943783247,0.891613425066266,-3.25727084001541,5421.14617676159,-0.704962103595561
1.5,9.921875,2.06410793028507e-11,-3.2902322,25,0.035693954975272,-3.21875263953268,-1247.39940494061,-0.0356939549546376,0.703701389341206,-3.30209661503959,5078.22126893565,-0.703701389320564
1.501,9.981875,-0.186651321445267,-3.26523219872,34.6000000000004,-0.148255295019007,-3.20228749841595,-2414.16839973303,-0.0383960264262529,0.513313397837421,-3.34369800096049,3929.96080308595,-0.699964719282688
1.502,-9.958125,-0.373302642911175,-3.24023219744,44.2000000000007,-0.330954378720394,-3.17511360351586,-3391.43987261059,-0.0423482641907842,0.320846305976931,-3.37467090844739,2944.87803181443,-0.694148948888106
1.503,-9.89812500000001,-0.557739161969369,-3.20533636384001,50,-0.51184014932509,-3.1389909306024,-3974.60850208483,-0.045899012644272,0.126865601558491,-3.39653304643199,1918.62728409875,-0.68460476352787
1.504,-9.83812499999999,-0.738795193142295,-3.15533636511999,50,-0.690504146960977,-3.09755909644078,-4100.78470939133,-0.0482910461813055,-0.0680962610780106,-3.40891979122373,764.98812090867,-0.670698932064293
1.505,-9.77812500000001,-0.919851224315114,-3.10533636640001,50,-0.866762860035468,-3.0550306605149,-4190.47637139208,-0.0530883642796333,-0.263463228075524,-3.41067385625969,-212.847663189153,-0.656387996239594
1.506,-9.718125,-1.09500111434916,-3.05533636464,50,-1.04056312247755,-3.01174298037429,-4293.255375138,-0.0544379918716099,-0.45867289873665,-3.40342911328115,-1082.44004955513,-0.63632821561252
1.507,-9.658125,-1.2685967567151,-3.00533636208,50,-1.2118580172043,-2.96757682930344,-4374.12508348824,-0.0567387395107931,-0.653238607619952,-3.38819534969965,-1824.4842932851,-0.615358149095145
1.508,-9.598125,-1.44079357634474,-2.95533636024,50,-1.38060302497355,-2.92273513444993,-4434.9991184229,-0.0601905513711986,-0.846736588971926,-3.3661583914094,-2454.58201349637,-0.594056987372816
1.509,-9.53812500000002,-1.60692883078375,-2.90533636152001,50,-1.54676474004606,-2.87740290310204,-4513.70942113657,-0.0601640907376969,-1.03880685523048,-3.33835869137854,-3022.50437462208,-0.568121975553258
1.51,-9.47812499999999,-1.77306408522286,-2.8553363628,50,-1.71031037759572,-2.83141680192778,-4561.80097644454,-0.0627537076271501,-1.22913586847963,-3.30537719516038,-3490.20947605083,-0.543928216743226
1.511,-9.41812500000001,-1.93484744670453,-2.80533636408001,50,-1.87121057257072,-2.7850595369015,-4616.44798288321,-0.0636368741337986,-1.41745337708086,-3.26814393332822,-3903.95285972053,-0.517394069623659
1.512,-9.35812500000001,-2.09352231321671,-2.75533636536001,50,-2.02944234757154,-2.73827137317678,-4667.14784838014,-0.0640799656451718,-1.60353018378734,-3.22716194392213,-4261.15111870342,-0.489992129429379
1.513,-9.29812500000001,-2.2521971797289,-2.70533636664,50,-2.18498207336586,-2.69108929234326,-4691.03158136132,-0.0672151063630422,-1.78716657185608,-3.18295725261698,-4545.84032152665,-0.465030607872815
1.514,-9.238125,-2.40356708306268,-2.65533636416,50,-2.33781426533305,-2.6437606133916,-4746.93045006275,-0.0657528177296337,-1.96819714770055,-3.13620193791738,-4822.87186987964,-0.435369935362133
1.515,-9.178125,-2.55478156164799,-2.6053363616,50,-2.4879220926013,-2.59599102430027,-4776.14608778796,-0.0668594690466969,-2.14647790287946,-3.08697040371071,-5038.79536321276,-0.408303658768528
1.516,-9.118125,-2.70319839476072,-2.55533636048,50,-2.63528734510673,-2.54802669420495,-4802.49918951817,-0.0679110496539852,-2.32188317609533,-3.0358286822434,-5222.00570667608,-0.381315218665384
1.517,-9.058125,-2.84695248541916,-2.50533636176,50,-2.7798996281107,-2.49989426028537,-4840.3480968215,-0.0670528573084566,-2.49431222839736,-2.98308069528451,-5390.84758443198,-0.352640257021804
1.518,-8.99812499999999,-2.99070657607759,-2.45533636304,50,-2.92174628759684,-2.45148822169117,-4852.85271729369,-0.0689602884807424,-2.66367688583833,-2.92886112243004,-5511.95433752314,-0.327029690239257
1.519,-8.93812500000001,-3.12870995104235,-2.40533636432001,50,-3.06081833907631,-2.40304216994844,-4887.00521015525,-0.0678916119660505,-2.82990547919929,-2.87361140778506,-5635.3440682632,-0.298804471843058
1.52,-8.87812499999999,-3.26500365377395,-2.35533636559999,50,-3.19710778621541,-2.3543570066516,-4909.08882490641,-0.0678958675585447,-2.99293842974307,-2.81731214467497,-5729.93557155293,-0.272065224030873
1.521,-8.81812500000001,-3.40005395851766,-2.30533636624001,50,-3.3306041204294,-2.30554413610215,-4917.40150767669,-0.0694498380882499,-3.15272323945431,-2.76022990359244,-5796.32176691523,-0.247330719063351
1.522,-8.758125,-3.52888727332234,-2.25533636368,50,-3.46130365977733,-2.25673044882056,-4951.35206859635,-0.0675836135450085,-3.30922251557475,-2.70262538698625,-5875.90934901242,-0.219664757747592
1.523,-8.698125,-3.65772058812702,-2.20533636112,50,-3.58919960036599,-2.2076800775938,-4960.29453394723,-0.0685209877610219,-3.46240287774715,-2.64437795162551,-5919.7910872584,-0.19531771037986
1.524,-8.638125,-3.78235743472284,-2.15533636072,50,-3.71428498286233,-2.15862346376122,-4979.52632821044,-0.0680724518605187,-3.61223692864176,-2.58581708779771,-5964.77712387706,-0.170120506081089
1.525,-8.57812500000001,-3.90373036160061,-2.10533636200001,50,-3.83655673800701,-2.10946595517285,-5000.43825016781,-0.0671736235936094,-3.75870643299824,-2.52693312177196,-6003.57384921365,-0.145023928602358
1.526,-8.51812499999999,-4.02510328847846,-2.05533636328,50,-3.95600864662107,-2.06019225104079,-4998.24683271509,-0.0690946418573854,-3.90179452402992,-2.46778349602044,-6012.54148043354,-0.123308764448525
1.527,-8.45812500000001,-4.13932667692631,-2.00533636456001,50,-4.07264014547951,-2.0110150821907,-5030.14772870828,-0.0666865314467909,-4.04149385412566,-2.40864304998162,-6049.86945416815,-0.0978328228006377
1.528,-8.39812500000001,-4.25323921587724,-1.95533636584001,50,-4.18644777596988,-1.96162064970919,-5039.54653635761,-0.0667914399073565,-4.17779747416815,-2.34925085427581,-6059.82645529724,-0.0754417417091009
1.529,-8.33812500000001,-4.36450953410407,-1.90533636576,50,-4.29742503011405,-1.91221630956765,-5047.36754744421,-0.0670845039900254,-4.31069818505229,-2.28985911206294,-6064.08592184167,-0.0538113490517826
1.53,-8.278125,-4.47096168512813,-1.8553363632,50,-4.40557175652987,-1.86281659285133,-5070.17371968149,-0.0653899285982635,-4.44019751438674,-2.2305202399583,-6079.86063860875,-0.0307641707414027
1.531,-8.218125,-4.57741383615219,-1.80533636064,50,-4.51088427041692,-1.81328362891134,-5069.4819978507,-0.0665295657352721,-4.56629545409181,-2.17112821571117,-6069.23081594907,-0.0111183820603834
1.532,-8.158125,-4.67827069623109,-1.75533636096,50,-4.61336113630713,-1.7638338049063,-5090.8860430444,-0.0649095599239727,-4.68899592033012,-2.11192604347008,-6078.27795011018,0.0107252240990239
1.533,-8.098125,-4.77726245932828,-1.70533636224,50,-4.71300129050281,-1.71426371091269,-5102.97999249467,-0.064261168825471,-4.80830459631985,-2.05273240096169,-6076.01829466362,0.0310421369915752
1.534,-8.03812499999999,-4.87516624886527,-1.65533636351999,50,-4.809800301156,-1.66465918622982,-5101.34599228514,-0.0653659477092566,-4.92422495042402,-1.99365129742929,-6058.3988659611,0.0490587015587492
1.535,-7.97812500000001,-4.96669762183539,-1.60533636480001,50,-4.90375981520885,-1.61514658136214,-5127.75508508158,-0.0629378066265351,-5.03676747388462,-1.93482386835144,-6067.50572243729,0.0700698520492399
1.536,-7.91812499999999,-5.05822899480557,-1.55533636607999,50,-4.99487770414316,-1.56546775737828,-5130.0561019408,-0.0633512906624089,-5.14593964591766,-1.87600383870907,-6051.4593044376,0.087710651112084
1.537,-7.858125,-5.14571932550705,-1.50533636528,50,-5.08315080562455,-1.51584476621649,-5142.26820749664,-0.0625685198824995,-5.25174851956276,-1.81742260715824,-6044.51260398943,0.106029194055708
1.538,-7.798125,-5.22979031275048,-1.45533636272,50,-5.16857970398653,-1.46618633931989,-5158.19788273558,-0.0612106087639644,-5.35420536801219,-1.75899608616045,-6040.67305355729,0.1244150552617
1.539,-7.738125,-5.31386129999392,-1.40533636016,50,-5.25116139067971,-1.41645832997277,-5151.60301146587,-0.0626999093142038,-5.45331822973559,-1.70069545013417,-6013.87089138804,0.139456929741681
1.54,-7.678125,-5.39093817355591,-1.3553363612,50,-5.33089781859577,-1.36686807185583,-5178.44158686082,-0.0600403549601329,-5.54910036386013,-1.64273175998569,-6020.21159968193,0.158162190304214
1.541,-7.61812500000001,-5.46754877287244,-1.30533636248001,50,-5.40778806244329,-1.31710776374533,-5184.57052496592,-0.0597607104291397,-5.64156232584634,-1.58479957904064,-6005.67797217569,0.174013552973888
1.542,-7.55812499999999,-5.54167257621339,-1.25533636375999,50,-5.48182784487042,-1.26736819788184,-5188.32084633397,-0.0598447313429675,-5.73071142129162,-1.52709090234911,-5988.70813313232,0.189038845078214
1.543,-7.49812500000001,-5.61082278760306,-1.20533636504001,50,-5.55301898030893,-1.21767122538885,-5208.72473674286,-0.0578038072941256,-5.81656108821121,-1.46962779662565,-5988.42507178259,0.205738300608146
1.544,-7.43812500000001,-5.67997299899274,-1.15533636632001,50,-5.62135951806347,-1.16786356741146,-5205.88733240157,-0.0586134809292642,-5.89912098790387,-1.41225636288048,-5965.01058395771,0.219147988911138
1.545,-7.378125,-5.7436833393729,-1.1053363648,50,-5.68684924672708,-1.11815921542388,-5224.20562101887,-0.0568340926458141,-5.97840246524872,-1.35518926814561,-5962.92605272762,0.234719125875814
1.546,-7.318125,-5.80537315623523,-1.05533636224,50,-5.74948850490292,-1.0683633769266,-5234.76049780755,-0.0558846513323137,-6.05441732233682,-1.29822980509489,-5953.30614241164,0.249044166101589
1.547,-7.258125,-5.86613042708188,-1.005336360112,50,-5.80927410099187,-1.01854761711254,-5230.57186480105,-0.0568563260900145,-6.12717370725903,-1.2414471323868,-5929.21532513572,0.261043280177134
1.548,-7.198125,-5.92035987581876,-0.955336361007998,50,-5.86620878027921,-0.968847607149842,-5255.90698936372,-0.0541510955395608,-6.19668555546631,-1.18497410834035,-5934.95748270742,0.276325679647545
1.549,-7.138125,-5.97458932455564,-0.905336361903996,50,-5.9202913883043,-0.918991549056614,-5257.22676758845,-0.0542979362513481,-6.26296273197407,-1.12853578963152,-5917.0232529533,0.288373407418431
1.55,-7.07812499999999,-6.02493314541328,-0.855336362199994,50,-5.97151932059579,-0.869200625893762,-5267.37429628139,-0.0534138248175011,-6.32601346387314,-1.07234994523042,-5908.27954470151,0.301080318459859
1.551,-7.01812500000001,-6.07170218862201,-0.805336361944007,50,-6.01989397957094,-0.819393521397838,-5282.66096755469,-0.0518082090510614,-6.38584978340563,-1.01633163100406,-5905.0564532914,0.314147594783615
1.552,-6.95812499999999,-6.11847123183077,-0.75533636168799,50,-6.06541308435075,-0.769522980538168,-5275.46390030884,-0.0530581474800073,-6.44247982688742,-0.960429797605721,-5879.74540649041,0.324008595056669
1.553,-6.898125,-6.15840159014015,-0.705336361784003,50,-6.10807892894345,-0.719795952035493,-5300.57150535436,-0.0503226611967068,-6.49591608452059,-0.904847473679721,-5887.14535117115,0.337514494380429
1.554,-6.838125,-6.19771024982233,-0.655336361912001,50,-6.14789121539049,-0.669915010460577,-5306.35128118338,-0.049819034431839,-6.54616822733376,-0.849283222864743,-5875.63108964001,0.348457977511431
1.555,-6.778125,-6.23468753965246,-0.605336362039999,50,-6.18484622601081,-0.620058210407476,-5308.59280742068,-0.0498413136416513,-6.59324227507666,-0.793911027844614,-5860.99674300358,0.358554735424199
1.556,-6.718125,-6.26653581580809,-0.555336362167998,50,-6.21894627548286,-0.570258066353074,-5328.84274713581,-0.0475895403252297,-6.63715004553915,-0.738759295715822,-5864.79116180304,0.37061422973107
1.557,-6.65812500000001,-6.2983840919637,-0.50533636229601,50,-6.25018986113249,-0.520348813076578,-5325.83390862477,-0.0481942308312045,-6.67789930342872,-0.683658140118874,-5845.74734241105,0.379515211465023
1.558,-6.59812499999999,-6.32494791420357,-0.455336362151994,50,-6.27857686640388,-0.470544600456961,-5342.80098014165,-0.0463710477996897,-6.71549896358083,-0.628817594451508,-5847.09846956283,0.390551049377263
1.559,-6.53812500000001,-6.34933578483104,-0.405336361896007,50,-6.30410804015656,-0.420661487308949,-5353.34182773441,-0.0452277446744928,-6.74995857096829,-0.57404962126013,-5842.43948117667,0.40062278613726
1.56,-6.47812500000001,-6.37294653446634,-0.355336361680005,50,-6.3267805589261,-0.370758717188464,-5347.94047936899,-0.046165975540239,-6.78128386449474,-0.519409401120352,-5822.25028389683,0.408337330028388
1.561,-6.418125,-6.38987404356885,-0.305336361808003,50,-6.3465974990583,-0.320982988766627,-5373.38354127721,-0.043276544510554,-6.80948625134903,-0.465039613936764,-5833.31236986623,0.419612207780184
1.562,-6.358125,-6.40680155267135,-0.255336361936001,50,-6.3635580044943,-0.271050336554288,-5374.76380236621,-0.0432435481770687,-6.83457297758331,-0.410652328732393,-5820.71259455279,0.427771424911968
1.563,-6.298125,-6.41999885900979,-0.205336362063999,50,-6.37765943313714,-0.22118238155086,-5383.76574043329,-0.0423394258726429,-6.85654927774584,-0.356465261752972,-5816.12883286303,0.436550418736049
1.564,-6.238125,-6.42946596258415,-0.155336362191997,50,-6.38890348021736,-0.17130890404747,-5399.22097425275,-0.0405624823667965,-6.87542450190011,-0.302404355334915,-5818.38556064183,0.445958539315965
1.565,-6.17812499999999,-6.43893306615852,-0.105336362319995,50,-6.39728812872984,-0.121370542283071,-5392.13928301703,-0.0416449374286814,-6.89120407002835,-0.248406481426241,-5798.48498568733,0.45227100386984
1.566,-6.11812499999999,-6.44171690949034,-0.0553363622415934,50,-6.40281560380658,-0.0715747365387755,-5416.15114898929,-0.0389013056837751,-6.9038974306201,-0.194675389511707,-5810.04968645816,0.462180521129753
1.567,-6.05812500000001,-6.44372362953815,-0.00533636213920628,50,-6.40548587193961,-0.0216352051264389,-5422.14486214638,-0.038237757598531,-6.91351156430493,-0.140921185542549,-5803.95979925936,0.46978793476677
1.568,-5.99812499999999,-6.44355439797358,0.0446636379408104,50,-6.40529545351171,0.0282820621732539,-5423.37752542486,-0.0382589444618756,-6.92004980093947,-0.0873063275517716,-5793.46409428239,0.476495402965875
1.569,-5.938125,-6.43810071249325,0.0946636379663975,50,-6.40224687799902,0.078133298210794,-5443.91812987664,-0.0358538344942298,-6.92352127947253,-0.0338711330766684,-5802.6231113371,0.485420566979267
1.57,-5.878125,-6.43264702701291,0.144663637991999,50,-6.39633883696984,0.128096238393432,-5441.13379670543,-0.0363081900430829,-6.92393110567742,0.0195654998039018,-5788.79545358663,0.491284078664515
1.571,-5.818125,-6.42206434298416,0.194663637912001,50,-6.38757108274246,0.177956120153613,-5457.10261004579,-0.0344932602417147,-6.92128525558494,0.0727920914522029,-5794.05066430882,0.499220912600768
1.572,-5.758125,-6.40915029597885,0.244663637784003,50,-6.37594457296301,0.227885632179796,-5467.9447819671,-0.0332057230158266,-6.91559072485249,0.125984529822093,-5794.50042918818,0.50644042887364
1.573,-5.69812500000001,-6.39561454851286,0.29466363768799,50,-6.36145667238362,0.277837501444015,-5461.61316349676,-0.0341578761292286,-6.90685073532837,0.1790986577494,-5778.08911881345,0.511236186815498
1.574,-5.63812499999999,-6.37524009597941,0.344663637944007,50,-6.34411062735593,0.327653694420947,-5487.41794562905,-0.0311294686234705,-6.89507421430798,0.231979474722972,-5794.11851612284,0.519834118328566
1.575,-5.57812500000001,-6.35486564344596,0.394663638199994,50,-6.3239057356454,0.377630076294381,-5489.08691788924,-0.030959907800557,-6.88026596907236,0.284925796885482,-5786.30809703897,0.525400325626406
1.576,-5.518125,-6.33091643434846,0.444663638271996,50,-6.30083918746559,0.427544349320706,-5497.14882915525,-0.0300772468828702,-6.86242853259535,0.337718196393068,-5785.17840958206,0.531512098246893
1.577,-5.458125,-6.30308162029003,0.494663638143998,50,-6.27491285370667,0.477455424807487,-5512.95819464298,-0.0281687665833512,-6.84156895638307,0.390418374556814,-5792.07589587808,0.538487336093044
1.578,-5.398125,-6.2752468062316,0.544663638016,50,-6.2461248755086,0.527434584289751,-5506.15997144108,-0.0291219307230023,-6.81769040458768,0.443100324318329,-5776.63757989357,0.542443598356081
1.579,-5.338125,-6.24088413733605,0.594663637888002,50,-6.21447731343833,0.57727373242136,-5529.22887726667,-0.0264068238977147,-6.7907998076474,0.495558584550657,-5791.33039595389,0.54991567031135
1.58,-5.278125,-6.20558891774948,0.644663637760004,50,-6.17997031154021,0.62724786380696,-5535.57564062056,-0.0256186062092689,-6.76090203071662,0.548070708387379,-5789.55744656501,0.555313112967152
1.581,-5.21812499999999,-6.1682731716657,0.694663637736005,50,-6.14260054913497,0.677202925511769,-5535.926378372,-0.0256726225307405,-6.72799832975668,0.600485127297777,-5782.03738585609,0.559725158090969
1.582,-5.15812499999999,-6.125517546551,0.744663637992007,50,-6.10237069830409,0.727083783658248,-5556.87372868099,-0.0231468482469066,-6.69209581322101,0.652749119300342,-5795.35555681391,0.566578266670015
1.583,-5.09812500000001,-6.0827619214363,0.794663638247995,50,-6.05927957884807,0.777080042097443,-5554.42044879656,-0.0234823425882326,-6.65319760112043,0.705054629288114,-5785.50759206255,0.570435679684134
1.584,-5.03812499999999,-6.03503272197159,0.844663638248011,50,-6.01332675142523,0.82697623616112,-5569.48930622889,-0.0217059705463604,-6.61130742217348,0.757188464459693,-5793.40930688402,0.576274700201901
1.585,-4.978125,-5.98481673533192,0.894663638119998,50,-5.96451332671392,0.876933724612376,-5580.72360326859,-0.0203034086179979,-6.56643042688354,0.809314187963113,-5797.69722461843,0.581613691551624
1.586,-4.918125,-5.93413447334672,0.944663637968,49.9425871448,-5.91283680616513,0.926917134489298,-5567.30515092017,-0.0212976671815842,-6.51856803210925,0.86139856543826,-5783.78707839773,0.58443355876253
1.587,-4.858125,-5.8764580811789,0.994663637456002,49.0239814616,-5.85830220323467,0.976699620319305,-5494.67879677891,-0.0181558779442396,-6.46772740125999,0.91327423878309,-5803.5066513066,0.591269320081094
1.588,-4.798125,-5.81878168901107,1.044663636944,48.1053757783999,-5.80093662596982,1.02573678083818,-5413.35642515672,-0.0178450630412418,-6.41391161946576,0.965250924904997,-5799.21347135,0.595129930454697
1.589,-4.73812500000001,-5.75776775626555,1.09356721063999,46.3247593896005,-5.74078503719715,1.07394976793932,-5237.89443671489,-0.0169827190684016,-6.35712123242138,1.01710754990781,-5781.21986302619,0.599353476155829
1.59,-4.67812499999999,-5.69280945738269,1.14117500840001,43.5254030759996,-5.67791943347085,1.12047377461679,-4967.54121662217,-0.0148900239118393,-6.29736672468395,1.0687182559453,-5752.91952958004,0.604557267301262
1.591,-4.61812500000001,-5.62785115849988,1.18878280615999,40.7260467624003,-5.61246152083158,1.16443841945906,-4720.79407093125,-0.015389637668299,-6.23466489189896,1.11998860232072,-5708.2390227274,0.606813733399073
1.592,-4.558125,-5.55728987045679,1.23016373712,37.2895431016002,-5.54455160463349,1.20606484536146,-4363.0172047519,-0.0127382658232912,-6.16903953729325,1.17076841899621,-5587.16940823244,0.611749666836451
1.593,-4.498125,-5.48577197450829,1.27048154448,33.7442581864001,-5.47435281418474,1.24433520313487,-4021.99158011801,-0.0114191603235553,-6.10053887752471,1.22035568650251,-5453.88644700405,0.614766903016422
1.594,-4.438125,-5.4129223416641,1.30849122384,30.3048384232,-5.40205287403424,1.2794088061071,-3701.64912176728,-0.0108694676298562,-6.0292344066302,1.26863989050087,-5292.65770180539,0.616312064966096
1.595,-4.378125,-5.33607749813286,1.3395765192,27.1830141159999,-5.32782935152339,1.31148089437789,-3365.38251927289,-0.00824814660946745,-5.95520809219482,1.3153659495272,-5050.71910650405,0.61913059406195
1.596,-4.31812500000001,-5.25923265460164,1.37066181455999,24.0611898088007,-5.25185828447353,1.34040961816892,-3068.88067284849,-0.00737437012809211,-5.87857041209648,1.35979374808527,-4827.85193443808,0.619337757494833
1.597,-4.25812499999999,-5.17978403233074,1.39649664488,21.1998746711997,-5.17430915440175,1.36656568545096,-2766.71119850626,-0.00547487792898317,-5.79944791843226,1.40210230557257,-4553.20981744705,0.619663886101519
1.598,-4.19812500000001,-5.09890753139622,1.41945218792,18.4814194008004,-5.09534219346971,1.38990125166477,-2479.15654533215,-0.00356533792650493,-5.71797558650284,1.44181857731944,-4266.82561093883,0.619068055106612
1.599,-4.13812500000001,-5.0179103220969,1.44211275976,15.7787802548802,-5.01511502735173,1.41055514494174,-2224.91910029048,-0.002795294745166,-5.63430492298399,1.47883855414524,-4005.24943527102,0.616394600887085
1.6,-4.078125,-4.93413682040779,1.457988994,13.4399119720001,-4.9337724044086,1.42883804018976,-1948.44590953324,-0.000364415999188153,-5.54858375604896,1.5133946491908,-3676.44663096406,0.614446935641159
1.601,-4.018125,-4.85036331871868,1.47386522824,11.1010436891201,-4.85145592800446,1.44454904359517,-1707.92801050389,0.0010926092857741,-5.46097086460782,1.54487219648943,-3385.23701136679,0.610607545889155
1.602,-3.95812500000002,-4.76575224138114,1.48707673552,8.91671889520055,-4.76830336608663,1.45802293027423,-1477.02708871993,0.00255112470548862,-5.3716325916712,1.57362182508944,-3088.43170733616,0.605880350290066
1.603,-3.898125,-4.68006428106697,1.49686216528,6.93109287279989,-4.68444026200819,1.46935164394853,-1248.92661223958,0.00437598094122629,-5.28072658913811,1.59959628296805,-2776.99678713787,0.600662308071132
1.604,-3.83812500000001,-4.59437632075285,1.50664759504,4.9454668504004,-4.5999886917869,1.47856427373301,-1052.00515372995,0.00561237103404613,-5.18841559513921,1.62266527917112,-2503.89425577779,0.594039274386356
1.605,-3.77812500000001,-4.50779311434218,1.51212394,3.23092879408028,-4.51506158657542,1.48595094652304,-845.931414211848,0.00726847223322348,-5.09485584844439,1.64318597514156,-2198.52401829661,0.587062734102223
1.606,-3.71812500000001,-4.4210308587122,1.516738468,1.57060833097621,-4.42976589710343,1.49143029156668,-661.914864495532,0.00873503839121346,-5.00020174724216,1.66086545784842,-1919.58241056333,0.579170888529949
1.607,-3.65812500000001,-4.33418473902057,1.52036213712,-0.0217409020318773,-4.34420500710167,1.49520819136811,-495.878525831414,0.0100202680810939,-4.90460898935417,1.67595127456593,-1661.18904905777,0.570424250333584
1.608,-3.598125,-4.24705653112155,1.52065291728,-1.38545963380793,-4.25847158777527,1.49745270110914,-325.24745189693,0.0114150566537158,-4.80822065001753,1.68863648934169,-1383.26340577599,0.561164118895992
1.609,-3.538125,-4.15992832322253,1.52094369744,-2.74917836558398,-4.17265463880515,1.49812392597987,-180.452554742089,0.0127263155826146,-4.71117931493456,1.69874512611635,-1143.77831752834,0.551250991712036
1.61,-3.478125,-4.07293858776343,1.5190148808,-3.94550898120003,-4.08683742351597,1.49746199739823,-37.9014962358257,0.0138988357525398,-4.61362236532413,1.70663483169213,-899.376362736307,0.540683777560681
1.611,-3.418125,-3.9860319357683,1.51575430608,-5.04140672712007,-4.0010956753889,1.49548962506763,94.1485755310514,0.0150637396206063,-4.51567813394126,1.71226381024018,-667.071912796916,0.529646198172976
1.612,-3.35812500000001,-3.89913985496081,1.51243427512,-6.13231424807983,-3.9155016514846,1.49230544925389,205.275099305211,0.0163617965238009,-4.41747286209198,1.71574686293204,-467.79478644159,0.518333007131177
1.613,-3.29812499999999,-3.8129326199717,1.50631980088,-6.98868119592012,-3.83011921459648,1.48810384489394,324.346925020874,0.0171865946247902,-4.31912070228205,1.71739116732976,-246.204843076104,0.506188082310348
1.614,-3.23812500000001,-3.72672538498263,1.50020532664,-7.8450481437599,-3.74500870797651,1.48281329222416,423.063155306026,0.0182833229938806,-4.22073280615924,1.7169942955767,-58.6794591884439,0.494007421176595
1.615,-3.178125,-3.64096760925695,1.4931616364,-8.61300355719995,-3.66022711048036,1.4766227505924,513.565164505369,0.0192595012234036,-4.12241705579012,1.71487280544308,118.297118870911,0.48144944653316
1.616,-3.118125,-3.55583907650003,1.48481704376,-9.25718282247997,-3.57582378276895,1.46960918581553,600.533479747777,0.0199847062689209,-4.02426940769938,1.71112641910104,293.282689559443,0.468430331199349
1.617,-3.058125,-3.47071054374311,1.47647245112,-9.90136208775999,-3.49184491270676,1.46180638356384,671.043376044084,0.0211343689636343,-3.92638236467859,1.70577597240748,439.333419589711,0.455671820935466
1.618,-2.99812500000002,-3.38669532266525,1.46676484592,-10.3942953375999,-3.40833134743412,1.45336698460971,742.191873151265,0.0216360247688668,-3.82884013530534,1.69909015219003,591.612795623379,0.442144812640095
1.619,-2.938125,-3.30293701966712,1.45674269936,-10.8523256608,-3.32531970129775,1.44428610055057,802.209865098519,0.0223826816306305,-3.73172081317598,1.6910137247344,724.547820064434,0.428783793508873
1.62,-2.87812500000001,-3.21950879307114,1.4464720552,-11.2766718159999,-3.24284376663967,1.43466712633581,852.153318645397,0.0233349735685271,-3.63509891405875,1.68172681351646,840.047132850925,0.415590120987605
1.621,-2.81812500000001,-3.13733485680317,1.43525712016,-11.5730181328,-3.16093169461007,1.42460358175846,901.767273055323,0.0235968378068994,-3.53903914444743,1.67139170333329,958.98993778619,0.401704287644246
1.622,-2.75812500000001,-3.0551609205352,1.42404218512,-11.8693644496,-3.07960885063065,1.41409918729462,939.54690499221,0.0244479300954578,-3.44360242274314,1.65997833876549,1055.12362668715,0.388441502207925
1.623,-2.698125,-2.9740327559564,1.41236099504,-12.0817407792,-2.99889735490273,1.40326350202839,973.727651204632,0.024864598946328,-3.34884446890833,1.64769823497488,1147.27371087313,0.374811712951934
1.624,-2.638125,-2.89358975213945,1.40037432752,-12.2391022896,-2.91881522575595,1.39213014920916,1002.47834602994,0.0252254736164969,-3.25481385503433,1.63458938457063,1230.30606234926,0.361224102894871
1.625,-2.578125,-2.81314674832251,1.38838766,-12.3964638,-2.83937807391955,1.38074954669441,1022.23295253352,0.0262313255970527,-3.16155562492955,1.62073695525094,1295.03851590587,0.348408876607046
1.626,-2.518125,-2.73452281748355,1.37599119536,-12.4356487728,-2.76059768376434,1.36920484173373,1041.99223590126,0.026074866280779,-3.06910752637773,1.60631045862396,1364.57503472007,0.334584708894178
1.627,-2.458125,-2.6558988866446,1.36359473072,-12.4748337456,-2.68248345161368,1.35749624565875,1053.99866646582,0.0265845649690802,-2.97750369168397,1.59126658709367,1417.39530435815,0.321604805039368
1.628,-2.39812500000001,-2.57801012253626,1.35115787512,-12.4747020336,-2.60504271711283,1.34569533874649,1061.32077188478,0.0270325945765741,-2.88677506066611,1.57576008708358,1462.06325778177,0.308764938129849
1.629,-2.33812499999999,-2.50124345501668,1.33865937016,-12.4145606448,-2.5282795305807,1.33384535987009,1065.66576562657,0.0270360755640081,-2.79694597081165,1.55986667697701,1502.92949773146,0.295702515794964
1.63,-2.27812500000001,-2.42447678749715,1.3261608652,-12.354419256,-2.45219591680542,1.32197377451853,1064.55052316619,0.0277191293082613,-2.70803757127387,1.54362193224857,1530.98108539364,0.283560783776725
1.631,-2.218125,-2.34917722938235,1.31378634664,-12.2290029264,-2.37679167368437,1.3101308503549,1060.64487174218,0.0276144443020177,-2.62006659900581,1.52714429226796,1557.00255496664,0.270889369623467
1.632,-2.158125,-2.27426375268986,1.30144445608,-12.0864089808,-2.30206442488328,1.29834221471682,1053.05456305555,0.0278006721934145,-2.53304585252184,1.51045279510925,1574.64704484848,0.258782099831991
1.633,-2.098125,-2.19969036375978,1.28917219168,-11.93115282,-2.228010091179,1.2866416823039,1041.90249625177,0.0283197274192085,-2.44698536759784,1.49362484046422,1584.17388641837,0.247295003838065
1.634,-2.03812500000002,-2.12659068846689,1.27720164064,-11.7210270600001,-2.15462268980165,1.27506188473081,1027.79316698103,0.028032001334767,-2.36189081712043,1.47673532220646,1591.39876789152,0.23530012865354
1.635,-1.978125,-2.05349101317396,1.2652310896,-11.5109013,-2.08189452909778,1.26362984167325,1011.22474458356,0.0284035159238245,-2.27776511898515,1.45980551379243,1590.67954840758,0.224274105811193
1.636,-1.91812500000001,-1.98140941512808,1.25357973856,-11.26897986,-2.00981650179816,1.25236794776849,991.452824202632,0.0284070866700738,-2.19460848610696,1.44290856340071,1585.51164819783,0.213199070978877
1.637,-1.85812500000001,-1.91005501511577,1.24215638752,-11.00434722,-1.93837802231396,1.24130541146678,969.387909175264,0.0283230071981887,-2.112417864822,1.42608534796401,1575.95790134171,0.20236284970624
1.638,-1.79812500000001,-1.83870061510345,1.23073303648,-10.73971458,-1.86756707280524,1.2304630193146,946.319325815136,0.0288664577017851,-2.03118787776636,1.40937610298233,1561.1163530933,0.192487262662928
1.639,-1.738125,-1.7689648170121,1.2199844776,-10.43269201208,-1.79737078518925,1.21984966383716,918.675113519289,0.0284059681771566,-1.95091060631874,1.39282929957425,1542.65123454761,0.181945789306648
1.64,-1.678125,-1.69926345725949,1.209250276,-10.1247675308,-1.72777484084594,1.20950708581384,891.001551153684,0.0285113835864601,-1.87157579544532,1.37647802280207,1520.4231915952,0.172312338185831
1.641,-1.618125,-1.63014027343492,1.1988167824,-9.80417607656,-1.65876372965814,1.19943513556021,861.395265029447,0.0286234562232149,-1.79317125921874,1.36035658850405,1494.36243994489,0.163030985783827
1.642,-1.558125,-1.56198071615707,1.1888844688,-9.46247300071998,-1.59032144842404,1.18965117466182,828.869356624041,0.0283407322669658,-1.71568282869029,1.34449990134437,1464.68129529764,0.153702112533213
1.643,-1.49812499999999,-1.49382115887923,1.1789521552,-9.12076992487997,-1.52243073985962,1.18018161726015,797.494904091632,0.0286095809803914,-1.63909439252932,1.32894085858055,1433.25654565712,0.145273233650088
1.644,-1.43812500000001,-1.42675278587957,1.16970576832,-8.75914813880006,-1.45507390741069,1.17101538263576,761.699803347653,0.0283211215311066,-1.56338845063926,1.31369504002971,1397.12812092613,0.136635664759687
1.645,-1.37812499999999,-1.36000881901663,1.1606633056,-8.39160457399994,-1.38823242032246,1.16219267060187,726.177026913989,0.0282236013058411,-1.48854583079977,1.29880523400514,1359.51593760805,0.128537011783149
1.646,-1.31812500000001,-1.29347781900773,1.15178036672,-8.02083817912004,-1.32188668322815,1.15371044331483,691.226823605436,0.0284088642204334,-1.41454575974384,1.28428453926644,1320.70713248735,0.121067940736106
1.647,-1.258125,-1.22801165326883,1.14369504704,-7.63395763384002,-1.25601735381543,1.14556290535052,651.151818070452,0.0280057005466055,-1.34136678996036,1.27014339261169,1276.69437571075,0.113355136691541
1.648,-1.198125,-1.16254548752993,1.13560972736,-7.24707708856001,-1.19060391996441,1.13779668612098,614.071363783588,0.0280584324344775,-1.26898582024301,1.25642908209661,1233.87597927584,0.10644033271308
1.649,-1.138125,-1.09771563675495,1.12809112904,-6.85225596639999,-1.12562533989879,1.13038364471069,574.046965611879,0.0279097031438485,-1.19737872842207,1.24312995801002,1187.47703932914,0.0996630916671071
1.65,-1.07812500000001,-1.03338069761859,1.121013314,-6.4512588400001,-1.06106061779512,1.12335031797776,532.931993649619,0.0276799201765353,-1.12652080081337,1.23027831781327,1139.28390199956,0.0931401031947691
1.651,-1.01812499999999,-0.969045758482185,1.11393549896,-6.05026171359996,-0.996887727033637,1.11670615064331,495.423936394346,0.0278419685514534,-1.05638594546908,1.21788997452227,1093.46035577209,0.0873401869868815
1.652,-0.95812500000001,-0.905648224226951,1.10785843416,-5.63966234848007,-0.933085338344126,1.11041735589499,450.268692831462,0.0274371141171733,-0.986948262535004,1.20594240978866,1040.01983630874,0.0813000383080464
1.653,-0.898125000000007,-0.842291446705661,1.10182488024,-5.22864549472005,-0.869631090660392,1.1045537370193,409.182284334383,0.027339643954729,-0.918180509298611,1.19450501655944,989.709733160732,0.075889062592959
1.654,-0.838125000000005,-0.779225226487196,1.09617041136,-4.81519168144004,-0.806501714463542,1.09907720171105,367.708166793574,0.027276487976338,-0.850054302793998,1.1835482042387,938.474359673307,0.0708290763067904
1.655,-0.778125000000003,-0.716688846056234,1.0912072152,-4.39729400080002,-0.743674946502167,1.09399071691389,322.388705836694,0.0269861004459258,-0.782541885238428,1.17307974041313,883.196179589655,0.0658530391822046
1.656,-0.718125000000001,-0.654152465625271,1.08624401904,-3.97939632016,-0.681127442367115,1.08932905520898,282.120282533752,0.0269749767418466,-0.715614232484459,1.16313606196327,832.359136636224,0.0614617668591854
1.657,-0.658124999999998,-0.592110605232298,1.0820970264,-3.55810106319999,-0.618836211606544,1.08504508857409,235.893702180965,0.0267256063742512,-0.649242470356308,1.15367549701017,775.459238312009,0.0571318651240031
1.658,-0.598124999999996,-0.530233584851988,1.0782221016,-3.13567328079997,-0.556778060322895,1.08119304662674,191.721015460894,0.0265444754709122,-0.583397342012153,1.14475307499733,720.321259447145,0.0531637571601605
1.659,-0.538124999999994,-0.468428912127489,1.07450760448,-2.71283792143996,-0.494928801559197,1.07775336406223,150.717427717247,0.0264998894317068,-0.518048502401089,1.13635175214417,668.07020455527,0.0496195902735881
1.66,-0.478125000000009,-0.407047989958473,1.0717327552,-2.28761532560007,-0.433265662423254,1.07469624601293,101.866455040998,0.0262176724647795,-0.453166878758939,1.12844416104644,607.992849265446,0.0461188888004747
1.661,-0.418124999999989,-0.345667067789419,1.06895790592,-1.86239272975992,-0.371764672309064,1.07209329544524,59.438457061912,0.0260976045196421,-0.388722141559366,1.12110153838358,554.141602121411,0.0430550737699543
1.662,-0.358125000000005,-0.284465662831635,1.06678287248,-1.43635748312003,-0.310401522346672,1.06988471703233,13.77914383773,0.0259358595150369,-0.324683586539193,1.11426572825957,497.026045649277,0.0402179237075458
1.663,-0.298125000000002,-0.223416157052567,1.06511537552,-1.00963460888002,-0.249152782540502,1.06809962759762,-33.087421746452,0.0257366254879425,-0.261021337640279,1.10796597676079,438.707173113933,0.0376051805877149
1.664,-0.238125,-0.162366651273499,1.06344787856,-0.582911734640001,-0.187993889379997,1.06674847745491,-73.3289808746297,0.0256272381064853,-0.197704387622411,1.10221252350416,386.987285437826,0.0353377363489232
1.665,-0.178124999999998,-0.101472676583875,1.062822182,-0.155747635399985,-0.126901745334481,1.0657696439389,-124.213348938273,0.0254290687506055,-0.134703199392225,1.0969438110667,324.695920750928,0.033230522808354
1.666,-0.118125000000013,-0.0405890706335642,1.0622659388,0.271445878839905,-0.065852229740077,1.06526046380103,-168.611498748893,0.0252631591065052,-0.0719872346464956,1.09225634568864,268.951507566461,0.0313981640129399
1.667,-0.0581249999999933,0.0202945353167821,1.0620805244,0.698482513080048,-0.00482016380646316,1.06516053587063,-212.477187631819,0.0251146991232372,-0.00952494171006402,1.08808899448321,213.815528458462,0.0298194770268377
1.668,0.00187499999999119,0.0811781412670924,1.0626367676,1.12520538731994,0.0562177423823626,1.06546432716624,-261.949093534462,0.0249603988847292,0.0527132963095157,1.08443535367995,153.165059139838,0.0284648449575872
1.669,0.0618749999999935,0.142061747217421,1.0631930108,1.55192826155995,0.11728607988516,1.06622278911965,-303.545203239926,0.0247756673322527,0.114758343441535,1.08134536033766,100.546202882374,0.0273034037758904
1.67,0.121874999999996,0.203066321792872,1.0645595432,1.97755718279997,0.17840880347293,1.06736275966632,-352.733865788913,0.0246575183199496,0.176640352461667,1.07874424996262,40.3912350656079,0.0264259693311971
1.671,0.181874999999998,0.264115827571939,1.06622704016,2.40277977863999,0.239609756134994,1.0689534989541,-399.108921216083,0.0245060714369419,0.238389298814117,1.07670059701257,-16.784481934015,0.0257265287578206
1.672,0.241875,0.325206760399753,1.06803295616,2.8276530228,0.300914003445775,1.0709684231059,-440.175413688994,0.024292756953972,0.300036312490037,1.07518612832099,-68.4627300361108,0.0251704479097134
1.673,0.301875000000003,0.386587682568788,1.07080780544,3.25008080520002,0.362344431444151,1.07335803585603,-492.199860277084,0.0242432511246465,0.361610241099881,1.07414944693843,-131.125121903961,0.0249774414689123
1.674,0.361875000000005,0.447968604737823,1.07358265472,3.67250858760003,0.423925379652484,1.076222569615,-535.107229577249,0.0240432250853415,0.423141333611548,1.07369086641719,-184.385129256905,0.0248272711262834
1.675,0.421875000000007,0.509607911391897,1.07693046,4.09257694200005,0.485681635049451,1.07947741114421,-581.453364657645,0.0239262763424437,0.484660208996431,1.07372298876341,-241.058154197881,0.0249477023954694
1.676,0.481874999999992,0.571484931772189,1.0808053848,4.51047462263994,0.547636449614807,1.08315359211179,-629.636438224864,0.0238484821573808,0.546195860205462,1.07427645314944,-299.485396997625,0.0252890715667257
1.677,0.541875000000012,0.633361952152517,1.0846803096,4.92837230328008,0.609814429755443,1.08726735927568,-668.785563714829,0.0235475223970774,0.607778597130101,1.07536659029944,-348.532659681827,0.0255833550224073
1.678,0.601874999999996,0.695843385912573,1.08955281648,5.33996255927997,0.672238246890255,1.09173492205498,-720.766921145238,0.0236051390223291,0.669436672831109,1.07690627255355,-410.765979095721,0.0264067130814646
1.679,0.661874999999998,0.758379766343535,1.09451601264,5.75097941303999,0.734931538375363,1.09667378860033,-764.675052802752,0.0234482279681845,0.731199299708783,1.07901611483877,-464.562565250877,0.0271804666347418
1.68,0.721875000000001,0.821172520865225,1.0998136956,6.15886510200001,0.797919159215435,1.10200895471379,-806.918484123443,0.0232533616497907,0.793096896618678,1.08161761546108,-516.62606009514,0.0280756242465459
1.681,0.781875000000003,0.884529298386515,1.10584724952,6.55986222840002,0.861223359356375,1.10772449088792,-856.248518652946,0.023305939030133,0.855157154902199,1.08469406790999,-576.088438541891,0.029372143484321
1.682,0.841874999999987,0.947886075907786,1.11188080344,6.96085935479992,0.924867783256565,1.11388500429865,-895.54234804901,0.0230182926512314,0.917409216258711,1.08831280573932,-624.991048306585,0.0304768596490695
1.683,0.901875000000008,1.01193571790645,1.11865404232,7.35185723624005,0.988875261326666,1.12039747214403,-942.744517254017,0.0230604565797811,0.979881344133218,1.09237583853484,-682.408116108483,0.0320543737732422
1.684,0.961874999999992,1.07627065704282,1.12573185736,7.73873778151995,1.05326802776877,1.12733410562095,-986.737717865743,0.023002629274053,1.04260121909912,1.09696081065331,-736.450761940528,0.0336694379437055
1.685,1.02187499999999,1.14072343228363,1.1329146208,8.12360405799997,1.118069520891,1.1346647247616,-1023.46868172727,0.0226539113926314,1.10559783353583,1.10203586840665,-782.823619648082,0.0351255987477986
1.686,1.081875,1.20618959802252,1.14099994048,8.49114762279998,1.18330038287506,1.14232190631011,-1072.38513752977,0.0228892151474737,1.1688972240661,1.10752969011138,-842.663492193473,0.037292373956416
1.687,1.141875,1.27165576376142,1.14908526016,8.85869118759999,1.24898252148332,1.1504172506206,-1110.5471079695,0.0226732422780997,1.2325269148764,1.11356552321989,-890.909471294224,0.0391288488850165
1.688,1.201875,1.33776083006233,1.15764915136,9.21331450792001,1.31513818767803,1.15885113727546,-1150.90029683316,0.0226226423842981,1.29651488117165,1.1200358637948,-942.001303953719,0.0412459488906879
1.689,1.261875,1.40450479692526,1.16669161408,9.55501758376002,1.38178734099281,1.16764320074355,-1192.96475527614,0.0227174559324415,1.36088674915672,1.1269662202023,-995.317742176809,0.0436180477685505
1.69,1.32187500000001,1.47124876378818,1.1757340768,9.89672065960003,1.44895093856604,1.17680862953094,-1224.8908622624,0.0222978252221351,1.42566944168901,1.13437634578901,-1037.48326684401,0.0455793220991711
1.691,1.38187500000001,1.53926086373114,1.1855736976,10.20816374448,1.51664768400587,1.18625357208798,-1267.74702741033,0.0226131797252828,1.49088748727255,1.142162908508,-1092.97119210333,0.0483733764585955
1.692,1.44187499999999,1.60742042100896,1.1955060112,10.51608822576,1.58489646059255,1.19607815170342,-1302.36001795199,0.0225239604163984,1.55656594871057,1.15044789096717,-1139.28759229919,0.0508544722983907
1.693,1.50187500000001,1.6760296706753,1.2056722088,10.8113859200001,1.65371683049387,1.20620594273344,-1333.52018406453,0.0223128401814372,1.62273094396615,1.15914614258532,-1182.31042233985,0.0532987267091478
1.694,1.561875,1.74573103042789,1.2164064104,11.07601856,1.72312524295188,1.21660470921559,-1370.12373330204,0.0226057874759956,1.68940526521172,1.16822672194984,-1232.82722450874,0.0563257652161841
1.695,1.621875,1.81543239018049,1.227140612,11.3406512,1.79313864634513,1.22732411026269,-1396.79675968238,0.0222937438353635,1.75661277635225,1.1777579809963,-1271.76465482633,0.058819613828233
1.696,1.681875,1.88627021511165,1.23834860384,11.56781036,1.863772780149,1.23827228808086,-1427.38573390661,0.022497434962658,1.82437622755332,1.18763269095015,-1317.24834785858,0.0618939875583361
1.697,1.741875,1.95762461512397,1.24977195488,11.77793612,1.93504177423778,1.24948491478627,-1454.41042062756,0.0225828408861961,1.89271700718856,1.19791054507948,-1359.11784570225,0.0649076079354046
1.698,1.80187499999999,2.02912445474298,1.26124090592,11.9824342288,2.00695982926825,1.26092878903813,-1473.9236398521,0.0221646254747348,1.96165724325705,1.20855766791507,-1392.13809660376,0.0674672114859254
1.699,1.86187500000001,2.10222413003592,1.27321145696,12.1250281744,2.07953820475371,1.27253444690176,-1499.47024859343,0.0226859252822147,2.03121574458736,1.21949207401855,-1436.12496135993,0.0710083854485586
1.7,1.92187499999999,2.17532380532881,1.285182008,12.26762212,2.15278775319209,1.28435714479612,-1516.33242749927,0.022536052136722,2.10141184890885,1.23081421094834,-1468.80815278113,0.0739119564199569
1.701,1.981875,2.24929259379235,1.29733049256,12.3707075488,2.22671861155025,1.29631664955468,-1531.00048255759,0.0225739822420967,2.1722647751418,1.24241948392695,-1501.31402823842,0.077027818650547
1.702,2.041875,2.32420607048485,1.30967238312,12.4308489376,2.30133803392473,1.3083925631874,-1544.21673782471,0.0228680365601105,2.2437906864809,1.25430582278666,-1534.38324575865,0.0804153840039462
1.703,2.101875,2.39911954717734,1.32201427368,12.4909903264,2.37665230224648,1.32057134870245,-1550.4913233722,0.0224672449308601,2.31600582280915,1.26647797462232,-1557.47588171247,0.0831137243681878
1.704,2.161875,2.47565456584351,1.33449320184,12.4642211488,2.45266547652169,1.33278898328698,-1555.89043608761,0.0229890893218182,2.38892391787881,1.27884371187341,-1586.50678416465,0.0867306479647015
1.705,2.221875,2.55242123336307,1.3469917068,12.425036176,2.5293795501729,1.34503735237489,-1556.23294081291,0.0230416831901814,2.46255761981416,1.29145736653432,-1608.0672984995,0.0898636135489081
1.706,2.28187500000001,2.6296909096983,1.35946257584,12.3538450576,2.60679495007011,1.35726988753419,-1551.41062072199,0.0228959596281758,2.53691915332798,1.30424982676239,-1624.46928981062,0.092771756370314
1.707,2.34187500000001,2.70831484053725,1.37185904048,12.1964835472,2.6849094084549,1.36943909691916,-1541.94960022223,0.0234054320823503,2.61201739570157,1.31717335699716,-1642.0468117541,0.0962974448356936
1.708,2.40187499999999,2.78693877137618,1.38425550512,12.0391220368,2.763718077261,1.38150240264098,-1529.06328114034,0.0232206941151784,2.68786016069659,1.33023856896196,-1651.65730584936,0.0990786106795895
1.709,2.46187500000001,2.86677541753382,1.39637877168,11.7891039887999,2.84321399058433,1.39342845610337,-1507.760036751,0.023561426949501,2.76445345999244,1.34337194639388,-1658.9924360556,0.102321957541391
1.71,2.521875,2.94721842135074,1.4083654392,11.492757672,2.92338707217452,1.40514003433452,-1482.19990690624,0.0238313491762105,2.8418005964596,1.35655245028868,-1662.13120270645,0.105417824891145
1.711,2.581875,3.02776960844587,1.42030387344,11.1863061048,3.0042239210824,1.41659830642484,-1454.82380946705,0.0235456873634589,2.91990316215684,1.36974140105563,-1659.46224587852,0.107866446289024
1.712,2.641875,3.10994354471384,1.43151880848,10.7282757816,3.08570955656555,1.42778695809698,-1410.64226677053,0.0242339881482839,2.99876010999223,1.38288535454608,-1651.89366452026,0.111183434721612
1.713,2.701875,3.19211748098181,1.44273374352,10.2702454584,3.16782411323124,1.43855179716622,-1368.87232503402,0.0242933677505682,3.07836757246187,1.39593930396012,-1640.21007030903,0.113749908519931
1.714,2.76187499999999,3.27501758533441,1.45340198384,9.72689687008011,3.25054396282803,1.44891566727092,-1316.28411876109,0.0244736225063819,3.15871931215342,1.40886553068582,-1621.34354747297,0.116298273180982
1.715,2.82187500000001,3.35877588833254,1.4634241304,9.0827176047999,3.33384329806313,1.45877966187925,-1252.36702070092,0.0249325902694076,3.23980612363044,1.42159814975001,-1595.78966346465,0.118969764702098
1.716,2.88187499999999,3.44253419133063,1.47344627696,8.43853833952007,3.41769051452755,1.46804032999379,-1194.48874923335,0.0248436768030684,3.32161516006322,1.43407593752177,-1569.10533378169,0.12091903126741
1.717,2.941875,3.52746289891438,1.48203551288,7.61311542872006,3.50205266254645,1.47675416397525,-1106.92234131924,0.0254102363679248,3.40413153406886,1.44628888888941,-1526.24701141241,0.123331364845533
1.718,3.001875,3.6125914316713,1.49038010552,6.75674848088002,3.58689061049101,1.48464888056122,-1023.58528713172,0.0257008211802816,3.48733582057203,1.45808861361662,-1482.56359214541,0.125255611099266
1.719,3.061875,3.69798963998626,1.49816716856,5.84049883351999,3.67215857745479,1.49176465943796,-936.26074767665,0.0258310625314626,3.57120414431624,1.46946816131325,-1433.61217865646,0.12678549567001
1.72,3.121875,3.78419687497535,1.5042816428,4.74460108759995,3.7578109172387,1.49806602309446,-818.159677536556,0.0263859577366449,3.65571106115297,1.48037971770686,-1365.67769204961,0.128485813822375
1.721,3.18187499999999,3.87040410996441,1.51039611704,3.64870334168023,3.84379289197089,1.503271089792,-716.026050619996,0.0266112179935203,3.74082477474665,1.49064936391127,-1303.98914163454,0.129579335217773
1.722,3.24187500000001,3.95706305176993,1.51466744784,2.37983787572783,3.93004594553142,1.50752845926853,-581.38489429035,0.0270171062385255,3.82651018103872,1.50033555750025,-1220.2126939726,0.130552870731205
1.723,3.30187499999999,4.04396970376505,1.51792802256,1.01611914395218,4.01650725324754,1.51054053118413,-440.674509473758,0.0274624505174927,3.91272805506541,1.50923599417067,-1130.51607060899,0.131241648699636
1.724,3.36187499999999,4.13088558725618,1.52104062416,-0.359957993295839,4.10310392051184,1.51225339884795,-317.038563319915,0.0277816667443367,3.99943185083752,1.51729742622931,-1048.86740630867,0.131453736418671
1.725,3.421875,4.2180137951552,1.520749844,-2.0202784563999,4.18976606624319,1.51282616086228,-125.539648101748,0.0282477289120034,4.08657565531195,1.52459519535669,-921.111032529011,0.131438139843243
1.726,3.481875,4.30514200305422,1.52045906384,-3.68059891950396,4.2764105318213,1.51163624507548,36.1784248416652,0.0287314712329339,4.17410359556072,1.53070629430315,-810.433421798313,0.131038407493505
1.727,3.54187499999998,4.39211010683551,1.518276644,-5.48324056479944,4.36294425057411,1.50896036738707,220.559872852024,0.0291658562614041,4.26195223437276,1.53578968702753,-681.618416321108,0.13015787246274
1.728,3.601875,4.47887236246551,1.513662116,-7.46886658720011,4.44927617596672,1.50459232798738,437.30723738711,0.0295961864987992,4.35005795385108,1.53968010244279,-528.489250439553,0.128814408614444
1.729,3.66187499999999,4.56563461809546,1.509047588,-9.45449260959959,4.53530089903405,1.49823698329504,618.324100594011,0.0303337190614225,4.43834604614969,1.54215569938805,-397.789529807091,0.127288571945771
1.73,3.72187499999999,4.65150162762891,1.5001239752,-11.7344871823996,4.62091406096684,1.49022613424547,879.598419588289,0.0305875666620782,4.52674142248314,1.54342502172822,-207.381536776423,0.124760205145762
1.731,3.78187499999999,4.73718958794306,1.49033854544,-14.0733554652797,4.70599972916179,1.47982397827718,1118.93268984435,0.0311898587812564,4.61515928522406,1.54294062308289,-30.4638464374282,0.12203030271899
1.732,3.84187499999999,4.82243881815563,1.47915730632,-16.4992124327998,4.79042678054118,1.46723607036428,1352.78626093463,0.0320120376144505,4.70350278694626,1.54082933250433,145.299813657705,0.118936031209367
1.733,3.901875,4.90621231984474,1.46328107208,-19.2176677031999,4.87407152229643,1.45251622085462,1666.75521740039,0.0321407975483216,4.791679090006,1.5371042887533,382.703975034033,0.114533229838742
1.734,3.961875,4.98998582153386,1.44740483784,-21.9361229736,4.9567907825812,1.43493067271221,1925.58198512385,0.033195038952671,4.87957955880817,1.53120090053542,581.399617585106,0.110406262725695
1.735,4.021875,5.07194869775137,1.4271040356,-24.9066838920001,5.03843502951518,1.41499117590637,2252.15647005167,0.0335136682361884,4.96708968217609,1.52347866265781,834.575583891449,0.104859015575274
1.736,4.081875,5.15282519868591,1.40414849256,-28.0285081992002,5.11885164067202,1.39207810005923,2588.75031067321,0.0339735580139,5.05409096959926,1.51343917535889,1097.75971689264,0.0987342290866523
1.737,4.14187499999999,5.23361770675786,1.38102357968001,-31.1591546023993,5.19786773385482,1.36610387614595,2867.78938867606,0.0357499729030344,5.14044811760317,1.50099395524167,1319.12710925707,0.0931695891546833
1.738,4.20187500000001,5.31046255028913,1.34993828432,-34.7044395176005,5.27532322329381,1.3376027527621,3301.19207924748,0.035139326995308,5.22603441592006,1.48653144520588,1664.28352159555,0.0844281343690693
1.739,4.26187499999999,5.38730739382035,1.31885298896,-38.2497244327996,5.35103275635494,1.30515850136625,3655.17663343134,0.0362746374654173,5.31070174602112,1.46891591306713,1949.51381402072,0.0766056477992261
1.74,4.321875,5.46193267585878,1.2839208136,-41.4842057639998,5.42479151502714,1.26950788066156,3988.16749021695,0.0371411608316333,5.39428538721794,1.44870356631288,2264.28928341065,0.0676472886408379
1.741,4.381875,5.53345057180728,1.24360300624,-44.2835620775999,5.49642146336901,1.23084900253654,4321.18893630749,0.0370291084382694,5.47662888135826,1.42562661437772,2635.47277054003,0.0568216904490043
1.742,4.441875,5.60496846775578,1.20328519888,-47.0829183912,5.56575036644388,1.18918624836858,4586.42728144134,0.0392181013118973,5.55755335892565,1.39917054363647,2939.17681409852,0.0474151088301381
1.743,4.50187499999998,5.67115669108841,1.15704427432001,-48.3541648175998,5.63262411317091,1.14514787869435,4766.79465925443,0.0385325779174921,5.63688314564286,1.36996140260412,3324.21351770549,0.0342735454455341
1.744,4.561875,5.73611498997126,1.10943647656,-49.2727705008001,5.69692906493708,1.09951838861723,4895.01811607503,0.0391859250341839,5.71443918836597,1.3372551980672,3669.3417581115,0.021675801605304
1.745,4.62187499999999,5.79955622495512,1.06133030344001,-50,5.75858787099344,1.05277996844698,4983.70213698525,0.0409683539616743,5.79003179369782,1.30142450833557,3966.95101702245,0.00952443125731253
1.746,4.68187499999999,5.85723261712295,1.01133030395201,-50,5.81754746460396,1.00529809983562,5035.68114618585,0.0396851525189949,5.86349460469456,1.26291135099104,4278.55829871507,-0.00626198757161617
1.747,4.74187499999999,5.91490900929078,0.961330304464006,-50,5.87377495631731,0.957411621235969,5060.36377230163,0.0411340529734645,5.9346703570691,1.22159110204883,4525.79729405966,-0.0197613477783321
1.748,4.801875,5.96807807311869,0.911330304744004,-50,5.92725437590593,0.909372286517879,5095.66983479637,0.0408236972127706,6.00341530591019,1.1780603007353,4751.4287984014,-0.0353372327914962
1.749,4.861875,6.01829405975837,0.861330304872002,-50,5.97797417222769,0.861082596993649,5128.21584200247,0.0403198875306663,6.06960858893741,1.13252116232387,4946.29067220617,-0.0513145291790358
1.75,4.921875,6.06851004639806,0.811330305,-50,6.02592073956744,0.812568333221886,5136.18521295969,0.0425893068306094,6.13314333575174,1.08525988033797,5092.24699276192,-0.0646332893536799
1.751,4.981875,6.11126567151277,0.761330304743998,-50,6.07108769817329,0.764055948346163,5179.29197443452,0.0401779733394854,6.19393384084134,1.03672905519004,5252.22063840805,-0.0826681693285687
1.752,5.041875,6.15402129662748,0.711330304487996,-50,6.11346589478339,0.715222175461429,5196.07719414156,0.0405554018440808,6.25190372669981,0.986801695281138,5367.54984373351,-0.0978824300723299
1.753,5.10187499999999,6.19382384455395,0.661330304384009,-50,6.1530438668132,0.666309670903361,5212.68454351727,0.040779977740751,6.30698480630629,0.935890694091103,5466.81623403012,-0.113160961752327
1.754,5.16187500000001,6.22911906414053,0.611330304511992,-50,6.18981715364575,0.617320193113102,5240.76707193674,0.039301910494775,6.35912499836958,0.884145354162185,5563.79739402246,-0.130005934229045
1.755,5.22187499999999,6.26441428372709,0.561330304640005,-50,6.22377832405272,0.568148289751959,5244.69024789923,0.0406359596743766,6.40827713814607,0.831587992838227,5624.70987575874,-0.143862854418989
1.756,5.281875,6.29380334893721,0.511330304768003,-50,6.25492330137238,0.519016509622171,5272.46309546337,0.0388800475648354,6.4544042425761,0.778551700592347,5699.17521526716,-0.160600893638893
1.757,5.341875,6.32163816299565,0.461330304896002,-50,6.28324809688149,0.469705373553993,5287.72465966547,0.0383900661141574,6.49747532020659,0.724912533475971,5752.23683875116,-0.175837157210941
1.758,5.401875,6.34807415926814,0.411330304952,-50,6.30874573968709,0.420330263356062,5291.19762711024,0.0393284195810502,6.53746149679802,0.670868340132573,5785.84024924622,-0.189387337529884
1.759,5.46187499999998,6.36844861180159,0.361330304696013,-50,6.33141567419172,0.370999733278446,5319.67429654566,0.037032937609879,6.57434471245987,0.616598763912302,5837.84218146048,-0.20589610065829
1.76,5.521875,6.38882306433504,0.311330304439996,-50,6.35125386267824,0.321483680163644,5323.79229163142,0.0375692016568136,6.60810721458732,0.561934887758802,5859.80654722123,-0.219284150252283
1.761,5.58187499999999,6.40484561364374,0.261330304408009,-50,6.36825610368411,0.272006491376382,5339.93369277213,0.036589509959625,6.63873434568552,0.50715366844834,5888.92122389108,-0.233888732041774
1.762,5.64187499999999,6.41775966064905,0.211330304536007,-50,6.38242145334958,0.222457491341245,5356.90431609396,0.0353382072994816,6.66621750315723,0.452189505002447,5914.69274156501,-0.248457842508163
1.763,5.70187499999999,6.43067370765437,0.161330304664005,-50,6.39374558183168,0.172829162521601,5351.23138838294,0.0369281258226801,6.69054709432403,0.397073438047295,5914.25740390938,-0.259873386669667
1.764,5.761875,6.43628281733314,0.111330304641603,-50,6.40222991539595,0.12332994854657,5381.2188718247,0.0340529019371827,6.71172132959526,0.342046806102356,5946.4483461513,-0.275438512262132
1.765,5.821875,6.44173650281347,0.0613303046160012,-50,6.40787244736598,0.0736315735055351,5387.70855818828,0.0338640554474846,6.7297367302468,0.286809308768305,5952.5668677593,-0.288000227433336
1.766,5.881875,6.44439253622075,0.0113303045615993,-50,6.41066796858999,0.0239505258312693,5394.11949987346,0.0337245676307602,6.74458809560758,0.231601139156328,5956.43079742981,-0.300195559386837
1.767,5.941875,6.44238581617294,-0.0386696955408026,-50,6.41061749183756,-0.025712496882605,5414.45934072432,0.0317683243353759,6.75627769895161,0.176442994054282,5972.39361927332,-0.313891882778674
1.768,6.00187500000001,6.44037909612514,-0.0886696956432045,-50,6.40771837795363,-0.0754856684471008,5411.58161720504,0.0326607181714934,6.76480521545975,0.121223486116183,5963.60857568212,-0.324426119334615
1.769,6.06187499999999,6.43262166377561,-0.138669695567992,-50,6.40197043999989,-0.125155216539294,5432.21108299499,0.0306512237757129,6.77017365458716,0.0661703908164275,5977.05992638673,-0.337551990811549
1.77,6.12187500000001,6.42315456020124,-0.188669695440008,-50,6.39337341499405,-0.174937567917212,5442.39754504147,0.0297811452072035,6.77238668304916,0.0110788753879041,5979.02196210723,-0.349232122847927
1.771,6.18187499999999,6.41244405570552,-0.238669695311995,-50,6.38192359715704,-0.224736472101322,5440.23510311421,0.0305204585484749,6.77144512937111,-0.0439452989203337,5967.78276117018,-0.359001073665587
1.772,6.241875,6.39551654660302,-0.288669695183997,-50,6.36762329350233,-0.274438293518216,5464.95458141304,0.027893253100692,6.76735632825043,-0.098780785109773,5982.74056172115,-0.371839781647416
1.773,6.301875,6.37858903750051,-0.338669695055999,-50,6.3504709771372,-0.324290496312263,5465.75446730617,0.0281180603633267,6.76012417784437,-0.153668888060687,5973.23813798133,-0.381535140343848
1.774,6.361875,6.35746507504021,-0.388669695144001,-50,6.33046434278278,-0.374072787142195,5477.79633006916,0.0270007322574182,6.74975211252201,-0.208384492153622,5974.56121747075,-0.392287037481805
1.775,6.42187499999999,6.33307720441273,-0.438669695399988,-50,6.30760443005315,-0.423888700558761,5492.35239904143,0.0254727743595796,6.73624715490423,-0.263027459391515,5978.08867450687,-0.403169950491502
1.776,6.48187500000001,6.30868933378524,-0.488669695656005,-50,6.28188865136334,-0.473761315144076,5484.53567722966,0.0268006824218901,6.71961288256384,-0.317618182634921,5959.02492479393,-0.41092354877859
1.777,6.54187499999999,6.27715190785996,-0.538669695543992,-50,6.25331965707929,-0.523484713336116,5511.45144073857,0.0238322507806665,6.69985824069306,-0.371948903759941,5974.55341406669,-0.422706332833101
1.778,6.60187499999999,6.24530363170434,-0.588669695415994,-50,6.22189683593056,-0.57337866528524,5516.42609163244,0.0234067957737695,6.67698899761997,-0.426338274368527,5968.06720554625,-0.431685365915635
1.779,6.66187499999999,6.21081313638306,-0.638669695287996,-50,6.18761620629249,-0.623241048397066,5520.31480421953,0.0231969300905877,6.65100759778763,-0.480583668334281,5960.47813864306,-0.440194461404571
1.78,6.721875,6.17150447670088,-0.688669695159998,-50,6.15047986173496,-0.673061920970871,5539.62015150684,0.0210246149659238,6.62192257472686,-0.534675162523879,5968.33677395276,-0.450418098025964
1.781,6.781875,6.1321958170187,-0.738669695032,-50,6.11048611557609,-0.722983180387229,5535.80639762299,0.0217097014425962,6.58973866800603,-0.588755114342333,5953.14783505593,-0.457542850987325
1.782,6.841875,6.0872918696916,-0.788669695192001,-50,6.06763531381494,-0.77279197531576,5554.42112061814,0.019656555876648,6.55446261287394,-0.642611503997617,5960.49283308503,-0.467170743182352
1.783,6.901875,6.04052282648285,-0.838669695448003,-50,6.02192798393559,-0.822694822063708,5564.01812323679,0.0185948425472669,6.51610126951428,-0.696451990230803,5958.953850477,-0.475578443031412
1.784,6.96187500000001,5.99266580746793,-0.888669695536005,-50,5.97336111805771,-0.872608611823287,5560.14430900143,0.0193046894102084,6.47465788988696,-0.750194865070333,5944.10117767189,-0.481992082419046
1.785,7.02187499999999,5.93843635873106,-0.938669694639992,-50,5.92193764005521,-0.922409396117775,5584.53996358998,0.0164987186758394,6.43014157134252,-0.803717793864056,5957.69425707072,-0.491705212611449
1.786,7.08187500000001,5.88420690999417,-0.988669693744009,-50,5.86765656892862,-0.97235742921882,5585.02686234718,0.0165503410655556,6.38255740891544,-0.857282818448617,5947.57036760577,-0.498350498921282
1.787,7.141875,5.82593642852268,-1.03866969472,-50,5.81051577588694,-1.02223252233712,5595.60050834178,0.0154206526357303,6.33190924342201,-0.910671677461995,5947.73736524494,-0.505972814899325
1.788,7.201875,5.76424661166035,-1.08866969728,-50,5.75051677837549,-1.07212758660425,5610.04676435946,0.0137298332848553,6.27820444831123,-0.963979320122182,5951.99075235755,-0.51395783665088
1.789,7.261875,5.70255679479801,-1.13866969984,-50,5.68765741235117,-1.12207821907712,5602.10551675492,0.0148993824468477,6.22144659631981,-1.01724346709768,5934.07772216545,-0.518889801521791
1.79,7.321875,5.63387285806629,-1.1886696988,-50,5.62194039692134,-1.17187836859169,5627.71897982142,0.0119324611449644,6.16164401982944,-1.0702602547676,5949.94579420567,-0.527771161763147
1.791,7.38187499999999,5.56472264667663,-1.23866969751999,-50,5.55336550374313,-1.22183697173473,5632.7301566162,0.0113571429335129,6.09880197713347,-1.12334085267941,5945.44156306637,-0.534079330456847
1.792,7.44187500000001,5.4930856393113,-1.28866969624001,-50,5.48192909107902,-1.27176424186941,5635.45791747033,0.011156548232277,6.03292218434396,-1.17629773673796,5938.88602715349,-0.539836545032654
1.793,7.50187499999999,5.41647503999476,-1.33866969495999,-50,5.40763355460528,-1.32163922013524,5654.92379964678,0.00884148538948462,5.96401226489222,-1.22911222669583,5949.30160577279,-0.547537224897452
1.794,7.56187499999999,5.33986444067821,-1.38866969367999,-50,5.33047747659425,-1.37161597830078,5651.22359982091,0.009386964083948,5.89207589811947,-1.28194067751756,5936.78392040652,-0.552211457441273
1.795,7.62187499999999,5.25781397516497,-1.4386696952,-50,5.25046113567285,-1.42148123065277,5668.74607397382,0.00735283949212835,5.81711832905154,-1.33457208153515,5945.72065844966,-0.559304353886566
1.796,7.681875,5.17374298792154,-1.48866969776,-50,5.16758532224186,-1.47143039862582,5678.56494981445,0.00615766567968253,5.73914518434857,-1.38720412486651,5947.18372772293,-0.565402196427039
1.797,7.741875,5.08873945246226,-1.53866969984,-50,5.08184726238145,-1.52139247904624,5673.69383792049,0.00689219008081254,5.65815839717348,-1.43976804876802,5934.18429074651,-0.569418944711205
1.798,7.801875,4.99720807949211,-1.58866969856,-50,4.99325008853804,-1.57123230401259,5698.39453859341,0.00395799095407155,5.57416567920393,-1.49213090376729,5950.98117821189,-0.576957599711821
1.799,7.861875,4.90567670652197,-1.63866969728,-50,4.90179300604025,-1.62122212369643,5699.12293066852,0.00388370048170945,5.48717068877438,-1.544567127706,5944.0268700153,-0.581493982252422
1.8,7.92187500000001,4.81025971369398,-1.68866969600001,-50,4.80747374563992,-1.67114116036685,5708.71773723212,0.00278596805407464,5.39717548529118,-1.5968580958622,5946.15634066624,-0.586915771597201
1.801,7.98187499999999,4.71126795059683,-1.73866969471999,-50,4.71029402292452,-1.72107109475081,5723.4865745257,0.000973927672312744,5.30418599072158,-1.64908760414774,5953.67317696557,-0.592918040124733
1.802,8.04187500000001,4.61227618749962,-1.78866969344001,-50,4.61025185031439,-1.77105951103959,5715.80328935585,0.00202433718522024,5.20820430383044,-1.7013053115894,5938.94697468908,-0.595928116330817
1.803,8.101875,4.5064457354695,-1.83866969568,-50,4.50734979713461,-1.82089975905955,5740.45343123266,-0.000904061665115251,5.1092369626206,-1.75330660052357,5956.75886172578,-0.6027912271511
1.804,8.161875,4.39999358444544,-1.88866969824,-50,4.40158782440535,-1.87088953600035,5745.80178327838,-0.0015942399599174,5.00728778159135,-1.80539115682064,5955.46907279275,-0.607294197145919
1.805,8.221875,4.29121006219423,-1.9386696996,-50,4.2929624585813,-1.92085103362571,5747.63559386332,-0.00175239638706592,4.90235702802057,-1.85738311599726,5950.86021861766,-0.611146965826333
1.806,8.281875,4.1772975232433,-1.98866969832,-50,4.18147624498675,-1.97075196198713,5767.49946749537,-0.00417872174345903,4.79445087799552,-1.90925208617875,5964.4722089341,-0.617153354752226
1.807,8.34187499999999,4.0633849842924,-2.03866969703999,-50,4.06712789928141,-2.02075829154701,5764.12441953191,-0.00374291498900609,4.68357157050888,-1.96116588976736,5955.03133456986,-0.620186586216491
1.808,8.40187500000001,3.94418800389323,-2.08866969576001,-50,3.94991751196547,-2.0706560608548,5780.74342370614,-0.00572950807224397,4.56972261461295,-2.01291237091627,5965.76583824308,-0.625534610719715
1.809,8.46187499999999,3.82281507701545,-2.13866969447999,-50,3.82984602861858,-2.12062938345858,5790.95298002427,-0.00703095160311768,4.45290827231306,-2.06467740245318,5970.26750216489,-0.630093195297607
1.81,8.52187499999999,3.70066502639526,-2.1886696936,-50,3.70691081298848,-2.17061917533044,5785.23590570256,-0.00624578659321858,4.33312912430489,-2.1164036134993,5959.01445558597,-0.632464097909619
1.811,8.581875,3.57183171159058,-2.23866969616,-50,3.58111511981901,-2.22047888594114,5810.37786622472,-0.00928340822843128,4.21039154543564,-2.16794612088977,5978.78771978652,-0.638559833845067
1.812,8.641875,3.4429983967859,-2.28866969872,-50,3.45245826321597,-2.2704926200372,5811.47034339336,-0.00945986643006326,4.08469787567962,-2.21959065142442,5974.67418773307,-0.641699478893713
1.813,8.701875,3.31043488801778,-2.33866969936,-50,3.32093776361893,-2.32043888363536,5820.19679932331,-0.0105028756011565,3.9560485696895,-2.27111728844186,5978.35279767024,-0.645613681671738
1.814,8.761875,3.17414118528622,-2.38866969808,-50,3.18655547179076,-2.3703880139195,5835.38804335644,-0.0124142865045465,3.82444832332979,-2.32259790238334,5988.64990789477,-0.650307138043582
1.815,8.82187500000001,3.03784748255466,-2.4386696968,-50,3.04930951974641,-2.4203994824968,5828.05322302719,-0.0114620371917568,3.68989802710907,-2.37409345478728,5976.57029407988,-0.65205054455442
1.816,8.88187500000001,2.89487051563861,-2.48866969552001,-50,2.90920227551558,-2.47026595295078,5851.82217142585,-0.0143317598769802,3.55240272340231,-2.42539805663789,5995.73950170253,-0.657532207763701
1.817,8.94187499999999,2.75111642498021,-2.53866969423999,-50,2.76623384271274,-2.52027380470083,5857.5825400523,-0.0151174177325289,3.41196510843361,-2.47679949306577,5997.0409828476,-0.660848683453395
1.818,9.00187500000001,2.60518638784306,-2.58866969408001,-50,2.62040087341609,-2.57025713967202,5858.59085475113,-0.0152144855730242,3.26858434751871,-2.52813323089371,5993.72715513384,-0.663397959675641
1.819,9.061875,2.4539719092578,-2.63866969664,-50,2.47170602369904,-2.62017227696924,5878.9155777032,-0.0177341144412382,3.12226553290907,-2.57935691421306,6009.86246587576,-0.668293623651281
1.82,9.121875,2.30275743067249,-2.6886696992,-50,2.32014810692835,-2.67019703325481,5875.92342373663,-0.0173906762558558,2.97300983935034,-2.63064964568209,6002.80970985908,-0.670252408677856
1.821,9.181875,2.14641393538746,-2.73866969912,-50,2.16572699267592,-2.72011672335164,5891.69214819001,-0.0193130572884612,2.82081942520144,-2.68179798806198,6014.64281806955,-0.674405489813993
1.822,9.241875,1.98773906887527,-2.78866969784,-50,2.00844375149745,-2.77010411019379,5902.34151014295,-0.020704682622181,2.66569757936687,-2.73297591510673,6021.47782127552,-0.677958510491596
1.823,9.30187499999999,1.82844250336923,-2.83866969655999,-50,1.84829585692333,-2.82011199071631,5895.82394564304,-0.0198533535540997,2.50764392538735,-2.78413739839405,6011.26352317454,-0.679201422018136
1.824,9.36187500000001,1.66230724893012,-2.88866969528001,-50,1.68528666018739,-2.86998239743062,5921.44920617612,-0.022979411257269,2.34666389821446,-2.83512560983974,6033.30613841364,-0.684356649284342
1.825,9.42187499999999,1.49617199449111,-2.93866969399999,-50,1.5194155602724,-2.92001125741142,5922.94492632329,-0.0232435657812874,2.18275891624845,-2.88623758161789,6031.32985949212,-0.686586921757336
1.826,9.481875,1.32646197083709,-2.98866969456,-50,1.35067984510674,-2.9699763332846,5930.83970133845,-0.0242178742696562,2.0159282244739,-2.93725214807371,6035.85993332278,-0.689466253636802
1.827,9.541875,1.15286632847116,-3.03866969712,-50,1.17908147987965,-3.01993659522033,5946.48777482486,-0.0262151514084926,1.84617568466132,-2.98822931863077,6048.24734768084,-0.693309356190154
1.828,9.601875,0.979270686105222,-3.08866969968,-50,1.00461869673178,-3.06996338102612,5939.53369973899,-0.0253480106265644,1.67350136689208,-3.03924143878556,6038.1334908028,-0.694230680786856
1.829,9.661875,0.799147203533217,-3.13866969888,-41.5999999999997,0.827293644115595,-3.11984864782313,5049.40832593249,-0.0281464405823888,1.49790920070187,-3.09008144267082,6057.98961564139,-0.698761997168642
1.83,9.721875,0.618091172360344,-3.1886696976,-31.9999999999993,0.647347193333794,-3.16146743901759,4155.22386059991,-0.0292560209734506,1.3194011410779,-3.14102532089858,6061.22342247648,-0.701309968717562
1.831,9.78187500000001,0.435519750070734,-3.23189886368,-19.7999999999979,0.465253681299914,-3.19479522400463,2999.26247477275,-0.0297339312291712,1.13797562205906,-3.19191998713798,5940.8840173989,-0.702455871988321
1.832,9.84187500000001,0.248868428620678,-3.25689886496,-0.599999999997181,0.281556773600323,-3.21743650617533,974.137796849805,-0.032688344979643,0.953668030127494,-3.24162864411798,5542.86246755741,-0.704799601506808
1.833,9.90187499999999,0.062217107170678,-3.28189886624,18.5999999999979,0.0970973644046186,-3.22141154732178,-742.739490273115,-0.0348802572339313,0.766619452013124,-3.28759845442113,5187.17084333974,-0.704402344842439
1.834,9.96187500000001,-0.124434214290001,-3.27356553247999,31.4000000000021,-0.0871371201800583,-3.20958515611291,-2057.16426548587,-0.0372970941099379,0.577032785330186,-3.3302246485755,4308.01640993416,-0.701466999620197
1.835,-9.978125,-0.311085535755854,-3.2485655312,40.9999999999997,-0.270348097039689,-3.18568438787847,-3093.32894234056,-0.0407374387161566,0.38523742086623,-3.3646965513416,3269.11851292736,-0.696322956622091
1.836,-9.918125,-0.497387151578447,-3.22200303008,50,-0.451917629878378,-3.15228795080772,-3921.15225025914,-0.0454695217000684,0.19174230509854,-3.38955716200595,2350.23031550988,-0.689129456676991
1.837,-9.858125,-0.67844318275132,-3.17200303136,50,-0.631356989169243,-3.11132730378159,-4061.0690599751,-0.0470861935820702,-0.00293393210852335,-3.40592546730754,1131.76350350858,-0.675509250642809
1.838,-9.798125,-0.859499213924192,-3.12200303264,50,-0.808414418529014,-3.06914291110896,-4162.53792468717,-0.0510847953951841,-0.19822613747847,-3.41105850706549,97.6540789515417,-0.661273076445731
1.839,-9.73812500000001,-1.03713590022717,-3.07200303216001,50,-0.983029990199338,-3.02609039068962,-4256.73609236798,-0.0541059100278315,-0.39353966594827,-3.40666978390589,-802.104432011837,-0.643596234278901
1.84,-9.67812499999999,-1.21073154259315,-3.02200302959999,50,-1.15515591894196,-2.98223797853426,-4349.11566838087,-0.0555756236511825,-0.58836479310125,-3.39401008496633,-1589.39008752866,-0.622366749491913
1.841,-9.61812500000001,-1.38432718495904,-2.97200302704001,50,-1.32474688916401,-2.93760364551843,-4409.33107345314,-0.0595802957950353,-0.782257637610731,-3.37412698052937,-2248.18591584622,-0.602069547348297
1.842,-9.558125,-1.55155041263743,-2.92200302776,50,-1.49176661202858,-2.89248451399211,-4489.90097709296,-0.0597838006088461,-0.974838514431874,-3.34821377328376,-2843.50885829948,-0.576711898205549
1.843,-9.498125,-1.71768566707649,-2.87200302904,50,-1.65618196751066,-2.84669407400616,-4547.80646318324,-0.0615036995658371,-1.16577892083676,-3.31686376043882,-3343.24097637974,-0.551906746239725
1.844,-9.438125,-1.88195582453383,-2.82200303032,50,-1.81796049572485,-2.80044187873017,-4592.15722587519,-0.0639953288089914,-1.35479278620133,-3.28096480462744,-3765.99904155179,-0.527163038332499
1.845,-9.378125,-2.04063069104602,-2.7720030316,50,-1.97707933303659,-2.75385334734008,-4652.86790017482,-0.063551358009435,-1.54163996461116,-3.24123211799799,-4149.98838324708,-0.498990726434868
1.846,-9.31812499999999,-2.1993055575582,-2.72200303288,50,-2.13351491191291,-2.7067784899701,-4685.27405578362,-0.0657906456452877,-1.7261111876119,-3.19802831508922,-4457.7738149822,-0.473194369946299
1.847,-9.25812499999999,-2.35316225686761,-2.67200303167999,50,-2.28724684947815,-2.65947846199744,-4729.75188878531,-0.0659154073894639,-1.90802781336994,-3.152059852103,-4736.03454595908,-0.445134443497658
1.848,-9.19812500000001,-2.50437673545287,-2.62200302912001,50,-2.43825907278727,-2.61184255300451,-4767.9990221749,-0.0661176626656016,-2.08723934284108,-3.10360264150942,-4971.96299651962,-0.417137392611794
1.849,-9.13812500000001,-2.65528036454123,-2.57200302672,50,-2.58653399435675,-2.56392860604335,-4783.37109239566,-0.0687463701844785,-2.26361444892268,-3.0530499978471,-5153.70438308605,-0.39166591561856
1.85,-9.078125,-2.79903445519966,-2.522003028,50,-2.7320617250956,-2.51594750265394,-4830.63126364954,-0.0669727301040695,-2.43704744676408,-3.00090369002604,-5340.19612446142,-0.361987008435592
1.851,-9.018125,-2.9427885458581,-2.47200302928,50,-2.87483001575934,-2.46760597639925,-4851.13324210407,-0.0679585300987616,-2.60744584489414,-2.94712248496145,-5476.429308782,-0.335342700963956
1.852,-8.95812500000002,-3.08327871679848,-2.42200303056001,50,-3.01482528404823,-2.41915076130848,-4873.40471857751,-0.0684534327502502,-2.77472928937197,-2.89217129546897,-5594.10060481799,-0.308549427426519
1.853,-8.898125,-3.21957241953008,-2.37200303184,50,-3.1520405547501,-2.37056575421753,-4904.11666415363,-0.0675318647799723,-2.93883568916215,-2.83622270439667,-5702.64131211277,-0.280736730367939
1.854,-8.83812500000001,-3.3558661222616,-2.32200303312001,50,-3.28646617251948,-2.32177350398828,-4910.42030263554,-0.0693999497421367,-3.09971034811585,-2.77936225913342,-5771.60648236884,-0.256155774145759
1.855,-8.77812500000001,-3.4859428350541,-2.27200303120001,50,-3.41809670546937,-2.27299888827286,-4942.68499462284,-0.0678461295847313,-3.2573114918783,-2.72195546799396,-5853.45831437356,-0.228631343175787
1.856,-8.71812500000001,-3.61477614985878,-2.22200302864001,50,-3.54692632088949,-2.2240030380455,-4959.54709136713,-0.0678498289692781,-3.41160444498059,-2.66388462052634,-5908.65472506689,-0.2031717048782
1.857,-8.65812500000001,-3.74189979243022,-2.17200302696,50,-3.6729464123168,-2.17492800009595,-4966.82831588184,-0.0689533801134366,-3.56255821460312,-2.60539597589391,-5944.60239126755,-0.179341577827098
1.858,-8.598125,-3.86327271930803,-2.12200302824,50,-3.79615497128558,-2.12586204118969,-4996.30615921066,-0.067117748022463,-3.71015395449399,-2.54666727013161,-5994.45739324822,-0.153118764814045
1.859,-8.538125,-3.98464564618584,-2.07200302952,50,-3.91654666742969,-2.07660093836111,-5001.37512928178,-0.0680989787561445,-3.85437425539779,-2.48757092784502,-6012.81285906653,-0.130271390788057
1.86,-8.478125,-4.10135583060935,-2.0220030308,50,-4.03411676170815,-2.02736955571726,-5020.75260041302,-0.0672390689012155,-3.99520637165411,-2.42839731460345,-6039.42784775905,-0.106149458955244
1.861,-8.418125,-4.21526836956029,-1.97200303208,50,-4.14886318448547,-1.9780362089821,-5038.21983956342,-0.066405185074802,-4.13264370250982,-2.36907056256643,-6058.98847521741,-0.0826246670504707
1.862,-8.35812500000001,-4.32902548376271,-1.92200303328001,50,-4.26078060163906,-1.92861863033419,-5034.21836555827,-0.0682448821236591,-4.26667933980985,-2.30965580922245,-6052.72181229162,-0.0623461439528569
1.863,-8.29812499999999,-4.4354776347868,-1.87200303071999,50,-4.36986984908269,-1.87931446249404,-5065.70060480401,-0.0656077857041062,-4.39731505241413,-2.25039080204507,-6078.26184445696,-0.0381625823726732
1.864,-8.23812500000001,-4.54192978581083,-1.82200302816001,50,-4.47612806763282,-1.82979707951297,-5072.36376697004,-0.065801718178008,-4.52455103050546,-2.1909826873329,-6075.89670091795,-0.0173787553053653
1.865,-8.178125,-4.64527344186536,-1.7720030272,50,-4.5795495917599,-1.7802951473836,-5081.32529749284,-0.0657238501054539,-4.6483864356851,-2.13168841451909,-6073.2557582013,0.0031129938197434
1.866,-8.118125,-4.74426520496254,-1.72200302848,50,-4.68013470028713,-1.73078749716823,-5101.55673605245,-0.0641305046754211,-4.7688278582481,-2.07251034450113,-6079.75366403641,0.0245626532855722
1.867,-8.058125,-4.84325696805972,-1.67200302976,50,-4.77788009554265,-1.68117045457593,-5098.65026333589,-0.065376872517069,-4.88587954232405,-2.01336421975802,-6061.36575290781,0.0426225742643216
1.868,-7.99812500000002,-4.93618716417866,-1.62200303104001,50,-4.87278561290389,-1.63165705794865,-5121.64987686354,-0.0634015512747637,-4.99954987574437,-1.95447894029064,-6067.46695909213,0.0633627115657107
1.869,-7.938125,-5.02771853714884,-1.57200303232,50,-4.96485035842162,-1.58200881064168,-5131.56664513172,-0.0628681787272128,-5.10984733789373,-1.89562880190955,-6059.35382045719,0.0821288007448812
1.87,-7.87812500000001,-5.11769566309257,-1.52200303280001,50,-5.05407005983134,-1.53234628384998,-5131.56223055573,-0.0636256032612304,-5.21677768698869,-1.83694452211838,-6040.43388922859,0.0990820238961205
1.871,-7.81812500000001,-5.201766650336,-1.47200303024001,50,-5.14044651444567,-1.4827607745889,-5155.82507966508,-0.0613201358903178,-5.32035326690621,-1.77852526632819,-6045.10705788774,0.118586616570218
1.872,-7.75812500000001,-5.28583763757943,-1.42200302768001,50,-5.22397773572992,-1.43302890465537,-5156.28681016986,-0.0618599018495047,-5.42058303242361,-1.72015356723282,-6025.48642558682,0.134745394844186
1.873,-7.698125,-5.36540130711705,-1.37200302744,50,-5.30466161737107,-1.38336987119959,-5170.4234945882,-0.0607396897459706,-5.51747610911548,-1.66205285408821,-6019.20348834384,0.152074801998438
1.874,-7.638125,-5.4420119064336,-1.32200302872,50,-5.38249872517878,-1.33365775174902,-5184.46447298267,-0.0595131812548286,-5.61104449600946,-1.60410000007161,-6012.62035851582,0.169032589575863
1.875,-7.578125,-5.51862250575016,-1.27200303,50,-5.45748604513117,-1.28389350908237,-5176.25524771832,-0.0611364606189816,-5.70129673736292,-1.54629753777315,-5983.69563012345,0.182674231612752
1.876,-7.518125,-5.58777271713984,-1.22200303128,50,-5.52962645737915,-1.23428192586428,-5205.21498920001,-0.0581462597606779,-5.78824733167334,-1.48885077679247,-5991.94447455315,0.200474614533498
1.877,-7.458125,-5.65692292852953,-1.17200303256,50,-5.59891890561146,-1.18448081097855,-5209.62699571717,-0.0580040229180766,-5.87190684584175,-1.43141716892255,-5975.73135825469,0.214983917312219
1.878,-7.39812500000001,-5.72312006708545,-1.12200303232001,50,-5.66535900869485,-1.13471629736093,-5215.41012167387,-0.0577610583906054,-5.95228248011051,-1.37422174381478,-5961.04343903986,0.229162413025055
1.879,-7.33812499999999,-5.7848098839478,-1.07200302975999,50,-5.72894850072924,-1.08497571398063,-5234.02117089468,-0.0558613832185621,-6.02938746878849,-1.3172501004727,-5959.39467461044,0.244577584840692
1.88,-7.27812500000001,-5.84649970081012,-1.02200302720001,50,-5.78968537081865,-1.03514100685172,-5229.65431174508,-0.056814329991473,-6.10323118708227,-1.26038193181055,-5935.02673229002,0.256731486272165
1.881,-7.218125,-5.90228339290646,-0.972003027376003,50,-5.84757028632,-0.985423718623049,-5250.16875696096,-0.0547131065864499,-6.17382554693942,-1.20382609387917,-5935.83797099042,0.271542154032939
1.882,-7.158125,-5.95651284164334,-0.922003028272001,50,-5.90260341189568,-0.935594759295143,-5259.07324548133,-0.0539094297476513,-6.2411817934841,-1.14735045410055,-5925.36905726316,0.28466895184075
1.883,-7.098125,-6.0093434643437,-0.872003028952,50,-5.95478141414866,-0.885761113559807,-5256.97664058439,-0.0545620501950255,-6.30530749117446,-1.09105866556987,-5904.25455115936,0.295964026830754
1.884,-7.03812500000002,-6.05611250755243,-0.822003028696012,50,-6.00410692423029,-0.836023998740413,-5280.57194895846,-0.0520055833221367,-6.36621597150584,-1.03504838276757,-5909.20778523816,0.310103463953421
1.885,-6.97812499999999,-6.10288155076118,-0.772003028439996,50,-6.05057869729256,-0.786146899611947,-5280.40961124562,-0.0523028534686082,-6.42391648063946,-0.979079346150092,-5890.79490357519,0.321034929878287
1.886,-6.91812500000001,-6.14529870357942,-0.722003028408009,50,-6.09419498062037,-0.736348603494089,-5292.79578451192,-0.0511037229590424,-6.47841753836329,-0.923366460050668,-5885.33379547444,0.33311883478387
1.887,-6.85812500000001,-6.1846073632616,-0.672003028536007,50,-6.13495697850156,-0.686513541941164,-5306.47012547712,-0.0496503847600326,-6.52973039606975,-0.867790171119224,-5881.57244513787,0.345123032808141
1.888,-6.79812500000001,-6.22391602294378,-0.622003028664005,50,-6.17286224655416,-0.636629920796765,-5297.90213794929,-0.0510537763896189,-6.5778624261454,-0.812334629858721,-5855.98577159159,0.353946403201623
1.889,-6.738125,-6.25591972375621,-0.572003028792003,50,-6.20791386687592,-0.586902444750397,-5325.34547298452,-0.0480058568802813,-6.62282629385543,-0.757200442083797,-5866.83035684848,0.366906570099218
1.89,-6.678125,-6.28776799991183,-0.522003028920001,50,-6.24011128782316,-0.536999567609576,-5329.59767333691,-0.0476567120886786,-6.66463079528494,-0.702051942115561,-5854.90456213723,0.376862795373101
1.891,-6.618125,-6.3168186239944,-0.472003028903999,50,-6.26945057971105,-0.487134919685082,-5334.03931238752,-0.047368044283343,-6.70328111241587,-0.64709863963362,-5843.58798958594,0.386462488421453
1.892,-6.558125,-6.34120649462189,-0.422003028647997,50,-6.29593388128622,-0.437306698885604,-5352.64443543141,-0.0452726133356752,-6.73878826000579,-0.592334627237997,-5846.85220353675,0.397581765383897
1.893,-6.49812499999999,-6.36559436524937,-0.372003028391996,50,-6.31955954511554,-0.387384544696363,-5348.23723328964,-0.0460348201338245,-6.77115923225186,-0.53762546829324,-5827.5176469369,0.40556486700248
1.894,-6.43812500000001,-6.38423154053468,-0.322003028432008,50,-6.34032825852517,-0.337580316105819,-5367.51670517574,-0.0439032820095147,-6.80040312573478,-0.483178986465566,-5832.27851453217,0.416171585200102
1.895,-6.37812499999999,-6.40115904963719,-0.272003028559992,50,-6.35824053004412,-0.287675912928238,-5376.51038812149,-0.0429185195930547,-6.82652862847664,-0.428773096702848,-5827.15666433522,0.425369578839459
1.896,-6.31812500000001,-6.41684315781833,-0.222003028688005,50,-6.3732933354681,-0.237766119692481,-5373.29287484359,-0.0435498223502344,-6.84954066912387,-0.374498657091075,-5810.22029290398,0.432697511305539
1.897,-6.258125,-6.4263102613927,-0.172003028816003,50,-6.38548958459887,-0.187963287758397,-5397.07791000012,-0.0408206767938267,-6.86944988722053,-0.320464157477867,-5820.67616755101,0.44313962582784
1.898,-6.198125,-6.43577736496706,-0.122003028944001,50,-6.39482828431058,-0.13801882789037,-5397.0490601911,-0.0409490806564845,-6.88626280014512,-0.266417217292307,-5807.70041361589,0.450485435178053
1.899,-6.138125,-6.44104800280774,-0.0720030289423989,50,-6.4013076026107,-0.088152047353382,-5408.35494991623,-0.0397404001970458,-6.8999848713115,-0.212573426800238,-5806.43385143144,0.45893686850375
1.9,-6.07812500000001,-6.44305472285554,-0.0220030288400118,50,-6.40492899935718,-0.0382585461407549,-5422.25638308433,-0.038125723498369,-6.91062464523757,-0.158824746555528,-5808.12920468902,0.467569922382029
1.901,-6.01812499999999,-6.44506144290335,0.0279969712624049,50,-6.40569026067163,0.0116855133301391,-5413.85632806042,-0.0393711822317165,-6.91818678647164,-0.105143779515228,-5787.88116002948,0.473125343568287
1.902,-5.95812500000001,-6.43991860765336,0.0779969712911919,50,-6.40359436981754,0.0614748790026333,-5440.25136884243,-0.0363242378358147,-6.9226809551026,-0.051732299984708,-5802.77788205751,0.482762347449239
1.903,-5.89812500000001,-6.43446492217303,0.127996971316794,50,-6.39864101261177,0.11142990553353,-5444.76029952287,-0.0358239095612574,-6.92411331688569,0.00173344159519745,-5796.12966233264,0.489648394712665
1.904,-5.83812500000001,-6.42636902531927,0.177996971287996,50,-6.39082647305835,0.161348983935563,-5448.23158818934,-0.0355425522609081,-6.92248644364145,0.0550551476541853,-5788.7764297143,0.496117418322184
1.905,-5.778125,-6.41345497831395,0.227996971159998,50,-6.38015308271862,0.211222623621805,-5467.16195617485,-0.0333018955953168,-6.91780876741513,0.108226555328693,-5797.20636903395,0.504353789101169
1.906,-5.718125,-6.40054093130864,0.277996971032,50,-6.36661936861758,0.261193118552,-5463.01070819328,-0.033921562691069,-6.91008473317392,0.161393102763046,-5782.8702845585,0.509543801865282
1.907,-5.658125,-6.38203158015722,0.327996971192001,50,-6.3502258690635,0.311047967733623,-5481.32109569675,-0.0318057110937195,-6.89932061939982,0.214345350071701,-5791.3029913884,0.517289039242586
1.908,-5.598125,-6.36165712762377,0.377996971448003,50,-6.33097328493275,0.360993997464046,-5490.64292533624,-0.0306838426910178,-6.88552269411377,0.267293102299864,-5791.04594738185,0.523865566490002
1.909,-5.53812499999999,-6.34019470570126,0.427996971648005,50,-6.30885876504308,0.41094837168107,-5486.51960079549,-0.0313359406581913,-6.86869350494113,0.320156420707212,-5777.63431448108,0.528498799239863
1.91,-5.47812500000001,-6.31235989164284,0.477996971519992,50,-6.28388537527386,0.460787382032283,-5510.68820928951,-0.0284745163689757,-6.84884135286542,0.372814413948342,-5792.79706127547,0.536481461222586
1.911,-5.41812499999999,-6.2845250775844,0.527996971392009,50,-6.25605226372663,0.510771493115596,-5510.96822759865,-0.0284728138577735,-6.82597046195453,0.425530284570456,-5784.3456821326,0.541445384370141
1.912,-5.358125,-6.25264921053157,0.577996971263996,50,-6.22535741927575,0.560680704995175,-5521.35298523188,-0.0272917912558226,-6.80008374240168,0.478086692904992,-5786.26567089911,0.547434531870112
1.913,-5.298125,-6.217353990945,0.627996971135998,50,-6.19180246679262,0.610608097366566,-5535.62629689505,-0.0255515241523725,-6.77118759015832,0.530579302703261,-5792.3331617012,0.553833599213329
1.914,-5.238125,-6.18205877135843,0.677996971008,50,-6.15538534054951,0.660589416747082,-5527.52617045757,-0.0266734308089284,-6.73928456466034,0.583046369871722,-5776.27864334341,0.557225793301898
1.915,-5.178125,-6.13976942158924,0.727996971240002,50,-6.11610884990742,0.710418743919334,-5552.99342173201,-0.023660571681822,-6.70438195874811,0.63528441151718,-5794.03557889017,0.564612537158876
1.916,-5.11812500000001,-6.09701379647454,0.777996971495989,50,-6.07397284959158,0.760405134346193,-5557.86954293274,-0.0230409468829688,-6.6664839730812,0.687604848005118,-5791.43827752677,0.569470176606666
1.917,-5.05812499999999,-6.05177138418483,0.827996971624006,50,-6.02897377452496,0.810358906182938,-5560.47213898841,-0.0227976096598558,-6.62559125501617,0.739820292643957,-5786.79733307928,0.573819870831344
1.918,-4.99812500000001,-6.00155539754515,0.877996971495993,50,-5.98111409137832,0.860259193557048,-5579.82164740731,-0.0204413061668214,-6.58171035410454,0.791912106654688,-5799.1263450671,0.580154956559391
1.919,-4.93812500000001,-5.95133941090547,0.927996971367995,50,-5.93039244838469,0.910260150963182,-5576.01310443444,-0.0209469625207791,-6.53484387575814,0.84403660526399,-5788.51368517773,0.583504464852674
1.92,-4.878125,-5.89568354523484,0.977996970959996,49.3301833560001,-5.87680918559585,0.960148568289986,-5520.62834261063,-0.0188743596390063,-6.48499599525923,0.895982674429467,-5799.34085136786,0.589312450024382
1.921,-4.818125,-5.83800715306702,1.027996970448,48.4115776728,-5.82038433954458,1.00945011876115,-5441.91444324364,-0.0176228135224397,-6.43217127724573,0.947947837116685,-5802.67450254197,0.594164124178718
1.922,-4.758125,-5.77942052255981,1.07769794472,47.2578781608,-5.76115765780663,1.05795108395492,-5331.89607236644,-0.0182628647531976,-6.37637060358248,0.999863123392541,-5786.32453137409,0.59695008102266
1.923,-4.698125,-5.71446222367698,1.12530574248,44.4585218471999,-5.69918322561501,1.10536470364056,-5053.26337370675,-0.0152789980619817,-6.31760201758965,1.05154752123992,-5764.17914322481,0.603139793912664
1.924,-4.638125,-5.64950392479414,1.17291354024,41.6591655335998,-5.63456773508646,1.15014141138802,-4799.17552009515,-0.0149361897076703,-6.25588026539081,1.10294807069967,-5724.65925317736,0.606376340596679
1.925,-4.57812499999999,-5.58112916910627,1.216724468,38.4713047399996,-5.56745568400222,1.19251110698524,-4486.38075804399,-0.0136734851040459,-6.19122617693042,1.15390536631932,-5632.36245736884,0.610097007824154
1.926,-4.51812500000001,-5.50961127315779,1.25704227535999,34.9260198248005,-5.49800034994539,1.23193741774342,-4131.48794860281,-0.0116109232124108,-6.12367903901262,1.20393454760932,-5498.79794769889,0.614067765854833
1.927,-4.45812499999999,-5.43809337720927,1.29736008272001,31.3807349095993,-5.42638134113201,1.26803760387306,-3816.31293229284,-0.0117120360772612,-6.05330286400204,1.25265739017935,-5365.98819545285,0.615209486792773
1.928,-4.398125,-5.36169244597661,1.32921475408,28.2236222184002,-5.35277861472662,1.30118222456415,-3472.43817855261,-0.0089138312500027,-5.98017224266268,1.30008286262274,-5128.61473981648,0.618479796686077
1.929,-4.338125,-5.28484760244537,1.36030004944,25.1017979112001,-5.27736894503493,1.33111182335876,-3163.31211095715,-0.00747865741045104,-5.90438901008946,1.34525098979199,-4899.70362160993,0.61954140764409
1.93,-4.278125,-5.2067428659756,1.3888447972,22.106026428,-5.20032723809799,1.35815107145336,-2870.98003237597,-0.0064156278775966,-5.8260801720652,1.38824312407662,-4655.16781271621,0.619337306089597
1.931,-4.218125,-5.12586636504105,1.41180034024,19.3875711575999,-5.12181454423486,1.38245895359047,-2570.47804149986,-0.00405182080619232,-5.74537442522778,1.42891889111129,-4358.39430578262,0.619508060186731
1.932,-4.15812500000001,-5.04498986410653,1.43475588328,16.6691158872006,-5.04198939116988,1.4039645401942,-2307.26717960129,-0.00300047293665437,-5.66241815258622,1.46680129444327,-4091.72616784295,0.617428288479689
1.933,-4.09812499999999,-4.96206132097081,1.45269691592,14.2195347329597,-4.96100238570449,1.42301525320923,-2036.90512314384,-0.00105893526631219,-5.57736334346549,1.50217163318104,-3782.61818302341,0.615302022494675
1.934,-4.03812500000001,-4.87828781928172,1.46857315016,11.8806664500803,-4.87899595750082,1.43954910669968,-1784.87225613601,0.00070813821909556,-5.49036500248929,1.53464335443342,-3479.29570374746,0.612077183207564
1.935,-3.97812500000001,-4.79431489481917,1.4838149256,9.57859423600019,-4.79610936937613,1.45373863034075,-1560.49344462075,0.00179447455697118,-5.40158755466388,1.56427417770853,-3201.23785527302,0.607272659844708
1.936,-3.918125,-4.70862693450503,1.49360035536,7.59296821360011,-4.71246954891936,1.46584187515423,-1321.0399879859,0.00384261441433821,-5.31118698654459,1.59130094100159,-2875.89393069454,0.602560052039558
1.937,-3.858125,-4.62293897419088,1.50338578512,5.60734219120004,-4.62819991154492,1.47572338813721,-1114.23241567993,0.00526093735402779,-5.21932484689263,1.61529264870543,-2590.63781244857,0.596385872701757
1.938,-3.798125,-4.53671386621882,1.510585764,3.78436894844797,-4.54341905028721,1.48368695510985,-914.071490486262,0.00670518406839224,-5.12616433124883,1.63662281297446,-2300.95233649957,0.589450465030022
1.939,-3.738125,-4.44995161058885,1.515200292,2.12404848534391,-4.45823501839884,1.48979669804191,-720.289083386473,0.00828340780998739,-5.03185898403933,1.65525480911015,-2008.60511790452,0.581907373450475
1.94,-3.67812499999999,-4.36318935495887,1.51981482,0.463728022239843,-4.37275226872971,1.4941141727271,-554.412236221842,0.00956291377083873,-4.93656398063095,1.67116833124075,-1754.56018202045,0.573374625672074
1.941,-3.61812499999999,-4.27609926708787,1.52055599056,-0.930886723216181,-4.28706605629609,1.49689888833261,-378.980355566075,0.0109667892082104,-4.84042486242709,1.68471997400191,-1471.22005093033,0.564325595339221
1.942,-3.55812500000001,-4.18897105918888,1.52084677072,-2.29460545499183,-4.20126665199352,1.4980653143269,-225.987761025902,0.0122955928046466,-4.74358457132872,1.69564388251077,-1219.52992780033,0.554613512139849
1.943,-3.49812499999999,-4.1019074717618,1.52010173904,-3.58020973256023,-4.11544079101643,1.49782240049114,-87.085527595843,0.0135333192546389,-4.64618520704102,1.70423530982864,-984.972062693589,0.544277735279214
1.944,-3.438125,-4.01500081976668,1.51684116432,-4.67610747847995,-4.02966544634453,1.49630196262426,52.8180569068615,0.0146646265778407,-4.54835579193205,1.71065548807519,-740.220759193228,0.533354972165365
1.945,-3.378125,-3.92809416777155,1.5135805896,-5.77200522439999,-3.94401402190222,1.49349676845865,170.182635166157,0.0159198541306768,-4.4502233195858,1.71481400305325,-531.237693842559,0.522129151814251
1.946,-3.318125,-3.84166836496807,1.50835795896,-6.70322554664002,-3.85855413136082,1.48961616822401,286.730816984311,0.0168857663927634,-4.35190784623704,1.71704342813187,-316.721244410166,0.510239481268988
1.947,-3.258125,-3.75546112997898,1.50224348472,-7.55959249448005,-3.77334712802686,1.484669339647,391.952214649793,0.0178859980478885,-4.25352127331751,1.71729584626684,-118.284728668662,0.498060143338524
1.948,-3.19812500000001,-3.6693437868426,1.49594316728,-8.39827713543987,-3.68845106964542,1.47876214179577,480.566189239956,0.0191072828028153,-4.15517254915693,1.71572225720887,52.9545534166398,0.485828762314341
1.949,-3.13812499999999,-3.58421525408565,1.48759857464,-9.04245640072009,-3.60391656161609,1.47204885153498,573.568978013107,0.0197013075304399,-4.05695904705954,1.71257570581877,238.523254947365,0.472743792973886
1.95,-3.07812500000001,-3.49908672132876,1.479253982,-9.68663566599992,-3.51979091055636,1.46449034121738,649.288726358858,0.0207041892275931,-3.95897459795231,1.70772679952923,393.740443032905,0.459887876623548
1.951,-3.018125,-3.41461475699794,1.47010556144,-10.2416185632,-3.43611795134864,1.45624692490599,718.842564293052,0.0215031943507075,-3.86130866453179,1.70145741091406,541.120909317616,0.44669390753385
1.952,-2.958125,-3.33085645399983,1.46008341488,-10.6996488864,-3.35293527071204,1.44737639058089,783.681402454979,0.0220788167122167,-3.7640405059137,1.69384183956142,682.923811372259,0.433184051913872
1.953,-2.898125,-3.24709815100172,1.45006126832,-11.1576792096,-3.27027752932724,1.43792308827291,834.781023605634,0.023179378325528,-3.66724572288505,1.68493348564547,799.431780128814,0.420147571883345
1.954,-2.838125,-3.16472616889248,1.43899543184,-11.4742360272,-3.18817447034662,1.42801432206891,886.634364161041,0.0234483014541371,-3.5709916622781,1.67496706636554,922.039966826803,0.406265493385621
1.955,-2.778125,-3.08255223262451,1.4277804968,-11.770582344,-3.10665236835535,1.41764386371942,928.16124238111,0.0241001357308347,-3.47534050756708,1.66388809971787,1025.40648248363,0.392788274942574
1.956,-2.71812499999999,-3.00084709056203,1.41635655088,-12.0292869424,-3.02573493421527,1.40690743230075,961.937469184393,0.0248878436532327,-3.38035088227279,1.65187533352445,1115.13653313578,0.379503791710766
1.957,-2.65812499999999,-2.92040408674508,1.40436988336,-12.1866484528,-2.94544107762167,1.39587690106419,994.005584992047,0.0250369908765837,-3.28607265366874,1.63905567065264,1204.89013652944,0.365668566923641
1.958,-2.59812500000001,-2.83996108292816,1.39238321584,-12.3440099632,-2.86578718600286,1.38456844048561,1016.59917348569,0.0258261030747112,-3.19255202390706,1.62543014510706,1275.40711656678,0.352590940978899
1.959,-2.53812499999999,-2.76073079442985,1.38012335024,-12.4225871152,-2.78678667408394,1.37306964700679,1036.21807036947,0.0260558796540966,-3.0998300597184,1.61117698290973,1343.06782486971,0.339099265288543
1.96,-2.478125,-2.68210686359092,1.3677268856,-12.461772088,-2.70844965467374,1.36140818280653,1050.68816994364,0.0263427910828139,-3.0079419413636,1.59632343459742,1401.22146669698,0.325835077772678
1.961,-2.418125,-2.60359901170943,1.35532404344,-12.4947491632,-2.63078408387476,1.3496316689597,1058.49034443834,0.0271850721653222,-2.91691953608542,1.58095789578018,1445.24842058828,0.313320524375993
1.962,-2.358125,-2.52683234418988,1.34282553848,-12.4346077744,-2.55379479103523,1.33780162870398,1064.86650961113,0.0269624468453592,-2.82678843280627,1.56521112557231,1490.846253036,0.299956088616396
1.963,-2.298125,-2.45006567667032,1.33032703352,-12.3744663856,-2.47748446477583,1.32593126429107,1065.47215351293,0.0274187881055146,-2.73757087156923,1.54906926279974,1522.94703686335,0.287505194898909
1.964,-2.23812500000001,-2.37414838827986,1.31790031016,-12.2765342416,-2.40185389282806,1.3140737270191,1062.2506836573,0.0277055045482153,-2.64928591467695,1.53265709270326,1548.66969347075,0.275137526397108
1.965,-2.17812499999999,-2.29923491158734,1.3055584196,-12.133940296,-2.32690133214411,1.30226420645257,1055.99893609848,0.0276664205567618,-2.56194735657254,1.51603371302964,1569.84351577768,0.262712444985192
1.966,-2.11812500000001,-2.22432143489487,1.29321652904,-11.9913463504,-2.25262323503978,1.29053050672046,1045.96399866129,0.0283018001449119,-2.47556609040131,1.49924130042929,1580.99448712916,0.251244655506435
1.967,-2.058125,-2.15095724689785,1.28119182432,-11.79106898,-2.1790142635683,1.27890731564736,1032.78406193411,0.0280570166704573,-2.39014915190233,1.48237232713203,1589.90986628688,0.239191905004487
1.968,-1.998125,-2.07785757160494,1.26922127328,-11.58094322,-2.1060672620591,1.26742339593831,1016.98438661479,0.0282096904541635,-2.30570033506681,1.46544747925514,1591.6974826151,0.227842763461875
1.969,-1.938125,-2.00519421513218,1.25738752224,-11.35719074,-2.03377356657521,1.25610263331775,998.51946200514,0.0285793514430256,-2.22222096019391,1.44853241882223,1587.35030879586,0.217026745061735
1.97,-1.878125,-1.93383981511986,1.2459641712,-11.0925581,-1.96212313369427,1.24496929518566,976.853316783513,0.0282833185744102,-2.13970885005013,1.43168357073214,1579.77659642942,0.205869034930265
1.971,-1.81812499999999,-1.86248541510754,1.23454082016,-10.82792546,-1.89110438939096,1.23405254226372,954.092452232746,0.0286189742834171,-2.05815936349939,1.41493051651035,1566.59443219718,0.195673948391843
1.972,-1.75812499999999,-1.79219860359628,1.2235625448,-10.53533350584,-1.82070464533927,1.22336211026267,927.977501564627,0.028506041742993,-1.97756553804413,1.39832470543355,1549.24218349817,0.185366934447841
1.973,-1.69812499999999,-1.72249724384368,1.2128283432,-10.22740902456,-1.75091006035033,1.21292850597737,900.262688047961,0.0284128165066584,-1.89791784474188,1.38190427405194,1528.19758726171,0.175420600898197
1.974,-1.63812500000001,-1.65286012586087,1.2021275536,-9.91807710184003,-1.68170550902341,1.20276605006306,872.450163159419,0.0288453831625278,-1.81920469719288,1.36570290462435,1503.74831825744,0.166344571332005
1.975,-1.57812499999999,-1.58470056858301,1.19219524,-9.57637402599992,-1.61307544198849,1.1928752211844,839.535134251572,0.0283748734054864,-1.74141265646144,1.34975158059422,1474.75246673392,0.156712087878437
1.976,-1.518125,-1.51654101130519,1.1822629264,-9.23467095016001,-1.54500296340528,1.18330254135645,807.789442896268,0.0284619521001067,-1.6645262088047,1.33409174295034,1443.86744203054,0.147985197499507
1.977,-1.45812500000002,-1.44900077483389,1.17271992256,-8.8816626604001,-1.47747016699436,1.1740367595427,774.026050432156,0.0284693921604588,-1.5885281683146,1.31874032028209,1409.6036115865,0.139527393480723
1.978,-1.398125,-1.38225680797094,1.16367745984,-8.51411909559998,-1.41045895063586,1.16509596290143,737.790065328083,0.0282021426649131,-1.5133999872896,1.30372791955906,1372.07110257341,0.131143179318663
1.979,-1.33812500000001,-1.31551284110804,1.15463499712,-8.14657553080007,-1.34395005680375,1.15650239555791,703.627043566733,0.0284372156957033,-1.43912139476225,1.28908408714007,1334.36597418148,0.123608553654226
1.98,-1.27812500000001,-1.24983370851513,1.1463901536,-7.76291781560006,-1.27792415249463,1.14823644804399,664.170946703705,0.0280904439794832,-1.36567124419459,1.27480983984253,1291.23426173873,0.115837535679446
1.981,-1.21812500000001,-1.18436754277624,1.13830483392,-7.37603727032005,-1.2123610859767,1.14034630883984,626.12840776452,0.0279935432004468,-1.29302694609646,1.26095452938278,1248.01921669039,0.108659403320219
1.982,-1.15812500000001,-1.11916061646708,1.13045040072,-6.98592167520004,-1.14723971426554,1.13281839070971,588.574860250566,0.0280790977984537,-1.22116449379454,1.24751827306868,1204.0495889466,0.102003877327461
1.983,-1.098125,-1.0548256773307,1.12337258568,-6.58492454880002,-1.08253942858538,1.1256476334898,546.165038233403,0.0277137512546881,-1.15005969698444,1.23450736352712,1155.02906737255,0.0952340196537448
1.984,-1.038125,-0.990490738194319,1.11629477064,-6.18392742240001,-1.01823850106035,1.11887816130615,507.509632836458,0.0277477628660353,-1.0796868727619,1.22196760969382,1108.44356927899,0.0891961345675852
1.985,-0.978124999999999,-0.926767150067369,1.1098696188,-5.77666796639999,-0.954314947086495,1.11247481153403,465.108761067389,0.0275477970191348,-1.01001968859088,1.20987587906143,1057.70885586364,0.0832525385235077
1.986,-0.918124999999996,-0.863410372546079,1.10383606488,-5.36565111263998,-0.890746818494918,1.10647147497433,422.526411221015,0.0273364459488274,-0.941031400957339,1.19826964997494,1006.2129479399,0.0776210284112618
1.987,-0.858125000000012,-0.800070686630856,1.09782481008,-4.95449090832008,-0.827511166148606,1.10086920120489,383.93389082891,0.0274404795177542,-0.872694013609203,1.18715517289643,957.859654204144,0.07262332697836
1.988,-0.798124999999992,-0.737534306199875,1.09286161392,-4.53659322767994,-0.764586080213033,1.09563066214739,336.794264857073,0.0270517740131631,-0.804980201336954,1.17650277355976,900.998145011512,0.0674458951370853
1.989,-0.738125000000007,-0.674997925768931,1.08789841776,-4.11869554704005,-0.701948483695545,1.09083392738438,294.929608185609,0.0269505579266165,-0.737861267124132,1.16639001132664,848.751729285747,0.0628633413552132
1.99,-0.678125000000005,-0.612736278692408,1.083388668,-3.69891032400003,-0.639574472966678,1.08642978240162,251.919782583171,0.0268381942742736,-0.671307532361144,1.15677359089965,795.048310192384,0.0585712536687464
1.991,-0.618125000000003,-0.550859258312098,1.0795137432,-3.27648254160002,-0.577441269900194,1.08242815423914,205.793946261915,0.0265820115881036,-0.605290196788317,1.14766614737999,738.089828767941,0.0544309384762267
1.992,-0.558125,-0.488982237931788,1.0756388184,-2.8540547592,-0.515525008596948,1.07885708629446,165.283063318709,0.0265427706651561,-0.539779262871582,1.13909683842689,686.384743716813,0.050797024939791
1.993,-0.498125000000016,-0.427508297348157,1.07265770496,-2.42935619088011,-0.453802518772729,1.07566425362817,117.423184549621,0.0262942214245689,-0.474745306255143,1.13101649868513,627.31598031527,0.0472370089069911
1.994,-0.438124999999996,-0.366127375179104,1.06988285568,-2.00413359503997,-0.392250209032024,1.07291668073719,72.9475377728845,0.0261228338529238,-0.410158392003799,1.12349211609327,571.47386315734,0.0440310168246841
1.995,-0.378125000000011,-0.30481549809133,1.0673387048,-1.57859844120008,-0.330843479590504,1.07058254253453,30.9375253271,0.0260279814991635,-0.345987541222894,1.11649314377227,517.986151733084,0.0411720431315536
1.996,-0.318125000000009,-0.243765992312262,1.06567120784,-1.15187556696006,-0.269559310587701,1.0686385143606,-18.3366698536754,0.0257933182754396,-0.282203293980386,1.10999710680348,457.280748690088,0.0384373016681313
1.997,-0.258125000000007,-0.182716486533194,1.06400371088,-0.725152692720049,-0.208373453135702,1.06715082202599,-60.6726356851748,0.0256569666024974,-0.218774954236652,1.10406962839999,403.469184202753,0.0360584677034494
1.998,-0.198125000000005,-0.121767211900657,1.0630075964,-0.298145473480032,-0.147261610023905,1.06605492650016,-107.545512768078,0.0254943981232531,-0.155671788176027,1.0986464039813,345.159442909493,0.0339045762753799
1.999,-0.138125000000002,-0.0608836059503283,1.0624513532,0.129048040759984,-0.0862001545951894,1.06539196008155,-154.440798718954,0.0253165486448695,-0.0928637410222743,1.09376803518037,286.894654870101,0.0319801350719391
2,-0.078125,0,1.06189511,0.556241555,-0.0251642951566717,1.06516145789163,-194.254007008358,0.0251642951566811,-0.0303196308898529,1.08943326390103,235.793641866269,0.0303196308898522
2.001,-0.0181249999999977,0.0608836059503283,1.0624513532,0.982964429240016,0.0358688609069653,1.06529759449638,-246.581490887417,0.0250147450433595,0.0319897758382054,1.08557534083681,172.240912286112,0.0288938301121235
2.002,0.0418749999999868,0.121767211900639,1.0630075964,1.40968730347991,0.096923602440753,1.06591493294107,-290.653268169374,0.0248436094598865,0.0940950611597323,1.08230808266549,117.092249764106,0.0276721507409175
2.003,0.101875000000007,0.182716486533194,1.06400371088,1.83581631752005,0.158025303032951,1.06693677486217,-335.395704604805,0.0246911835002429,0.156027826471341,1.07955325643952,61.3776355680788,0.0266886600618425
2.004,0.161875000000009,0.243765992312262,1.06567120784,2.26103891336006,0.21919729782321,1.0683686633435,-384.659815470772,0.0245686944890457,0.217817558369198,1.07731527464482,1.23920016895926,0.0259484339430556
2.005,0.221874999999994,0.304815498091312,1.0673387048,2.68626150919995,0.280464254276195,1.07025156221765,-425.625716318223,0.0243512438151156,0.279495012852708,1.07563403532756,-50.3769106073342,0.0253204852385939
2.006,0.281875000000014,0.366127375179122,1.06988285568,3.1092715444001,0.341849806276069,1.07250842888634,-475.884624437835,0.0242775689030574,0.341089818045515,1.07443027015039,-111.294889735783,0.0250375571336082
2.007,0.341875000000016,0.427508297348157,1.07265770496,3.53169932680011,0.403377813263822,1.07522417936639,-521.691589171734,0.0241304840843344,0.402631761604672,1.07378881621723,-167.549444707942,0.0248765357434869
2.008,0.401875,0.488982237931788,1.0756388184,3.95327771512,0.465073373611944,1.07835714450876,-563.299026768812,0.0239088643198375,0.464151807527435,1.07366589844341,-219.413458350255,0.0248304304043518
2.009,0.461874999999985,0.550859258312079,1.0795137432,4.3711753957599,0.526959266603807,1.08186804198104,-614.779082517241,0.0238999917082685,0.525678485548415,1.07402032011764,-281.255898731952,0.0251807727636695
2.01,0.521874999999987,0.612736278692389,1.083388668,4.78907307639991,0.589059731418088,1.08584711407513,-656.775146266135,0.0236765472743086,0.587241753927486,1.07494314288979,-333.263403905,0.0254945247649001
2.011,0.581875000000007,0.674997925768931,1.08789841776,5.20295694136005,0.65139907208927,1.09020638239396,-703.710916530449,0.0235988536796563,0.648871562307935,1.07634300433424,-390.310533829212,0.0261263634609883
2.012,0.641874999999992,0.737534306199875,1.09286161392,5.61397379511994,0.714000357286042,1.09499070293333,-750.908561826395,0.0235339489138321,0.710596550056263,1.07826552958875,-447.540086997391,0.0269377561436182
2.013,0.701874999999994,0.800070686630837,1.09782481008,6.02499064887996,0.776887990852532,1.10020182611259,-788.779765682224,0.0231826957783056,0.772446688473986,1.08071158681826,-495.025198713495,0.0276239981568483
2.014,0.761875000000014,0.863410372546098,1.10383606488,6.42619651960009,0.840083949744481,1.10575328712639,-841.200787763033,0.0233264228016119,0.834449382235982,1.08359071568686,-557.735036617021,0.0289609903101086
2.015,0.821874999999999,0.926767150067369,1.1098696188,6.82719364599999,0.90361155352959,1.11177841677876,-883.647926209222,0.0231555965377684,0.896633437926934,1.08704231241442,-609.959004167938,0.0301337121404317
2.016,0.881875000000001,0.990490738194319,1.11629477064,7.22289705448001,0.967495291666235,1.11818472115388,-925.775050925865,0.0229954465280807,0.959028866456944,1.09096901966852,-661.944077412651,0.0314618717373672
2.017,0.941875000000003,1.0548256773307,1.12337258568,7.60977759976002,1.03175690258851,1.12496866530461,-973.320156188271,0.0230687747421984,1.02166280559394,1.09536790320023,-719.761254471277,0.033162871736765
2.018,1.00187499999999,1.11916061646707,1.13045040072,7.99665814503992,1.09641943465906,1.13217950931032,-1010.6778857063,0.0227411818080091,1.0845638251919,1.10029188649141,-766.743142409788,0.0345967912751649
2.019,1.06187500000001,1.18436754277624,1.13830483392,8.36863310120005,1.16150464349096,1.13972286761939,-1057.25511041641,0.0228628992852642,1.14775913217906,1.10564047097752,-823.97872075135,0.0366084105971872
2.02,1.12187500000001,1.24983370851513,1.1463901536,8.73617666600006,1.22703399588095,1.14768304419041,-1098.83650328097,0.0227997126341891,1.21127573802642,1.11150733247841,-875.914942777935,0.0385579704887226
2.021,1.18187499999999,1.31551284110802,1.15463499712,9.09941348263997,1.29303003854339,1.1560134313021,-1134.50308807864,0.0224828025646205,1.27514191810441,1.11784291358663,-921.625932730678,0.0403709230036197
2.022,1.24187500000001,1.38225680797096,1.16367745984,9.44111655848008,1.35951240763061,1.1646590388939,-1180.28182088128,0.0227444003403454,1.33938286652935,1.12458921565169,-979.020065472911,0.0428739414415995
2.023,1.30187500000002,1.44900077483389,1.17271992256,9.7828196343201,1.42650181511225,1.17371241013573,-1215.39916649839,0.022498959721641,1.40402517685685,1.13185308696978,-1024.69845752606,0.0449755979770272
2.024,1.361875,1.51654101130519,1.1822629264,10.10552225072,1.49401879609663,1.1830748282318,-1253.68740688211,0.0225222152085651,1.46909539283096,1.13952594049422,-1074.67961085167,0.0474456184742221
2.025,1.42187499999999,1.58470056858301,1.19219524,10.4134467319999,1.56208187966405,1.19277498639136,-1291.78586931567,0.0226186889189523,1.53461806328374,1.14764672770629,-1124.92621198942,0.0500825052992671
2.026,1.48187499999999,1.65286012586085,1.2021275536,10.7213712132799,1.63071035187966,1.20281061516015,-1320.00128492263,0.0221497739811855,1.60061890299643,1.15621719642865,-1164.02288687422,0.0522412228644212
2.027,1.54187500000001,1.7224972438437,1.2128283432,10.98780768,1.69992081411558,1.21309027052794,-1359.24517863743,0.0225764297281082,1.66712071817284,1.16513407033343,-1217.5432104063,0.0553765256708643
2.028,1.60187499999999,1.79219860359628,1.2235625448,11.25244032,1.76973014390237,1.22371503625209,-1389.04052908798,0.0224684596939259,1.73414714249135,1.17452951006015,-1260.12327807343,0.0580514611049347
2.029,1.66187499999999,1.86248541510754,1.23454082016,11.49776844,1.84015560901895,1.23459745081351,-1416.27910167825,0.022329806088579,1.80172269108319,1.18430212347783,-1300.73706209041,0.0607627240243497
2.03,1.72187500000001,1.93383981511988,1.2459641712,11.7078942000001,1.91121128634973,1.24571359250019,-1446.52654825634,0.0226285287701504,1.86986843942601,1.19443323615767,-1346.53749143672,0.0639713756938601
2.031,1.781875,2.00519421513218,1.25738752224,11.91801996,1.98291135011467,1.25709078067577,-1467.55027603625,0.0222828650175067,1.9386062790909,1.20497000956284,-1381.07400537836,0.0665879360412746
2.032,1.841875,2.07785757160494,1.26922127328,12.0774968592,2.05526831457553,1.26864375250526,-1491.90537685458,0.0225892570294091,2.00795646598813,1.2158081868975,-1422.66842254239,0.0699011056168178
2.033,1.901875,2.15095724689785,1.28119182432,12.2200908048,2.12829312160688,1.28040288415594,-1511.5223070186,0.0226641252909781,2.0779381160923,1.2270122336952,-1458.94630280483,0.0730191308055522
2.034,1.96187499999999,2.22432143489485,1.29321652904,12.3506604192,2.20199632534698,1.29232426491006,-1524.90993765778,0.0223251095478513,2.14857077470375,1.23853267071878,-1487.91463468674,0.0757506601911032
2.035,2.02187500000001,2.29923491158736,1.3055584196,12.410801808,2.27638557298232,1.30435033372591,-1540.69089993198,0.0228493386050492,2.2198706290892,1.25030175971828,-1524.65142853249,0.0793642824981638
2.036,2.08187500000001,2.37414838827986,1.31790031016,12.4709431968,2.35146748883628,1.316502946988,-1549.14835298843,0.0226808994435723,2.29185396237661,1.26239058513322,-1550.88414437946,0.0822944259032502
2.037,2.141875,2.45006567667032,1.33032703352,12.4772828064,2.42724738756407,1.32871453226767,-1554.48648993511,0.0228182891062595,2.36453631145455,1.27470201385455,-1577.08553841137,0.085529365215766
2.038,2.20187500000002,2.5268323441899,1.34282553848,12.4380978336,2.50372782326602,1.34095630045005,-1556.69231325393,0.0231045209238739,2.43793041241325,1.28723541268646,-1601.79297003044,0.088901931776648
2.039,2.26187500000002,2.60359901170946,1.35532404344,12.3989128608,2.58090969840041,1.35319938746629,-1553.61513779939,0.0226893133090581,2.51204857959722,1.29997669312108,-1617.57331550446,0.0915504321122365
2.04,2.321875,2.68210686359092,1.3677268856,12.248937384,2.65879169608203,1.36539518768348,-1545.48982557869,0.0233151675089018,2.58690036168604,1.31284340374938,-1637.19167683266,0.0952065019048815
2.041,2.38187499999999,2.76073079442985,1.38012335024,12.0915758736,2.73736977858672,1.37749733153789,-1533.67965302222,0.0233610158431378,2.66249395128051,1.32587065990043,-1649.30941041089,0.0982368431493375
2.042,2.44187499999999,2.83996108292814,1.39238321584,11.8878860944001,2.81663761277497,1.38947206348181,-1516.05381396774,0.0233234701531638,2.73883656296277,1.33898920695337,-1656.52404783588,0.10112451996536
2.043,2.50187500000001,2.92040408674511,1.40436988336,11.5915397776,2.8965863713592,1.40126607687192,-1490.78955376902,0.0238177153859081,2.8159321309996,1.35215379492268,-1661.81729084216,0.1044719557455
2.044,2.56187499999999,3.00084709056203,1.41635655088,11.2951934608,2.97720369476691,1.41280937834744,-1464.72801250111,0.0236433957951216,2.89378278489295,1.3653466756163,-1660.97148450823,0.107064305669077
2.045,2.621875,3.08255223262451,1.4277804968,10.880952556,3.05847501926433,1.42409502152601,-1425.28172356616,0.0240772133601703,2.97238852642875,1.37851132592657,-1654.93843006787,0.110163706195758
2.046,2.681875,3.16472616889248,1.43899543184,10.4229222328,3.14038206586767,1.43500026609946,-1382.70649270565,0.0243441030248071,3.05174637222459,1.391600066928,-1644.54177361461,0.112979796667898
2.047,2.74187499999998,3.24709815100169,1.45006126832,9.94162329184019,3.22290223156787,1.44549691541989,-1338.85373724202,0.0241959194338273,3.13185082629463,1.40457287114152,-1629.47310207514,0.115247324707054
2.048,2.801875,3.33085645399983,1.46008341488,9.29744402655997,3.30601178701961,1.45557384958362,-1272.77834971277,0.0248446669802219,3.21269401973928,1.41738693573034,-1604.37644661655,0.118162434260547
2.049,2.861875,3.41461475699794,1.47010556144,8.65326476127995,3.38968084594304,1.46502727093412,-1212.99415551592,0.0249339110549151,3.29426422151541,1.42995024928883,-1578.04484001896,0.120350535482514
2.05,2.92187499999999,3.49908672132874,1.479253982,7.89857107800015,3.47387536948267,1.47391602489492,-1137.41063955978,0.0252113518460558,3.37654675029723,1.44225183893061,-1541.42936587154,0.122539971031493
2.051,2.98187500000001,3.58421525408568,1.48759857464,7.04220413015987,3.55855886557539,1.48209563294028,-1050.44010437226,0.0256563885102982,3.45952391160841,1.45419749874628,-1496.99476391215,0.12469134247726
2.052,3.04187500000001,3.6693437868426,1.49594316728,6.18583718231983,3.64368773347278,1.48946243366945,-973.800686853449,0.0256560533698063,3.54317326716298,1.46571584445122,-1454.70610906917,0.126170519679621
2.053,3.101875,3.75546112997898,1.50224348472,5.10990033624007,3.72921816171359,1.49611273321631,-855.366209289638,0.0262429682653948,3.62747091822752,1.47682728109576,-1387.43082710703,0.127990211751467
2.054,3.16187499999998,3.84166836496804,1.50835795896,4.01400259032035,3.81509811408923,1.50166312760529,-748.189341221711,0.0265702508788178,3.71238698320862,1.48730256241944,-1323.76586428447,0.129281381759433
2.055,3.22187499999998,3.92809416777152,1.5135805896,2.83441078632039,3.90126758657888,1.50621889169675,-633.112020885377,0.0268265811926471,3.79788599287709,1.49717588939911,-1252.49212711255,0.130208174894427
2.056,3.281875,4.01500081976668,1.51684116432,1.47069205454393,3.98766755298227,1.50970888300676,-484.823093471083,0.0273332667844046,3.88393147914585,1.50637819433998,-1159.01099260034,0.131069340620837
2.057,3.34187499999999,4.1019074717618,1.52010173904,0.106973322768284,4.07422824307133,1.51182920669803,-358.366543122589,0.0276792286904627,3.9704791720857,1.51470620927067,-1076.46885153105,0.131428299676101
2.058,3.40187499999999,4.18897105918885,1.52084677072,-1.46683830203172,4.16087699564527,1.51278284362438,-186.902595293768,0.0280940635435829,4.05748190047866,1.52226192808039,-962.36953852139,0.131489158710189
2.059,3.46187500000001,4.2760992670879,1.52055599056,-3.12715876513627,4.24753515410624,1.51215753409347,-15.5851481097665,0.0285641129816678,4.14488713208296,1.52875622184626,-846.166909303397,0.131212135004929
2.06,3.52187499999999,4.36318935495887,1.51981482,-4.82136522399981,4.33411236020986,1.50995707327823,140.175837702845,0.0290769947490186,4.23263354450384,1.53417138526799,-737.694918663803,0.130555810455024
2.061,3.581875,4.44995161058885,1.515200292,-6.80699124639989,4.42052253444888,1.50632702210778,369.923032860434,0.029429076139965,4.32066139353661,1.53858021287253,-576.430090347323,0.12929021705223
2.062,3.641875,4.53671386621882,1.510585764,-8.79261726879996,4.50666433096072,1.5005889233212,562.200026414835,0.0300495352581056,4.40889915096051,1.54149857037378,-438.660650176499,0.127814715258301
2.063,3.70187499999998,4.62293897419085,1.50338578512,-10.9548644214394,4.59242693678846,1.49309077024704,788.742821455523,0.0305120374023941,4.49726767777057,1.54314492557132,-273.789607844519,0.125671296420291
2.064,3.761875,4.70862693450503,1.49360035536,-13.2937327043201,4.67770055528885,1.48352004559576,1043.47139917896,0.0309263792161817,4.58568700717141,1.54327191532885,-86.5773645775,0.122939927333602
2.065,3.82187500000001,4.79431489481917,1.4838149256,-15.6326009872002,4.76235910022734,1.47162065265264,1254.41870676736,0.0319557945918371,4.67406426514202,1.54167635561421,71.3460596263892,0.120250629677146
2.066,3.88187499999999,4.8782878192817,1.46857315016,-18.3115159463996,4.84628079115884,1.45779898853877,1569.10713492,0.0320070281228668,4.76230855273443,1.53863037351444,308.514650361818,0.115979266547272
2.067,3.94187500000001,4.96206132097084,1.45269691592,-21.0299712168005,4.92932823334465,1.44110361446527,1845.36800421233,0.0327330876261803,4.85031594536984,1.53340716165217,519.45279104952,0.111745375600987
2.068,4.00187500000001,5.04498986410653,1.43475588328,-23.8660757896007,5.01134703092734,1.4218925182241,2125.45465271015,0.0336428331791955,4.93796870696282,1.52625141487395,736.293074023083,0.107021157143721
2.069,4.061875,5.12586636504105,1.41180034024,-26.9879000967998,5.09219214702836,1.40013440201592,2484.68871390758,0.0336742180126946,5.02515464165956,1.51711182889988,1015.99840718946,0.100711723381495
2.07,4.12187499999998,5.20674286597557,1.38884479720001,-30.109724403999,5.17169690111329,1.37510505752484,2778.84796158103,0.0350459648622767,5.11174360318831,1.50541312021894,1248.18198043667,0.0949992627872649
2.071,4.18187499999998,5.28484760244535,1.36030004944001,-33.522677879199,5.24969116202002,1.34740824343913,3163.25483989727,0.0351564404253288,5.19760160311746,1.49159645566259,1554.05803963945,0.0872459993278805
2.072,4.241875,5.36169244597661,1.32921475408,-37.0679627944002,5.32599842772735,1.31621781613475,3542.81172739799,0.0356940182492788,5.28258796312559,1.47498714719163,1858.60574766754,0.0791044828510127
2.073,4.30187499999999,5.43809337720927,1.29736008272001,-40.5510869927995,5.4004199623402,1.28158381062768,3859.81825161474,0.0376734148690665,5.36654315060893,1.45560174423494,2124.99598211957,0.0715502266003407
2.074,4.36187499999999,5.50961127315777,1.25704227536001,-43.3504433063996,5.47277510208097,1.24408702780635,4217.82509713539,0.0368361710768005,5.44931828714632,1.43379559849588,2520.7917599032,0.0602929860114469
2.075,4.42187500000001,5.58112916910629,1.21672446799999,-46.1497996200005,5.54288914294258,1.2033547020196,4504.60180370234,0.038240026163711,5.53074067568348,1.4083819311271,2845.76337483075,0.0503884934228101
2.076,4.481875,5.64950392479414,1.17291354024,-48.0479629231999,5.61059561909762,1.16004716563741,4714.37882906697,0.0389083056965249,5.61062244710358,1.38001791608541,3191.8833968561,0.0388814776905613
2.077,4.541875,5.71446222367698,1.12530574248,-48.9665686064,5.67576739027894,1.11487680730326,4856.82605243559,0.0386948333980449,5.68878911605822,1.3485135610644,3561.80646048008,0.0256731076187627
2.078,4.601875,5.77942052255981,1.07769794472,-49.8851742896,5.73831555284993,1.06846594856953,4958.73091878422,0.0411049697098887,5.76505462022114,1.31365474560833,3861.04870877766,0.014365902338688
2.079,4.66187499999998,5.838007153067,1.02799697044801,-50,5.79817977182403,1.02118950189643,5021.57447885108,0.0398273812429632,5.83924554079618,1.27609693263189,4182.32930764361,-0.00123838772919217
2.08,4.721875,5.89568354523484,0.977996970959996,-50,5.85532078612206,0.973408172963062,5054.87716810468,0.0403627591127859,5.91120154802284,1.23564155275598,4449.96733459388,-0.0155180027879841
2.081,4.78187500000001,5.95133941090547,0.927996971367995,-50,5.90971747634947,0.925394520348406,5078.8436720977,0.0416219345559898,5.9807708902788,1.19278660887095,4674.4986475414,-0.0294314793733417
2.082,4.84187499999999,6.00155539754514,0.877996971496008,-50,5.96135900230645,0.877234797058567,5120.48871023267,0.0401963952386848,6.04782755045527,1.14793240206982,4887.35642456917,-0.0462721529101421
2.083,4.90187500000001,6.05177138418484,0.827996971623991,-50,6.01023234188115,0.828766586988985,5136.18352297102,0.0415390423036942,6.11226014468471,1.10118942774057,5048.76456143665,-0.0604887604998775
2.084,4.96187500000001,6.09701379647454,0.777996971495989,-50,6.05632667323778,0.780229110367819,5167.17258594577,0.0406871232367655,6.17397409852584,1.05303395016236,5203.326467756,-0.0769603020513087
2.085,5.021875,6.13976942158924,0.727996971240002,-50,6.09963399980944,0.731481767456048,5192.38005932582,0.0401354217797907,6.23289034862159,1.00353114403625,5332.89442680098,-0.0931209270323449
2.086,5.08187499999998,6.18205877135842,0.677996971008015,-50,6.14014383026152,0.682578074170693,5197.47349592994,0.0419149410969031,6.28893834597903,0.952913042036426,5425.68820907543,-0.106879574620604
2.087,5.14187499999998,6.21735399094499,0.627996971136013,-50,6.17785251458741,0.633703321993173,5234.50121735262,0.0395014763575869,6.3420639305991,0.901519695297776,5535.98036714377,-0.124709939654105
2.088,5.201875,6.25264921053157,0.577996971263996,-50,6.21275329308652,0.58456367064444,5246.01395997398,0.0398959174450581,6.39221810677215,0.849191320392342,5608.25970233454,-0.139568896240578
2.089,5.26187499999999,6.2845250775844,0.527996971392009,-50,6.24483772465976,0.53539426852318,5261.54885406392,0.0396873529246337,6.43935736153157,0.796279084584256,5673.75174221559,-0.154832283947162
2.09,5.32187499999999,6.31235989164283,0.477996971520007,-50,6.27410304595388,0.486158157949581,5285.12631761749,0.0382568456889533,6.48345005690124,0.742846335974767,5737.94748751506,-0.171090165258414
2.091,5.38187500000001,6.34019470570127,0.42799697164799,-50,6.30054331811392,0.436781450682679,5285.15099474874,0.0396513875873467,6.52446673445957,0.688905807268867,5770.53214922893,-0.184272028758306
2.092,5.441875,6.36165712762377,0.377996971448003,-50,6.32415669937202,0.387481050282432,5313.05052047764,0.0375004282517495,6.56238665453342,0.634749107494694,5824.04817351701,-0.200729526909639
2.093,5.501875,6.38203158015722,0.327996971192001,-50,6.34494021168981,0.3380003898661,5324.85377676959,0.0370913684674087,6.59719192434965,0.580184003181721,5855.4946693972,-0.215160344192435
2.094,5.561875,6.40054093130864,0.277996971032,-50,6.36288777727567,0.288487834515527,5328.8391905084,0.0376531540329702,6.62886497884458,0.525414167018335,5873.99418282298,-0.228324047535934
2.095,5.62187499999999,6.41345497831395,0.227996971160012,-50,6.3779996305759,0.239015357819351,5354.19574096981,0.0354553477380487,6.65739750915248,0.470559028577485,5909.46982763962,-0.24394253083852
2.096,5.68187500000001,6.42636902531927,0.177996971287996,-50,6.39027243355928,0.189386283197808,5355.62535501086,0.03609659175999,6.68278015736152,0.415462539668905,5917.26175093722,-0.256411132042245
2.097,5.74187500000001,6.43446492217303,0.127996971316794,-50,6.39970352697659,0.139820981192752,5372.95098756411,0.0347613951964321,6.70500640216336,0.360379764623796,5937.74749163026,-0.270541479990341
2.098,5.80187499999999,6.43991860765336,0.0779969712912068,-50,6.40629237233389,0.0901731095863134,5387.38751941393,0.0336262353194803,6.72407368310559,0.305193899065631,5952.6235922475,-0.284155075452222
2.099,5.86187500000001,6.44506144290335,0.0279969712623901,-50,6.410035003861,0.0404693760878463,5381.86915412073,0.0350264390423422,6.73997757659459,0.249956711473402,5945.24234480564,-0.294916133691238
2.1,5.92187500000001,6.44305472285554,-0.0220030288400118,-50,6.41093348271217,-0.00910654766300063,5410.79119394509,0.0321212401433672,6.75272101053301,0.194873048998406,5970.36172430939,-0.309666287677465
2.101,5.981875,6.44104800280774,-0.0720030289423989,-50,6.40898604903787,-0.0588717114984179,5415.18578946795,0.032061953769858,6.76230420856069,0.139643667908812,5969.32825617504,-0.321256205752942
2.102,6.04187499999998,6.43577736496707,-0.122003028943986,-50,6.4041883330506,-0.1086001696087,5423.30005162933,0.0315890319164808,6.76872572094637,0.0845094002667431,5970.66133861492,-0.332948355979316
2.103,6.10187499999999,6.4263102613927,-0.172003028815988,-50,6.39654145584607,-0.158326199820797,5441.55997161754,0.029768805546638,6.77199036933629,0.0294483263810723,5981.02258089672,-0.345680107943594
2.104,6.16187500000001,6.41684315781833,-0.222003028688005,-50,6.38604288242927,-0.208143145949956,5436.9028819844,0.0308002753890458,6.77209996470655,-0.0256227262690683,5967.55299165291,-0.355256806888222
2.105,6.22187499999999,6.40115904963719,-0.272003028559992,-50,6.37269344775941,-0.25784003058799,5459.51139893663,0.0284656018777711,6.76906021662708,-0.0804844985665581,5980.61104515594,-0.367901166989907
2.106,6.28187499999999,6.38423154053468,-0.322003028431994,-50,6.35649283938272,-0.307667883410796,5467.85868872721,0.027738701151967,6.76287611504484,-0.135381369209215,5978.82154526815,-0.378644574510166
2.107,6.34187500000001,6.36559436524936,-0.37200302839201,-50,6.33743731788789,-0.357495298127799,5467.62396386921,0.0281570473614751,6.75354956376116,-0.190176686303407,5967.99425980379,-0.387955198511808
2.108,6.401875,6.34120649462189,-0.422003028647997,-50,6.31552917023789,-0.407243320883298,5490.46021932753,0.0256773243839868,6.74108875886042,-0.244787459629832,5979.89439394456,-0.399882264238541
2.109,6.461875,6.3168186239944,-0.472003028903999,-50,6.29076686113062,-0.457124327753742,5489.65338866723,0.0260517628637821,6.7254982756751,-0.299423067491696,5967.90413373734,-0.408679651680686
2.11,6.521875,6.28776799991183,-0.522003028920001,-50,6.26314900842823,-0.506920596221462,5503.82598001277,0.0246189914836128,6.7067829889602,-0.353863679767467,5970.72836408083,-0.419014989048381
2.111,6.58187499999999,6.25591972375622,-0.572003028791988,-50,6.23267651553557,-0.556770068313437,5516.67627145215,0.0232432082206585,6.68495015796542,-0.408245892013371,5972.13567972019,-0.429030434209203
2.112,6.64187500000001,6.22391602294378,-0.622003028664005,-50,6.19934668497813,-0.606660496404911,5508.57325743902,0.0245693379656632,6.66000349961564,-0.462556759134176,5952.55491474355,-0.436087476671864
2.113,6.70187500000001,6.1846073632616,-0.672003028536007,-50,6.16316269443406,-0.656399046603922,5536.40594965789,0.02144466882753,6.63195263014822,-0.516603301373159,5968.92582366016,-0.447345266886611
2.114,6.76187499999999,6.14529870357943,-0.722003028407994,-50,6.12412376788581,-0.706316562818538,5539.81633106409,0.0211749356936255,6.60080320708193,-0.570716683833704,5960.93323862896,-0.455504503502498
2.115,6.82187500000001,6.10288155076117,-0.772003028440011,-50,6.08222609604139,-0.756188082391959,5545.87349467465,0.0206554547197741,6.5665578249789,-0.624672658769149,5955.68225696853,-0.463676274217733
2.116,6.88187500000002,6.05611250755243,-0.822003028696012,-50,6.0374716146843,-0.806038027015259,5563.5067024477,0.0186408928681239,6.52922477305783,-0.678496692912167,5962.13221398498,-0.473112265505414
2.117,6.941875,6.0093434643437,-0.872003028952,-50,5.98985850802113,-0.855972929735904,5558.2711427228,0.0194849563225601,6.48880852120429,-0.732296639406815,5945.86323676677,-0.4794650568606
2.118,7.00187499999998,5.95651284164336,-0.922003028271987,-50,5.93938793938972,-0.905782266207863,5579.17856545859,0.0171249022536461,6.4453164362849,-0.785863521393989,5955.90757318751,-0.488803594641536
2.119,7.06187499999999,5.90228339290648,-0.972003027375989,-50,5.88606020737072,-0.95570674649746,5587.21169332615,0.0162231855357494,6.39875492641087,-0.839439782609153,5953.26460725871,-0.496471533504394
2.12,7.12187500000001,5.84649970081012,-1.02200302720001,-50,5.82987211297893,-1.00562774861899,5585.50740579453,0.0166275878311797,6.34912679848136,-0.892908685332889,5941.08456939668,-0.502627097671247
2.121,7.18187499999999,5.7848098839478,-1.07200302975999,-50,5.77082642174314,-1.05545569374194,5608.23243039822,0.0139834622046673,6.2964407125139,-0.946182654909073,5953.54468575835,-0.511630828566098
2.122,7.24187499999999,5.72312006708546,-1.12200303231999,-50,5.70892202270069,-1.1054154757763,5607.29956709544,0.0141980443847763,6.2407013345258,-0.999488682902941,5942.565801257,-0.51758126744032
2.123,7.30187500000001,5.65692292852951,-1.17200303256001,-50,5.64415760329389,-1.15528923780613,5620.16832876016,0.012765325235625,6.18191300672535,-1.05261108081601,5945.61336689345,-0.524990078195849
2.124,7.361875,5.58777271713984,-1.22200303128,-50,5.57653445072193,-1.20520408811212,5633.05351028994,0.0112382664178998,6.12008254536782,-1.10567917661616,5948.90631050621,-0.532309828227979
2.125,7.421875,5.51862250575016,-1.27200303,-50,5.50605020829687,-1.25516011407022,5623.78786087735,0.012572297453302,6.05521299465188,-1.15869531194906,5930.27997127719,-0.536590488901705
2.126,7.481875,5.4420119064336,-1.32200302872,-50,5.43270835674198,-1.30495346421348,5651.77939249225,0.00930354969161848,5.98731310644477,-1.21145790995129,5949.14363607665,-0.545301200011152
2.127,7.54187499999999,5.36540130711707,-1.37200302743999,-50,5.35650838994691,-1.35492715675488,5655.30161817859,0.00889291717016173,5.91638751521993,-1.26431227164277,5943.77097566269,-0.55098620810285
2.128,7.60187500000001,5.28583763757943,-1.42200302768001,-50,5.27744643220597,-1.40485579454915,5660.26478747156,0.00839120537345228,5.84243735512002,-1.31703528059782,5940.07145187416,-0.556599717540595
2.129,7.66187500000001,5.201766650336,-1.47200303024001,-50,5.19552468318945,-1.45475270411234,5678.11816041036,0.00624196714654926,5.76546970529699,-1.36964253327014,5949.4927406521,-0.563703054960979
2.13,7.72187499999999,5.11769566309259,-1.52200303279999,-50,5.11074156203259,-1.50473652449674,5673.04931969943,0.00695410106000382,5.68548773482816,-1.42225492055757,5936.22017336176,-0.567792071735566
2.131,7.78187500000001,5.02771853714881,-1.57200303232001,-50,5.0230981343634,-1.554596236625,5692.91175804253,0.00462040278541781,5.60249713095577,-1.47466365102563,5948.1044359938,-0.574778593806966
2.132,7.84187500000002,4.93618716417866,-1.62200303104001,-50,4.93259493464772,-1.60456140063223,5701.20900699484,0.00359222953094181,5.51650292296397,-1.52710048317769,5948.64579481603,-0.5803157587853
2.133,7.901875,4.84325696805972,-1.67200302976,-50,4.83922897374854,-1.6545254533256,5698.54537073379,0.00402799431118207,5.42750649153509,-1.57946101874107,5938.44491382074,-0.58424952347538
2.134,7.96187499999998,4.74426520496257,-1.72200302847999,-50,4.74300320414744,-1.70438755628369,5721.60980850049,0.0012620008151154,5.33551503598477,-1.63164654736917,5954.18680940787,-0.591249831022188
2.135,8.02187499999999,4.64527344186538,-1.77200302719999,-50,4.64391668170071,-1.75438456580966,5720.94938888759,0.00135676016467327,5.24053173820735,-1.6838960138673,5946.41436696908,-0.595258296341965
2.136,8.08187500000001,4.54192978581083,-1.82200302816001,-50,4.54196793575912,-1.80429800411042,5732.86723892294,-3.8149948291265e-05,5.14255913512453,-1.73599298722192,5951.4263435975,-0.600629349313712
2.137,8.14187499999999,4.4354776347868,-1.87200303071999,-50,4.43715843575412,-1.85424372080214,5746.10025727946,-0.00168080096730571,5.04160258770954,-1.78805532045283,5957.95512739267,-0.606124952922736
2.138,8.20187499999999,4.32902548376274,-1.92200303328,-50,4.3294859870769,-1.90423376540187,5737.11548255289,-0.000460503314164964,4.93766367938651,-1.84009702187814,5942.46314527237,-0.608638195623778
2.139,8.26187500000001,4.21526836956025,-1.97200303208001,-50,4.21895390762834,-1.95406366550498,5764.16439636912,-0.00368553806808997,4.83074939516064,-1.89191553243073,5963.19719991412,-0.615481025600393
2.14,8.321875,4.10135583060935,-2.0220030308,-50,4.10556186884104,-2.00406517927004,5768.04267956039,-0.00420603823168204,4.72086296526088,-1.94384447759467,5960.94825481053,-0.619507134651527
2.141,8.381875,3.98464564618584,-2.07200302952,-50,3.98930615246182,-2.05402487089413,5772.12916836251,-0.00466050627596541,4.60800412456673,-1.99567224259866,5959.09041504046,-0.623358478380902
2.142,8.441875,3.86327271930803,-2.12200302824,-50,3.87018909799097,-2.10394472069318,5790.39638137348,-0.00691637868294016,4.49217856270155,-2.047402582441,5971.5914750635,-0.628905843393519
2.143,8.50187499999999,3.74189979243026,-2.17200302695999,-50,3.7482092489478,-2.15395525308474,5785.66727126032,-0.00630945651754235,4.37338807294979,-2.0991677500088,5961.26968802174,-0.631488280519521
2.144,8.56187500000001,3.61477614985878,-2.22200302864001,-50,3.62336747455357,-2.20384476133806,5804.63984788534,-0.00859132469478751,4.2516366765792,-2.15075772112609,5974.81840364565,-0.636860526720427
2.145,8.62187500000001,3.4859428350541,-2.27200303120001,-50,3.49566445677618,-2.25383148855853,5813.34039942314,-0.00972162172207179,4.12692811250386,-2.20239237597188,5978.25930171591,-0.640985277449772
2.146,8.68187499999999,3.35586612226164,-2.32200303312,-50,3.36509733699701,-2.30382078142595,5809.84245913293,-0.00923121473536496,3.99926248654117,-2.25397865336491,5969.6613690706,-0.643396364279542
2.147,8.74187500000001,3.21957241953004,-2.37200303184001,-50,3.23166918337091,-2.35370040983877,5833.35878869584,-0.0120967638408594,3.86864574132812,-2.30540587104765,5988.23289135316,-0.649073321798074
2.148,8.80187500000002,3.08327871679848,-2.42200303056001,-50,3.09537915444192,-2.40371907505952,5833.07237177862,-0.0121004376434415,3.73507982245442,-2.35692423454797,5983.15245341037,-0.651801105655922
2.149,8.861875,2.9427885458581,-2.47200302928,-50,2.95622556362739,-2.45365757631354,5844.13114867588,-0.0134370177692775,3.59856574542114,-2.4083160045558,5989.56367940904,-0.655777199563042
2.15,8.92187499999999,2.79903445519971,-2.52200302799999,-50,2.81421001027872,-2.50362041363807,5857.79528334749,-0.0151755550790072,3.45910772913015,-2.4596871005993,5998.722504175,-0.660073273930456
2.151,8.98187499999999,2.65528036454127,-2.57200302671999,-50,2.66933041445281,-2.55363151860373,5849.16715505557,-0.0140500499115372,3.31670623303562,-2.51106283263178,5985.72716812639,-0.661425868494343
2.152,9.04187500000001,2.50437673545287,-2.62200302912001,-50,2.52158988812268,-2.60348572757641,5875.34276248286,-0.0172131526698017,3.17136683068438,-2.56223937518797,6007.6696238212,-0.666990095231497
2.153,9.10187499999999,2.35316225686761,-2.67200303167999,-50,2.37098824090675,-2.6535034781135,5879.64049446521,-0.0178259840391399,3.02309171772305,-2.61353846469558,6007.86430837666,-0.669929460855435
2.154,9.16187499999999,2.1993055575582,-2.72200303288,-50,2.2175218759712,-2.70348324027151,5882.90843422132,-0.0182163184130063,2.87187961002541,-2.66475983171237,6007.15544875392,-0.672574052467202
2.155,9.22187500000001,2.04063069104597,-2.77200303160001,-50,2.06119323961562,-2.75341559884392,5901.64293539501,-0.0205625485696618,2.7177351954496,-2.71589528410175,6022.03563831489,-0.67710450440364
2.156,9.281875,1.88195582453383,-2.82200303032,-50,1.9020009693845,-2.80344291967135,5897.30283472236,-0.0200451448506773,2.56065928406725,-2.76708837428389,6013.96004954343,-0.67870345953343
2.157,9.341875,1.71768566707649,-2.87200302904,-50,1.73994571011371,-2.85335276922531,5915.43094401991,-0.0222600430372088,2.40065462627385,-2.81812781975955,6028.46792570225,-0.682968959197369
2.158,9.401875,1.55155041263743,-2.92200302776,-50,1.57502826546064,-2.90335203711799,5924.57684507837,-0.0234778528232016,2.23772406632889,-2.86922162655538,6034.10537506524,-0.686173653691455
2.159,9.46187499999999,1.38432718495909,-2.97200302703999,-50,1.40724588345848,-2.95335794843518,5920.2837310459,-0.022918698499384,2.07186682986693,-2.92028810248482,6026.41221136912,-0.687539644907839
2.16,9.52187500000001,1.2107315425931,-3.02200302960001,-50,1.23660172575673,-3.00324685394073,5944.2886036686,-0.0258701831636184,1.90308799504182,-2.97120464827056,6047.12214989012,-0.692356452448723
2.161,9.58187500000001,1.03713590022717,-3.07200303216001,-50,1.06309503286509,-3.05327927647087,5944.41042339522,-0.0259591326379077,1.73138865962225,-3.02223280484473,6044.05095620015,-0.69425275939509
2.162,9.641875,0.859499213924192,-3.12200303264,-44.8000000000008,0.886723882867926,-3.10323526948758,5389.42479644257,-0.0272246689437398,1.55676870150621,-3.07315361279427,6051.1885230321,-0.697269487582007
2.163,9.70187500000002,0.678443182751266,-3.17200303136001,-35.1999999999975,0.707638955903812,-3.14800796294714,4448.65314850876,-0.0291957731525348,1.37923157592319,-3.12406115910633,6062.31546601969,-0.700788393171919
2.164,9.76187500000002,0.497387151578393,-3.22200303008001,-25.5999999999972,0.526238680990567,-3.18405615957085,3637.26236091052,-0.0288515294121655,1.19877699067787,-3.1749921665971,6051.16676031091,-0.701389839099486
2.165,9.821875,0.311085535770715,-3.2485655312,-6.99999999999932,0.342988447875367,-3.2125836862439,1605.3569589352,-0.03190291210465,1.01540947356851,-3.22574166293373,5666.34732568719,-0.704323937797796
2.166,9.88187499999999,0.124434214320715,-3.27356553247999,12.1999999999957,0.15864050480264,-3.22237346555242,-208.48822493435,-0.03420629048193,0.829237901234503,-3.27287215875251,5297.71053976128,-0.7048036869138
2.167,9.94187499999999,-0.0622171071346247,-3.28189886624,28.1999999999982,-0.0257898585000876,-3.21546069501142,-1674.52193512909,-0.0364272486345359,0.640465201324292,-3.31653814387225,4687.50494425255,-0.702682308458922
2.168,-9.99812499999999,-0.248868428600588,-3.25689886496,37.8000000000014,-0.209438067478917,-3.19507112913096,-2773.02428909119,-0.0394303611216626,0.449353389857034,-3.35452255523637,3594.6533198314,-0.698221818457628
2.169,-9.93812500000001,-0.435519750066441,-3.23189886368,47.399999999999,-0.391629423845779,-3.16460694542117,-3691.14513452683,-0.0438903262206492,0.25635495121411,-3.3823938558182,2657.75446049892,-0.691874701280541
2.17,-9.878125,-0.618091172360344,-3.1886696976,50,-0.57183468333053,-3.12574326941812,-4029.43508391318,-0.0462564890298254,0.0620077718940866,-3.40160248637827,1519.23220344913,-0.680098944254437
2.171,-9.818125,-0.799147203533217,-3.13866969888,50,-0.7497257840183,-3.08382756457852,-4141.67583699826,-0.0494214195149056,-0.133139058349853,-3.41030693879612,426.141935593509,-0.666008145183365
2.172,-9.75812500000002,-0.979270686105171,-3.08866969968001,50,-0.925187570719376,-3.04094421415304,-4226.41501580942,-0.0540831153858005,-0.328496134954524,-3.40894146884844,-506.143241342707,-0.650774551150654
2.173,-9.698125,-1.15286632847116,-3.03866969712,50,-1.09817189272421,-2.99734773247566,-4329.53731670304,-0.0546944357469405,-0.523529322899452,-3.39900109175138,-1340.72835219498,-0.629337005571707
2.174,-9.638125,-1.32646197083709,-2.98866969456,50,-1.26863307722143,-2.95287010017665,-4398.915060012,-0.0578288936156489,-0.717773446844049,-3.38139793921897,-2040.50757744876,-0.608688523993041
2.175,-9.57812500000001,-1.49617199449106,-2.93866969400001,50,-1.43652957086151,-2.90782313296927,-4468.62355355695,-0.0596424236295591,-0.910825331874322,-3.35738410270065,-2652.65949063695,-0.585346662616746
2.176,-9.51812499999999,-1.66230724893017,-2.88866969527999,50,-1.60182869126519,-2.86220467042044,-4536.04996255852,-0.0604785576649757,-1.10234105262126,-3.3277756900276,-3186.00019777843,-0.559966196308907
2.177,-9.45812499999999,-1.82844250336923,-2.83866969655999,50,-1.76449832100577,-2.81603659352575,-4574.51060239794,-0.0639441823634572,-1.29202108343351,-3.2933064358885,-3623.81382396959,-0.536421419935721
2.178,-9.398125,-1.98773906887527,-2.78866969784,50,-1.92451462814114,-2.76958623926373,-4639.61370517366,-0.0632244407341403,-1.47961231162551,-3.25486272373235,-4030.40135074934,-0.508126757249754
2.179,-9.33812500000002,-2.14641393538741,-2.73866969912002,50,-2.08185443000068,-2.72260893450527,-4680.44239417994,-0.0645595053867372,-1.66489542397883,-3.21273799408367,-4362.42598829595,-0.481518511408581
2.18,-9.27812500000002,-2.30275743067245,-2.68866969920001,50,-2.23649395572248,-2.67532882063033,-4713.41105655425,-0.0662634749499688,-1.84767932901834,-3.16762393110052,-4642.91128384663,-0.455078101654115
2.181,-9.218125,-2.4539719092578,-2.63866969664,50,-2.38841794066138,-2.62781867923805,-4760.61183952479,-0.0655539685964227,-2.02780646703863,-3.11999933019593,-4899.71131992046,-0.426165442219183
2.182,-9.15812500000001,-2.60518638784306,-2.58866969408001,50,-2.53760946439964,-2.57994793136161,-4781.25368356359,-0.0675769234434204,-2.20513934879184,-3.07008598709085,-5097.05770953263,-0.400047039051215
2.183,-9.09812500000001,-2.75111642498017,-2.53866969424001,50,-2.68405488160959,-2.53196147817921,-4818.98690376544,-0.0670615433705956,-2.37956261027723,-3.01843442288316,-5282.97840184224,-0.371553814702935
2.184,-9.03812499999999,-2.89487051563865,-2.48866969551999,50,-2.82774306339023,-2.48370225837339,-4847.77248661629,-0.067127452248423,-2.55097974730959,-2.96515244823074,-5435.24921286508,-0.343890768329054
2.185,-8.97812500000001,-3.03784748255466,-2.4386696968,50,-2.96866075172178,-2.43525301299604,-4858.41150902185,-0.0691867308328758,-2.7193062854311,-2.91055216917763,-5547.99501333397,-0.318541197123565
2.186,-8.918125,-3.17414118528622,-2.38866969808,50,-3.10680185009703,-2.3867809849429,-4897.96749628487,-0.0673393351892006,-2.88447716713673,-2.85499925919273,-5671.17472160757,-0.289664018149494
2.187,-8.858125,-3.31043488801778,-2.33866969936,50,-3.24215743280426,-2.33802017345042,-4911.77469819355,-0.0682774552135321,-3.04643510302862,-2.79839920290219,-5752.64424268627,-0.263999784989159
2.188,-8.79812500000001,-3.44299839678586,-2.28866969872001,50,-3.37471775295936,-2.28920791495819,-4931.72860642961,-0.0682806438264924,-3.20513113570204,-2.74113735710498,-5826.49469066008,-0.237867261083819
2.189,-8.738125,-3.57183171159058,-2.23866969616,50,-3.50447824512132,-2.24028773951085,-4956.84515540392,-0.0673534664692712,-3.36052938488494,-2.68328484304739,-5893.65322181558,-0.211302326705656
2.19,-8.67812499999999,-3.70066502639526,-2.1886696936,50,-3.63143137022743,-2.19121231808489,-4958.29513307389,-0.0692336561678357,-3.51259779773259,-2.62490414189997,-5926.95377750118,-0.188067228662675
2.191,-8.61812500000001,-3.82281507701542,-2.13866969448001,50,-3.75557447780729,-2.14219962376758,-4989.84958457565,-0.067240599208129,-3.66131505843556,-2.56630756572701,-5981.61419386547,-0.161500018579851
2.192,-8.55812499999999,-3.94418800389326,-2.08866969575999,50,-3.8769032247214,-2.09297259817264,-5002.51964153651,-0.0672847791718474,-3.80666317823433,-2.50729893841657,-6009.90369984551,-0.13752482565894
2.193,-8.49812499999999,-4.0633849842924,-2.03866969703999,50,-3.99541031739143,-2.04370530994334,-5009.66965411033,-0.06797466690097,-3.9486255169672,-2.44812151102345,-6026.28019411296,-0.114759467325191
2.194,-8.438125,-4.1772975232433,-1.98866969832,50,-4.11109490559232,-1.99444860589511,-5035.4622910085,-0.0662026176509875,-4.08719555039762,-2.38888514489552,-6055.85641456419,-0.090101972845687
2.195,-8.37812500000002,-4.2912100621942,-1.93866969960002,50,-4.223952681822,-1.9450309574787,-5037.34667226332,-0.0672573803721924,-4.22236642527441,-2.32946849390694,-6056.90645640178,-0.0688436369197904
2.196,-8.31812500000002,-4.39999358444541,-1.88866969824001,50,-4.33398073306791,-1.89567257010978,-5057.47262297282,-0.0660128513774953,-4.35413533841769,-2.27013427834249,-6072.29606857025,-0.0458582460277165
2.197,-8.25812499999999,-4.5064457354695,-1.83866969568,50,-4.4411776443478,-1.84620552949476,-5072.0227663011,-0.0652680911217081,-4.48250323002332,-2.21075044638021,-6078.82874491062,-0.023942505446181
2.198,-8.19812500000001,-4.61227618749962,-1.78866969344001,50,-4.54553866467695,-1.79668130147408,-5069.00450850221,-0.0667375228226768,-4.60746959382347,-2.15139855873515,-6065.04992296678,-0.00480659367614979
2.199,-8.13812500000001,-4.7112679505968,-1.73866969472001,50,-4.64706515033583,-1.74726160397857,-5097.77566746742,-0.0642028002609622,-4.72904161198463,-2.09226543167781,-6080.78326901649,0.0177736613878191
2.2,-8.07812499999999,-4.81025971369401,-1.68866969599999,50,-4.74575470740347,-1.6976538123517,-5102.10603683012,-0.0645050062905499,-4.84722403060701,-2.03307921418376,-6070.20153955036,0.0369643169129904
2.201,-8.018125,-4.90567670652197,-1.63866969728,50,-4.84160300886098,-1.64808307340372,-5112.56101336535,-0.0640736976609742,-4.96202074580681,-1.97408208723791,-6064.21831991152,0.0563440392848557
2.202,-7.958125,-4.99720807949211,-1.58866969856,50,-4.93461056182015,-1.59849298331698,-5130.52706909937,-0.062597517671976,-5.07344137129204,-1.91523145145951,-6064.52057248923,0.0762332917999236
2.203,-7.898125,-5.08873945246226,-1.53866969984,50,-5.02477427877721,-1.54881447015713,-5125.67699665011,-0.0639651736850533,-5.18149263728075,-1.85646925344285,-6041.0400547503,0.0927531848184853
2.204,-7.83812500000001,-5.17374298792151,-1.48866969776001,50,-5.11209511082175,-1.4992575793592,-5150.50991968521,-0.0616478770997527,-5.28618587515731,-1.79801415759631,-6046.49871400433,0.112442887235784
2.205,-7.77812499999999,-5.25781397516497,-1.4386696952,50,-5.19657219773357,-1.44954903885009,-5158.45807061484,-0.0612417774313953,-5.38753103971687,-1.73959944748319,-6034.52016139366,0.129717064551894
2.206,-7.71812499999999,-5.33986444067821,-1.38866969367999,50,-5.27820130751857,-1.39984442359022,-5160.26628738742,-0.0616631331596284,-5.48553503885998,-1.68138548285477,-6016.01326457977,0.145670598181772
2.207,-7.65812500000001,-5.41647503999474,-1.33866969496001,50,-5.35698428314731,-1.35020021488969,-5182.54356055461,-0.0594907568474281,-5.58021108615594,-1.62343201332221,-6017.72726675703,0.163736046161201
2.208,-7.59812499999999,-5.49308563931132,-1.28866969623999,50,-5.4329191881419,-1.30042800379951,-5181.30722157173,-0.0601664511694332,-5.67156876587528,-1.5655526028474,-5995.7990896874,0.178483126563961
2.209,-7.53812499999999,-5.56472264667663,-1.23866969751999,50,-5.50600489145087,-1.25074431395516,-5197.49279824962,-0.0587177552257492,-5.75961854914749,-1.50796464468786,-5991.26590491635,0.19489590247087
2.21,-7.478125,-5.63387285806629,-1.1886696988,50,-5.57624186930701,-1.20098872652463,-5209.75457600278,-0.0576309887592764,-5.84437253738412,-1.45050765316336,-5982.86806264776,0.210499679317831
2.211,-7.41812500000002,-5.702556794798,-1.13866969984001,50,-5.64362703963335,-1.15119745189929,-5203.52453378666,-0.0589297551646557,-5.92583924717651,-1.3932169801246,-5956.11009153013,0.223282452378523
2.212,-7.35812500000001,-5.76424661166033,-1.08866969728001,50,-5.70816323300384,-1.10154067013801,-5230.64541358357,-0.0560833786564889,-6.00403303949303,-1.33626128096333,-5962.8955669354,0.239786427832699
2.213,-7.29812499999999,-5.82593642852268,-1.03866969472,50,-5.76984935933134,-1.05171134429433,-5233.48851683446,-0.0560870691913331,-6.07896425131844,-1.27933143676203,-5945.6464749207,0.25302782279575
2.214,-7.23812500000001,-5.88420690999417,-0.988669693744009,50,-5.82868193889487,-1.0019330973558,-5241.43417165774,-0.0555249710993034,-6.15064069744942,-1.22264852546578,-5933.78504519874,0.266433787455265
2.215,-7.17812500000001,-5.93843635873105,-0.938669694640007,50,-5.8846625512005,-0.952158906675643,-5258.36604665405,-0.0537738075305489,-6.21907509515895,-1.16616259783548,-5931.22925465976,0.280638736427907
2.216,-7.11812499999999,-5.99266580746794,-0.88866969553599,50,-5.93778906006116,-0.902306092741079,-5252.56962029983,-0.0548767474067783,-6.28427626943311,-1.10978773666596,-5906.2923329099,0.291610461965173
2.217,-7.058125,-6.04052282648285,-0.838669695448003,50,-5.98806295447181,-0.852583877790572,-5275.36860153527,-0.0524598720110486,-6.34625647776358,-1.05372967621136,-5910.32008502897,0.305733651280736
2.218,-6.998125,-6.0872918696916,-0.788669695192001,50,-6.03548417478153,-0.802728981645872,-5282.70059976762,-0.0518076949100716,-6.40502622348056,-0.997721450430967,-5899.26734688081,0.317734353788977
2.219,-6.938125,-6.1321958170187,-0.738669695032,50,-6.08004920129657,-0.752883906206459,-5282.76451769578,-0.0521466157221142,-6.46059233431054,-0.941901722591496,-5881.34606131152,0.328396517291849
2.22,-6.87812500000001,-6.17150447670087,-0.688669695160012,50,-6.12176051184534,-0.703115502589037,-5304.67991754144,-0.0497439648555348,-6.51296741229826,-0.886333391157413,-5885.68523884731,0.341462935597394
2.221,-6.81812499999999,-6.21081313638306,-0.638669695287996,50,-6.16061673680569,-0.653222618318643,-5303.08832848896,-0.0501963995773678,-6.56215998325296,-0.830811270203724,-5866.93278206349,0.351346846869891
2.222,-6.75812499999999,-6.24530363170434,-0.588669695415994,50,-6.19661694500483,-0.603421710638151,-5317.75994930693,-0.0486866866995079,-6.60817877883288,-0.775547731139924,-5864.8626375233,0.362875147128538
2.223,-6.69812500000001,-6.27715190785995,-0.538669695544007,50,-6.22976211588789,-0.553563015453038,-5329.86344202654,-0.0473897919720627,-6.65103420640685,-0.720388895891443,-5860.64497981312,0.373882298546896
2.224,-6.63812499999999,-6.30868933378525,-0.48866969565599,50,-6.26004961789811,-0.503670249112441,-5322.29264485633,-0.0486397158871197,-6.69073282641212,-0.66535435928853,-5837.17326341405,0.382043492626867
2.225,-6.57812499999999,-6.33307720441273,-0.438669695399988,50,-6.28748268578235,-0.453924467893639,-5349.40767637701,-0.0455945186303859,-6.72728682972808,-0.610621066008224,-5848.80562104376,0.394209625315348
2.226,-6.518125,-6.35746507504021,-0.388669695144001,50,-6.31206059282364,-0.404006334345735,-5352.20995299545,-0.0454044822165582,-6.76070421089892,-0.555865591642308,-5836.54013619685,0.403239135858725
2.227,-6.45812500000002,-6.37858903750051,-0.338669695056014,50,-6.33377987949804,-0.354139792959941,-5358.91967715415,-0.0448091580024558,-6.79098999855637,-0.501307830722252,-5828.59255240557,0.412400961055866
2.228,-6.39812500000001,-6.39551654660301,-0.288669695184012,50,-6.35264246967863,-0.304288815251035,-5375.93939387251,-0.0428740769243997,-6.81815437403857,-0.446907752102501,-5831.36002116907,0.422637827435543
2.229,-6.33812499999999,-6.41244405570552,-0.238669695311995,50,-6.36864653709961,-0.254358525163768,-5370.18607318868,-0.043797518605902,-6.84220354080854,-0.392566532891986,-5811.75334994456,0.429759485103022
2.23,-6.27812500000001,-6.42315456020124,-0.188669695440008,50,-6.38179354309335,-0.204558557576429,-5391.82444777309,-0.041361017107883,-6.86314676558986,-0.338489923946514,-5819.93048280385,0.439992205388611
2.231,-6.21812500000001,-6.43262166377561,-0.138669695568006,50,-6.39208372943093,-0.154636706892673,-5399.3120615989,-0.0405379343446877,-6.88099187496843,-0.284421904122601,-5814.34167254749,0.448370211192816
2.232,-6.15812499999999,-6.44037909612514,-0.0886696956431897,50,-6.39951384772026,-0.104723349030279,-5398.31451619069,-0.0408652484048656,-6.8957429888433,-0.230489106783774,-5800.64483333334,0.455363892718172
2.233,-6.098125,-6.44238581617294,-0.0386696955408026,50,-6.40408662054058,-0.0548965342903279,-5420.47296384114,-0.0382991956323708,-6.90740998584458,-0.176765916201593,-5810.47312542594,0.465024169671641
2.234,-6.038125,-6.44439253622075,0.0113303045615993,50,-6.40580089959758,-0.00494309339483934,-5419.06277383019,-0.0385916366231569,-6.91599866594997,-0.123035576277562,-5797.09370002428,0.471606129729213
2.235,-5.978125,-6.44173650281347,0.0613303046160012,50,-6.40465564713365,0.0449199459191605,-5432.69735416244,-0.0370808556798199,-6.92151473648943,-0.0695116090941078,-5799.11158837489,0.479778233675971
2.236,-5.91812500000001,-6.43628281733314,0.111330304641588,50,-6.40065207355518,0.0948311356612803,-5445.06702424685,-0.0356307437779746,-6.92396595446115,-0.0160520394869629,-5800.20863205206,0.487683137128006
2.237,-5.85812499999999,-6.43067370765437,0.161330304664005,50,-6.39378775556441,0.144778764024076,-5436.5338169944,-0.0368859520899561,-6.9233562494133,0.0373347605891208,-5780.73833417249,0.492682541758931
2.238,-5.79812499999999,-6.41775966064905,0.211330304536007,50,-6.38406611617481,0.194570468056188,-5463.98050227745,-0.0336935444742403,-6.91969520824219,0.0904596843845946,-5797.57492459342,0.501935547593135
2.239,-5.73812500000001,-6.40484561364375,0.261330304407994,50,-6.37148659938719,0.244537504451653,-5467.04393424019,-0.0333590142565668,-6.91298825466031,0.143657161180058,-5790.34674256323,0.508142641016548
2.24,-5.67812499999999,-6.38882306433504,0.311330304440011,50,-6.35604559364714,0.294455275514763,-5472.78861904647,-0.0327774706879074,-6.90323757743413,0.196705682611811,-5786.10983425538,0.514414513099083
2.241,-5.61812499999998,-6.36844861180159,0.361330304696013,50,-6.33774521279012,0.344348525132943,-5490.13976220922,-0.0307033990114539,-6.89045091608125,0.249632999278912,-5793.7810250714,0.522002304279667
2.242,-5.558125,-6.34807415926814,0.411330304952,50,-6.31658380169763,0.394324070731311,-5484.64887764447,-0.0314903575705133,-6.87463207123554,0.302548853560687,-5778.90354949796,0.526557911967382
2.243,-5.49812500000002,-6.32163816299565,0.461330304895987,50,-6.29256266906981,0.444171638096007,-5505.32434066015,-0.0290754939258469,-6.85578764207405,0.355245815493049,-5790.47762129134,0.534149479078388
2.244,-5.43812500000001,-6.29380334893722,0.511330304767989,50,-6.26568224541866,0.494132155991031,-5513.1463831129,-0.0281211035185548,-6.8339231888995,0.407967578594915,-5789.47544270882,0.540119839962283
2.245,-5.37812499999999,-6.26441428372709,0.561330304640005,50,-6.23593945182603,0.544087197873884,-5511.2496034126,-0.0284748319010681,-6.80904060641475,0.460598402921014,-5779.02372589616,0.544626322687667
2.246,-5.31812500000001,-6.22911906414053,0.611330304511992,50,-6.20333716329961,0.593947359068576,-5533.79875063826,-0.0257819008409271,-6.78114759151561,0.513051493674731,-5793.27948606096,0.552028527375069
2.247,-5.25812500000001,-6.19382384455396,0.661330304383994,50,-6.16787436890646,0.643937689167891,-5532.70458032898,-0.0259494756475103,-6.75024780777642,0.565554435131296,-5784.14590432363,0.556423963222456
2.248,-5.19812499999999,-6.15402129662746,0.711330304488011,50,-6.12954984774439,0.693840467888708,-5545.42508738599,-0.0244714488830745,-6.71634456568454,0.61789196807662,-5789.07356595634,0.56232326905708
2.249,-5.138125,-6.11126567151277,0.761330304743998,50,-6.08836497124578,0.743782925967431,-5558.17360676263,-0.0229007002669888,-6.67944362911519,0.6701937123329,-5794.26856493763,0.568177957602429
2.25,-5.078125,-6.06851004639806,0.811330305,50,-6.04431746032986,0.793765259614398,-5548.78157833154,-0.0241925860682003,-6.63954697656044,0.72246218287621,-5777.55527141954,0.571036930162392
2.251,-5.018125,-6.01829405975837,0.861330304872002,50,-5.99741086744126,0.843583713982646,-5576.65572235254,-0.020883192317103,-6.59666228714853,0.774495874989812,-5798.33350871764,0.578368227390169
2.252,-4.95812500000001,-5.9680780731187,0.911330304743989,50,-5.94764475299984,0.893581391871616,-5580.06883257773,-0.0204333201188654,-6.55079312097762,0.82664007466378,-5794.8693470204,0.582715047858913
2.253,-4.89812499999999,-5.91490900929078,0.961330304464006,49.6363852503999,-5.89501530317694,0.94353297397393,-5545.40699517155,-0.0198937061138335,-6.50193954067878,0.878671580540639,-5793.06566448248,0.587030531387994
2.254,-4.83812499999999,-5.85723261712295,1.01133030395201,48.7177795671999,-5.83953519207524,0.993088242219849,-5469.51110222163,-0.017697425047701,-6.45010756049002,0.93060584370404,-5804.36460798489,0.592874943367077
2.255,-4.77812500000001,-5.79955622495514,1.06133030343999,47.7991738840001,-5.7812379768799,1.04186845758485,-5385.52323671972,-0.0183182480752393,-6.39529929435463,0.982563559039759,-5792.9468554481,0.5957430693995
2.256,-4.71812499999999,-5.73611498997125,1.10943647656001,45.3916406183994,-5.7201701631593,1.08980037525341,-5144.56654295385,-0.0159448268119483,-6.3375193868292,1.03433569659337,-5773.7454530088,0.601404396857952
2.257,-4.65812499999998,-5.67115669108841,1.15704427432001,42.5922843047993,-5.65642168791952,1.13544119686694,-4882.44693380396,-0.0147350031688956,-6.27678051396031,1.08585093443133,-5739.66812778176,0.605623822871894
2.258,-4.598125,-5.60496846775578,1.20328519888,39.6530663784,-5.59012929727101,1.1785997748028,-4614.03053675512,-0.0148391704847776,-6.21310130431692,1.13697281225856,-5676.38816891041,0.608132836561126
2.259,-4.53812500000002,-5.5334505718073,1.24360300623999,36.1077814632009,-5.5214367626632,1.21922202609,-4244.74302549925,-0.0120138091440976,-6.14651197496384,1.18743327555353,-5542.75308779616,0.613061403156531
2.26,-4.47812500000001,-5.4619326758588,1.28392081359999,32.5624965480008,-5.45051587793485,1.25638386778415,-3916.94691338067,-0.0114167979239462,-6.07706893562992,1.23658608238415,-5409.70988119375,0.615136259771133
2.261,-4.41812499999999,-5.38730739382035,1.31885298896,29.2642303207996,-5.37755382079674,1.29047238439219,-3585.10428973608,-0.00975357302360604,-6.00484689545135,1.28443870486343,-5210.41234395816,0.617539501631004
2.262,-4.35812500000001,-5.31046255028913,1.34993828432,26.1424060136004,-5.30272760983771,1.32145511166195,-3262.64055852286,-0.00773494045141615,-5.92993775380054,1.33038361843531,-4974.99138560502,0.619475203511427
2.263,-4.29812500000001,-5.23361770675788,1.38102357968,23.0205817064003,-5.22621258386231,1.34942314937729,-2978.2177442505,-0.00740512289558252,-5.85246025034613,1.3740914445743,-4757.93545021901,0.618842543588258
2.264,-4.23812499999999,-5.15282519868588,1.40414849256001,20.2937229143994,-5.14817131190725,1.37473114674286,-2665.73491870313,-0.00465388677862005,-5.77253762112406,1.41573460897723,-4452.98257608399,0.619712422438162
2.265,-4.178125,-5.07194869775137,1.4271040356,17.5752676440001,-5.06876348045387,1.39712507471748,-2390.71207907791,-0.00318521729747901,-5.69031123702688,1.45450766003329,-4176.80792857404,0.618362539275513
2.266,-4.118125,-4.98998582153386,1.44740483784,14.99915749392,-4.98814605100665,1.41695408197918,-2128.72658738698,-0.00183977052720177,-5.60593783118466,1.49067980610312,-3891.77288359912,0.615952009650806
2.267,-4.058125,-4.90621231984474,1.46328107208,12.6602892110399,-4.90646243267282,1.43434208775607,-1864.74796226212,0.000250112828087049,-5.51956864423638,1.52417356293277,-3575.97843928164,0.613356324391643
2.268,-3.99812500000001,-4.82243881815566,1.47915730632,10.3214209281605,-4.82385290145589,1.44927453877286,-1635.12739485532,0.00141408330024696,-5.4313651246149,1.55471009555161,-3296.16695819878,0.608926306459258
2.269,-3.93812499999999,-4.73718958794306,1.49033854544,8.25484355439974,-4.74044898581314,1.46207133527043,-1397.16565688844,0.0032593978700742,-5.34148709378245,1.58262503091894,-2979.99004907497,0.604297505839393
2.27,-3.87812499999999,-4.65150162762891,1.5001239752,6.26921753199967,-4.65637515330672,1.47265904874414,-1179.94833449011,0.00487352567780951,-5.25009422628063,1.6075878705725,-2681.9190461044,0.598592598651705
2.271,-3.81812500000001,-4.56563461809549,1.509047588,4.33780910281615,-4.57175240956755,1.48123195189589,-985.243601317756,0.00611779147206502,-5.15735076164579,1.62976976459727,-2407.34114417713,0.591716143550295
2.272,-3.75812499999999,-4.47887236246549,1.513662116,2.6774886397116,-4.48669017182628,1.48800028350258,-781.297192329422,0.00781780936080669,-5.0634097209843,1.64939115998858,-2101.08453972754,0.584537358518806
2.273,-3.69812499999998,-4.39211010683551,1.518276644,1.01716817660754,-4.40129419002717,1.49288181723258,-606.583633560364,0.00918408319166127,-4.96842604562172,1.66616458145609,-1834.91106632561,0.576315938786207
2.274,-3.638125,-4.30514200305422,1.52045906384,-0.476313812624029,-4.31566478131642,1.49614841984463,-436.052932170981,0.0105227782621916,-4.87255222164848,1.68046320816503,-1564.32330831647,0.567410218594259
2.275,-3.57812500000001,-4.21801379515523,1.520749844,-1.84003254439968,-4.22989330028516,1.49784107676984,-274.418558713486,0.0118795051299432,-4.77593109789948,1.69225026462888,-1299.75879802915,0.557917302744251
2.276,-3.51812500000001,-4.13088558725621,1.52104062416,-3.20375127617573,-4.14406751276721,1.49804407384101,-137.432963783281,0.0131819255109883,-4.67870487773467,1.70158505766058,-1071.90311808845,0.547819290478475
2.277,-3.45812499999999,-4.04396970376505,1.51792802256,-4.31080822984015,-4.05826620739138,1.49698648879336,9.10532416575978,0.0142965036263448,-4.58100428160729,1.70880910950762,-817.154951072745,0.537034577842253
2.278,-3.39812500000001,-3.95706305176993,1.51466744784,-5.40670597575987,-3.97256407193103,1.49458239075341,133.596673357759,0.0155010201610989,-4.48295724015266,1.71367828093775,-596.859378350774,0.525894188382718
2.279,-3.33812500000001,-3.87040410996444,1.51039611704,-6.41776989735993,-3.88703238540269,1.49103669865285,247.245721517095,0.0166282754382478,-4.38468949316735,1.71651318588312,-390.266119215553,0.514285383202913
2.28,-3.27812499999999,-3.78419687497532,1.5042816428,-7.27413684520021,-3.80173364803315,1.48645093113198,359.228174060927,0.0175367730578362,-4.2863138938155,1.71744303874179,-180.517453496127,0.502117018840175
2.281,-3.218125,-3.69798963998626,1.49816716856,-8.13050379303999,-3.7167269663217,1.48084203298736,451.811143648927,0.0187373263354363,-4.18794034058989,1.7164417626039,-3.26572350423726,0.48995070060363
2.282,-3.158125,-3.6125914316713,1.49038010552,-8.82772997896002,-3.63206580296456,1.47439006531466,544.525044262247,0.0194743712932517,-4.08967082836999,1.71381132252811,180.003825527952,0.477079396698701
2.283,-3.098125,-3.52746289891438,1.48203551288,-9.47190924424004,-3.54779845935991,1.46709513030621,625.740827484112,0.0203355604455152,-3.99160021509173,1.70949887978333,344.890564205765,0.464137316177357
2.284,-3.03812500000001,-3.44253419133065,1.47344627696,-10.0889417887999,-3.46397016609651,1.45906431724139,693.949115589111,0.0214359747658634,-3.89381995273687,1.70367616332897,487.810453318613,0.451285761406231
2.285,-2.97812499999999,-3.35877588833252,1.4634241304,-10.5469721120001,-3.38061962494208,1.45041843568624,763.825572070158,0.0218437366095522,-3.7964107169566,1.69654760910528,638.863066270151,0.437634828624091
2.286,-2.91812499999999,-3.27501758533441,1.45340198384,-11.0050024352001,-3.29778248907702,1.44114309184788,819.263918459427,0.0227649037426149,-3.69944941222458,1.68804042010148,763.367546430613,0.424431826890162
2.287,-2.858125,-3.19211748098181,1.44273374352,-11.3754539216,-3.215490990766,1.43137209200569,870.057406331946,0.0233735097841924,-3.60300797023654,1.67840097602316,882.232322306964,0.410890489254735
2.288,-2.79812499999998,-3.10994354471382,1.43151880848,-11.6718002384001,-3.13377228279525,1.42114893712483,915.536479414744,0.023828738081423,-3.50714972774892,1.6676829171451,993.222470950115,0.397206183035091
2.289,-2.73812499999998,-3.02776960844585,1.42030387344,-11.9681465552001,-3.05265085099231,1.41052322066167,949.764878186274,0.0248812425464651,-3.41193436150103,1.65596036189079,1082.49540019213,0.384164753055178
2.29,-2.678125,-2.94721842135074,1.4083654392,-12.134194616,-2.9721467773271,1.39959907279033,984.520525083858,0.0249283559763756,-3.31741365648882,1.64343466564809,1177.38944086849,0.370195235138087
2.291,-2.61812500000001,-2.86677541753382,1.39637877168,-12.2915561264,-2.89227728636999,1.38837210539673,1010.10183020897,0.0255018688361627,-3.22363507514183,1.63005535906034,1253.98246811147,0.356859657608026
2.292,-2.55812500000001,-2.7869387713762,1.38425550512,-12.4095254576,-2.81305729696018,1.37692719179545,1029.70953695945,0.0261185255839811,-3.13064266440047,1.61599213454718,1320.02098941464,0.343703893024276
2.293,-2.49812499999999,-2.70831484053723,1.37185904048,-12.4487104304,-2.73449771241274,1.36531962690814,1046.75546792998,0.0261828718755218,-3.03847279775477,1.60134315363601,1383.72857524261,0.330157957217538
2.294,-2.43812500000001,-2.6296909096983,1.35946257584,-12.4878954032,-2.65660716955434,1.35357323118147,1056.44843220546,0.026916259856042,-2.94715839622138,1.58613076885565,1431.5436949582,0.317467486523078
2.295,-2.378125,-2.55242123336307,1.3469917068,-12.454654904,-2.57939167868926,1.34175586709685,1063.4208952257,0.0269704453262052,-2.85672752681897,1.5705020641703,1477.13822726143,0.304306293455898
2.296,-2.31812499999998,-2.47565456584349,1.33449320184,-12.3945135152,-2.5028545858367,1.32989267326677,1065.84790432432,0.0272000199932164,-2.76720343917535,1.55447811428003,1513.52126266506,0.291548873331865
2.297,-2.25812500000002,-2.39911954717736,1.32201427368,-12.3240655568,-2.42699731681011,1.31802553890343,1063.39774734374,0.0278777696327596,-2.67860633383455,1.53814427758638,1539.14769932097,0.279486786657185
2.298,-2.198125,-2.32420607048485,1.30967238312,-12.1814716112,-2.3518188117817,1.30619934004256,1058.56005997864,0.0276127412968626,-2.59095111722678,1.52159999512237,1564.02688460788,0.266745046741928
2.299,-2.138125,-2.24929259379235,1.29733049256,-12.0388776656,-2.27731609787873,1.2944359785137,1049.71084359251,0.0280235040863839,-2.50424964071581,1.50485246779154,1578.33441298242,0.254957046923453
2.3,-2.07812500000001,-2.17532380532883,1.285182008,-11.8611109,-2.2034845202966,1.28277226298595,1037.51309862263,0.0281607149677769,-2.4185107540777,1.48799926986702,1587.47721020533,0.243186948748864
2.301,-2.01812499999999,-2.1022241300359,1.27321145696,-11.65098514,-2.13031749162454,1.27123884547099,1022.53108027956,0.0280933615886509,-2.33373914587968,1.47108808066484,1591.91550997702,0.23151501584379
2.302,-1.95812499999999,-2.02912445474298,1.26124090592,-11.44085938,-2.05780681829741,1.25986113932194,1005.24544308068,0.0286823635544253,-2.24993689628207,1.45416227144802,1588.8376836223,0.220812441539095
2.303,-1.898125,-1.95762461512397,1.24977195488,-11.18076898,-1.98594297848222,1.24866009647965,984.210975290819,0.0283183633582598,-2.1671028613462,1.43729101323795,1582.97766902207,0.209478246222218
2.304,-1.83812500000002,-1.88627021511167,1.23834860384,-10.9161363400001,-1.91471486991772,1.23766993235743,961.785572353246,0.0284446548060364,-2.08523318467674,1.42049981761243,1571.55540151054,0.198962969565078
2.305,-1.77812500000002,-1.81543239018051,1.227140612,-10.6379749996001,-1.84411005291148,1.22690311669663,937.223661221016,0.0286776627309662,-2.00432181658999,1.40383973320123,1555.40306886927,0.188889426409483
2.306,-1.718125,-1.74573103042789,1.2164064104,-10.33005051832,-1.77411517735756,1.21637895918251,909.487927413774,0.0283841469296624,-1.92436000412988,1.38735407338117,1535.61723304792,0.178628973701991
2.307,-1.65812500000001,-1.6760296706753,1.2056722088,-10.0221260370401,-1.70471551424878,1.20612628286357,881.854396792105,0.0286858435734695,-1.84533680360045,1.37107599602339,1512.2833176722,0.169307132925148
2.308,-1.59812500000001,-1.60742042100898,1.1955060112,-9.69027505128006,-1.63589554785008,1.19614372667465,850.452867579012,0.0284751268411045,-1.76723939548633,1.35503782170697,1484.67813150473,0.159818974477333
2.309,-1.53812499999999,-1.53926086373112,1.1855736976,-9.34857197543995,-1.56763882031662,1.18646553751657,818.314381735531,0.0283779565855017,-1.69005291926983,1.33927847427348,1454.36957499711,0.150792055538711
2.31,-1.47812500000001,-1.47124876378818,1.1757340768,-9.00417718200004,-1.49992771198456,1.17709802362146,786.563557428584,0.0286789481963886,-1.61376069922656,1.32382239254838,1422.00184196752,0.142511935438379
2.311,-1.418125,-1.40450479692526,1.16669161408,-8.63663361720002,-1.43274453844014,1.1680371369565,749.597341983708,0.0282397415148816,-1.53834483025989,1.30868805089383,1384.57595435199,0.133840033334641
2.312,-1.358125,-1.33776083006233,1.15764915136,-8.26909005240001,-1.36607037028117,1.15933038384797,714.770097876098,0.0283095402188449,-1.46378555917809,1.29392148563491,1346.91155685156,0.12602472911577
2.313,-1.29812500000002,-1.27165576376144,1.14908526016,-7.89187799736011,-1.29988549662308,1.15095753685254,677.580708548961,0.0282297328616469,-1.39006176741492,1.27952432100914,1305.93655868634,0.118406003653491
2.314,-1.238125,-1.20618959802252,1.14099994048,-7.50499745207998,-1.23417017831328,1.14293981015177,638.534040749669,0.0279805802907519,-1.31715143373224,1.26552644197166,1262.31878472295,0.110961835709726
2.315,-1.17812499999999,-1.14072343228363,1.1329146208,-7.11811690679996,-1.16890359472111,1.13529374027114,602.373117331772,0.0281801624374694,-1.24503100194947,1.25195154316716,1219.8912512311,0.104307569665843
2.316,-1.11812500000001,-1.07627065704284,1.12573185736,-6.71859025760006,-1.10406522855096,1.12799220229427,559.840463024796,0.0277945715081233,-1.17367656956701,1.23878801876392,1171.05747958529,0.097405912524178
2.317,-1.05812499999999,-1.01193571790643,1.11865404232,-6.31759313119993,-1.0396336755404,1.12109328212088,519.98743735195,0.0276979576339735,-1.10306289640276,1.22609416852265,1123.68645392353,0.0911271784963396
2.318,-0.998124999999987,-0.947886075907786,1.11188080344,-5.91367358431991,-0.975586591510949,1.11457170310996,480.296872933087,0.0277005156031674,-1.0331634784872,1.21385580718535,1075.63658240285,0.0852774025794171
2.319,-0.938125000000003,-0.884529298386515,1.10584724952,-5.50265673056002,-0.911902415980488,1.10842538573915,436.179941234788,0.027373117593979,-0.963952059537145,1.2020784741261,1022.93619697141,0.0794227611506265
2.32,-0.878125000000018,-0.821172520865244,1.0998136956,-5.09163987680013,-0.848558498088076,1.1026944709319,396.498138549575,0.0273859772228448,-0.895401019357451,1.19080423947907,973.745066995996,0.074228498492199
2.321,-0.818125000000016,-0.758379766343554,1.09451601264,-4.67589245456011,-0.785532224390856,1.0973375116273,352.062573789652,0.0271524580473116,-0.827482479773543,1.18000003829151,919.568966313734,0.0691027134299988
2.322,-0.758124999999996,-0.695843385912573,1.08955281648,-4.25799477391997,-0.722800932517687,1.09239766280541,308.493456519532,0.0269575466051163,-0.760168216881637,1.16971100374208,865.822620958093,0.0643248309690639
2.323,-0.698125000000012,-0.633361952152517,1.0846803096,-3.83971958480008,-0.660340970681198,1.08786630662808,268.605876822485,0.0269790185286768,-0.693428849949766,1.15993238357346,815.23641712318,0.0600668977972585
2.324,-0.638125000000009,-0.571484931772207,1.0808053848,-3.41729180240007,-0.598129922423893,1.08370893978604,220.444357089114,0.0266449906516772,-0.627235989941414,1.15063431334139,756.388032728471,0.0557510581692045
2.325,-0.578124999999989,-0.509607911391879,1.07693046,-2.99486401999992,-0.536144195657502,1.08000110284415,178.154012591034,0.0265362842656275,-0.561559947126673,1.14189206025461,703.012348849118,0.0519520357347841
2.326,-0.518125000000005,-0.447968604737823,1.07358265472,-2.57109705616003,-0.474359601587395,1.07668808421891,133.767157433285,0.026390996849574,-0.496370342597722,1.1336544139518,647.392559374707,0.0484017378598931
2.327,-0.458125000000003,-0.386587682568788,1.07080780544,-2.14587446032002,-0.412752983764379,1.07378855983998,87.1429988141903,0.0261653011956016,-0.431637695464415,1.12594123806393,589.467939798576,0.0450500128956394
2.328,-0.398125,-0.325206760399753,1.06803295616,-1.72065186448,-0.35130007940917,1.07132247198314,46.6563870516291,0.0260933190094256,-0.367331371611831,1.11877292409878,537.510460853111,0.0421246112120776
2.329,-0.338125000000016,-0.264115827571958,1.06622704016,-1.29411652504011,-0.289977691300225,1.06923268339069,-2.74496556012991,0.0258618637282668,-0.303421749648633,1.11209372982658,476.682170182334,0.0393059220766662
2.33,-0.278124999999996,-0.203066321792872,1.0645595432,-0.86739365079997,-0.228761926212819,1.06760062641459,-47.284836533036,0.0256956044199388,-0.239878488803388,1.10598450857967,420.675602646677,0.0368121670105064
2.331,-0.218124999999993,-0.142061747217421,1.0631930108,-0.440543311559954,-0.167627859677352,1.06638086593975,-90.2417153187751,0.0255661124599326,-0.176670228152696,1.10040001704702,366.257239201746,0.0346084809352865
2.332,-0.158125000000009,-0.0811781412671104,1.0626367676,-0.0133497973200637,-0.106552304366452,1.06555819937847,-139.717408145857,0.0253741630993544,-0.113767344786764,1.09532483041995,305.393249655234,0.0325892035196548
2.333,-0.0981249999999889,-0.0202945353167641,1.0620805244,0.413843716920079,-0.0455108080050033,1.06519198432438,-181.771029726093,0.0252162726882271,-0.0511389814863185,1.09081745903597,252.021004083019,0.0308444461695614
2.334,-0.0381249999999866,0.0405890706335642,1.0622659388,0.840723471160095,0.0155208057180863,1.06521323022216,-229.822254653133,0.0250682649154858,0.011245395423785,1.0868080987369,192.720719157848,0.0293436752097706
2.335,0.0218749999999979,0.101472676583875,1.062822182,1.26744634539998,0.0765663002070311,1.06567651445812,-276.554576829093,0.0249063763768498,0.0734158601605884,1.0833505155676,134.859637665786,0.0280568164232943
2.336,0.0818749999999824,0.162366651273481,1.06344787856,1.69407545223988,0.137650635153839,1.06656901796754,-317.011905520965,0.0247160161196314,0.135403623406322,1.08043061360195,83.4261162038892,0.0269630278671546
2.337,0.141874999999985,0.223416157052549,1.06511537552,2.11929804807989,0.198796730111255,1.06783234552048,-369.305460696313,0.0246194269412929,0.197237774097871,1.07798842588179,20.1860793732904,0.0261783829546864
2.338,0.201875000000005,0.284465662831635,1.06678287248,2.54452064392003,0.260028934828545,1.06957481562333,-412.894012498062,0.0244367280030971,0.258948773764891,1.07613183189144,-34.1279071601921,0.025516889066738
2.339,0.261874999999989,0.345667067789419,1.06895790592,2.96846228359992,0.321372386579859,1.0717155995741,-458.485346864363,0.0242946812095536,0.320567795898725,1.07477780429788,-90.3545728711504,0.0250992718906921
2.34,0.321874999999991,0.407047989958454,1.0717327552,3.39089006599994,0.382850417235331,1.07427250558591,-507.338899488684,0.0241975727231215,0.382124117223605,1.07394316077163,-149.750743141034,0.0249238727348404
2.341,0.381875000000011,0.468428912127508,1.07450760448,3.81331784840008,0.444487710147398,1.07727490107755,-547.504847541489,0.0239412019801168,0.443648308548164,1.07365625570933,-200.174928377355,0.0247806035793516
2.342,0.441874999999996,0.530233584851988,1.0782221016,4.23187616887997,0.506307480491304,1.08064216957826,-598.727469953858,0.0239261043606921,0.505169363991127,1.07383369785406,-261.795330858563,0.0250642208608692
2.343,0.501874999999998,0.592110605232298,1.0820970264,4.64977384951999,0.568333531852193,1.08447546693899,-643.73356776581,0.0237770733801009,0.566716818950283,1.07457777266628,-316.927977823393,0.0253937862820217
2.344,0.561875000000001,0.654152465625271,1.08624401904,5.06595132344,0.630590906592358,1.08871687878868,-685.765754782726,0.0235615590329243,0.62832140400848,1.07582791451462,-368.932585770305,0.025831061616786
2.345,0.621874999999985,0.716688846056215,1.0912072152,5.4769681771999,0.693102186021895,1.09333841257056,-736.376519191461,0.0235866600343105,0.690011267771728,1.07755456103621,-429.720250128071,0.0266775782844966
2.346,0.681875000000005,0.779225226487196,1.09617041136,5.88798503096004,0.755891393619079,1.09841840200763,-777.191590201481,0.023333832868112,0.751816005655392,1.07983777776778,-480.284844335436,0.0274092208317966
2.347,0.741875000000007,0.842291446705661,1.10182488024,6.29253081080005,0.818982194841987,1.10386601611438,-824.458896618886,0.0233092518636766,0.813764787671077,1.08258264978013,-537.605082421464,0.02852665903459
2.348,0.801874999999992,0.905648224226933,1.10785843416,6.69352793719995,0.882397337263488,1.10974004563829,-870.291002698653,0.0232508869634466,0.875885824739974,1.08585061343125,-593.390399802288,0.0297623994869537
2.349,0.861875000000012,0.969045758482204,1.11393549896,7.09393687272008,0.946160855490418,1.11602662579238,-907.54477447522,0.0228849029917915,0.9382086600332,1.08962673665861,-640.152510287086,0.0308370984490066
2.35,0.921875000000014,1.03338069761859,1.121013314,7.48081741800009,1.01029410770291,1.12264619644757,-958.817335960479,0.0230865899156825,1.00076000822367,1.09382721831143,-701.926241431244,0.0326206893949233
2.351,0.981874999999999,1.09771563675495,1.12809112904,7.86769796327999,1.07481985286555,1.12972721433392,-999.384646563464,0.0228957838894003,1.06356812088638,1.09858950754422,-752.324628127719,0.0341475158685745
2.352,1.04187499999998,1.16254548752991,1.13560972736,8.2461185795999,1.13976168798473,1.13717047590008,-1040.94460063611,0.0227837995451742,1.12666216418548,1.1038080803863,-804.029662833481,0.0358833233444286
2.353,1.10187499999999,1.22801165326881,1.14369504704,8.61366214439991,1.20514061363101,1.14498455198829,-1086.11160854096,0.0228710396378051,1.19006860536605,1.10949425075977,-859.831347804009,0.037943047902773
2.354,1.16187500000001,1.29347781900773,1.15178036672,8.98120570920003,1.27097881012298,1.15320205273129,-1121.04846915433,0.0224990088847469,1.25381529474537,1.11568498307089,-904.594429672329,0.0396625242623386
2.355,1.22187499999999,1.36000881901663,1.1606633056,9.32721553319994,1.33729667781332,1.16172823546577,-1166.25736954063,0.0227121412033049,1.3179282098476,1.12227794010011,-961.247630992406,0.0420806091690206
2.356,1.28187499999999,1.42675278587955,1.16970576832,9.66891860903996,1.40411459647541,1.17065712450057,-1204.75467697582,0.0226381894041404,1.38243351235787,1.12938188749809,-1010.64350596536,0.0443192735216739
2.357,1.34187500000001,1.49382115887925,1.1789521552,10.0028807569601,1.47145385268739,1.17992634898578,-1238.63915001577,0.0223673061918663,1.44735854443236,1.13692926582735,-1055.29594858834,0.0464626144468828
2.358,1.401875,1.56198071615707,1.1888844688,10.31080523824,1.53933271536053,1.18949294332499,-1280.36581793156,0.0226480007965494,1.51272744291992,1.14487574819233,-1109.62765143138,0.0492532732371474
2.359,1.461875,1.63014027343492,1.1988167824,10.61872971952,1.60777027622142,1.19942859478781,-1311.69469249559,0.0223699972135095,1.57856560814697,1.1533097651758,-1152.23950790174,0.0515746652879575
2.36,1.521875,1.69926345725949,1.209250276,10.8995968,1.67678492384942,1.20963707163685,-1346.82252934042,0.022478533410063,1.64489786325134,1.16212273851247,-1200.42870468326,0.0543655940081577
2.361,1.58187499999999,1.76896481701208,1.2199844776,11.1642294399999,1.74639327912984,1.22015290144574,-1379.95749648365,0.0225715378822397,1.71174737397251,1.17136539235086,-1246.90548807821,0.0572174430395724
2.362,1.64187500000001,1.83870061510345,1.23073303648,11.42772652,1.81661241320042,1.23095727341615,-1404.03467346554,0.0220882019030213,1.77913828878546,1.18102130648304,-1282.87046500201,0.0595623263179841
2.363,1.70187500000001,1.91005501511577,1.24215638752,11.63785228,1.88745645822025,1.24196640863824,-1437.66921721804,0.0225985568955242,1.84709149691248,1.19099313173601,-1332.79416604364,0.0629635182032781
2.364,1.76187499999999,1.98140941512806,1.25357973856,11.84797804,1.95893965611229,1.25326791750326,-1461.59237130753,0.0224697590157783,1.91562876366922,1.20140879870942,-1370.87199276754,0.0657806514588442
2.365,1.82187500000001,2.05349101317398,1.2652310896,12.029965544,2.03107618613014,1.26477200204715,-1483.43865283179,0.0224148270438342,1.984772377499,1.21215863740488,-1408.07039681895,0.0687186356749868
2.366,1.88187500000001,2.12659068846689,1.27720164064,12.1725594896,2.10387709862827,1.27645924105003,-1505.94403279303,0.0227135898386376,2.05454123841133,1.22323403916764,-1448.1080116494,0.0720494500555671
2.367,1.941875,2.19969036375978,1.28917219168,12.3151534352,2.17735305316371,1.2883354143281,-1520.20870348246,0.022337310596078,2.12495473364363,1.2346606201141,-1477.40401660475,0.0747356301161667
2.368,2.00187499999998,2.27426375268983,1.30144445608,12.3907546784,2.25151269455739,1.30032441450793,-1536.29385256476,0.0227510581324597,2.19603013762213,1.24633901310569,-1513.62792178843,0.078233615067705
2.369,2.06187499999999,2.34917722938233,1.31378634664,12.4508960672,2.32636296211096,1.31244281510904,-1547.0641315178,0.0228142672713795,2.26778369285417,1.25833256451583,-1543.18648844309,0.0813935365281578
2.37,2.12187500000001,2.42447678749715,1.3261608652,12.490344464,2.40190986338621,1.32464151875559,-1552.45412673757,0.0225669241109439,2.34023168587213,1.27057946473451,-1566.7198494716,0.0842451016250187
2.371,2.18187499999999,2.50124345501668,1.33865937016,12.4511594912,2.47815657781221,1.3368709023675,-1556.6211748466,0.0230868772044747,2.41338703323698,1.28302388917931,-1594.71448912611,0.0878564217797074
2.372,2.24187499999999,2.57801012253624,1.35115787512,12.4119745184,2.55510453953851,1.34911966727742,-1555.20285453193,0.0229055829977184,2.48726221929955,1.29570657545104,-1613.30275384312,0.0907479032366877
2.373,2.30187500000001,2.65589888664462,1.36359473072,12.3013912208,2.6327533860881,1.36133639805483,-1548.68481901121,0.0231455005565272,2.5618684057274,1.30854061559445,-1631.24153716775,0.0940304809172218
2.374,2.361875,2.73452281748355,1.37599119536,12.1440297104,2.71109993937891,1.37347422697275,-1538.0108994731,0.0234228781046535,2.63721408656015,1.32151979978222,-1646.02716403635,0.0973087309234094
2.375,2.421875,2.81314674832251,1.38838766,11.9866682,2.79013858684374,1.3854950421961,-1524.1144239976,0.0230081614787557,2.7133067404462,1.33461489400169,-1653.26086471318,0.0998400078762974
2.376,2.481875,2.89358975213945,1.40037432752,11.6903218832,2.86986177994893,1.39736937758147,-1499.19089544139,0.0237279721905345,2.79015101300417,1.34775624087135,-1660.82974635974,0.103438739135286
2.377,2.54187499999999,2.97403275595637,1.41236099504,11.3939755664001,2.95025822622573,1.40899601128428,-1473.3842909672,0.0237745297306547,2.86774964060239,1.36094685236451,-1661.91231246487,0.106283115353989
2.378,2.60187500000001,3.0551609205352,1.42404218512,11.0336293303999,3.03131351166814,1.42036720294369,-1439.97699089769,0.0238474088670666,2.94610373417119,1.37412697801802,-1657.50582875803,0.109057186364021
2.379,2.66187500000001,3.13733485680317,1.43525712016,10.5755990071999,3.1130110086241,1.43141342209538,-1396.60219603416,0.0243238481790693,3.02521124668464,1.38724613482666,-1648.47508527025,0.112123610118518
2.38,2.72187499999999,3.21950879307112,1.4464720552,10.117568684,3.19532948493184,1.44204347149465,-1355.57001334547,0.0241793081392711,3.10506746881991,1.40026187410217,-1635.5684809173,0.11444132425121
2.381,2.78187500000001,3.30293701966714,1.45674269936,9.51217044831985,3.27824573172092,1.45227954823661,-1294.18714459347,0.0246912879462236,3.18566545825684,1.41313869822175,-1612.95939437581,0.117271561410308
2.382,2.84187500000002,3.38669532266525,1.46676484592,8.86799118303983,3.36173182987615,1.4619350366671,-1232.37639315305,0.0249634927890914,3.26699470471981,1.42578755966776,-1586.9960441132,0.119700617945442
2.383,2.901875,3.47071054374311,1.47647245112,8.18402672727999,3.4457544271452,1.47100690017728,-1168.67028414658,0.0249561165979159,3.34904127298053,1.43817795255612,-1556.63650814215,0.121669270762581
2.384,2.96187499999998,3.55583907650001,1.48481704376,7.32765977944021,3.5302796106572,1.47947860609615,-1077.97401165065,0.0255594658428117,3.43178920669734,1.45026983260457,-1511.46169544081,0.124049869802673
2.385,3.02187499999999,3.64096760925692,1.4931616364,6.47129283160018,3.61526590702134,1.48710277516389,-998.074949291406,0.0257017022355809,3.5152175108766,1.46192736196208,-1468.48986325608,0.125750098380338
2.386,3.08187500000001,3.72672538498263,1.50020532664,5.47519958487987,3.70066763930634,1.49398005539587,-895.273296629443,0.0260577456762919,3.59930189896272,1.473171481293,-1410.38910154045,0.127423486019905
2.387,3.14187499999999,3.8129326199717,1.50631980088,4.37930183896015,3.78643601087903,1.49990090063899,-782.702304437315,0.0264966090926691,3.6840147152736,1.48386364523117,-1344.60054403514,0.128917904698102
2.388,3.20187499999999,3.89913985496078,1.51243427512,3.28340409304011,3.8725136897081,1.50477691544383,-685.385546867424,0.0266261652526805,3.76932233340396,1.49393398158618,-1284.81009566548,0.129817521556828
2.389,3.26187500000001,3.98603193576832,1.51575430608,1.92526496513568,3.95884487822901,1.50875005825607,-530.983095600238,0.0271870575393077,3.85519073373461,1.50343863679485,-1188.46234892466,0.130841202033703
2.39,3.321875,4.07293858776343,1.5190148808,0.561546233360032,4.04536284023963,1.51129654014529,-397.679026183726,0.0275757475238098,3.941577895179,1.51204216051792,-1102.49014081677,0.131360692584433
2.391,3.381875,4.15992832322253,1.52094369744,-0.913398147664023,4.13199145814193,1.51261267754896,-250.372641621599,0.0279368650805992,4.02843496130329,1.51984140446463,-1004.74457735809,0.131493361919253
2.392,3.441875,4.24705653112155,1.52065291728,-2.57371861076809,4.21865660256364,1.51257155620168,-69.1767542814746,0.0283999285579047,4.11571278299174,1.52672930039941,-882.877137705004,0.131343748129802
2.393,3.50187499999999,4.33418473902055,1.52036213712,-4.23403907387166,4.30527163663747,1.51086349642895,83.6053996874397,0.0289131023830732,4.20335282674149,1.53248533965067,-777.330851554452,0.130831912279054
2.394,3.56187500000001,4.4210308587122,1.516738468,-6.14511590560025,4.39174861458624,1.50775248833236,297.185526954783,0.0292822441259516,4.29129459381356,1.53726143120852,-627.829489977849,0.129736264898645
2.395,3.62187500000001,4.50779311434218,1.51212394,-8.13074192800033,4.47799119173952,1.50268136512747,501.436907512572,0.0298019226026562,4.37947039602937,1.54065470729794,-482.536585002619,0.128322718312803
2.396,3.68187499999999,4.59437632075282,1.50664759504,-10.1752416604798,4.56388960750158,1.4957389894624,693.87055321593,0.0304867132512559,4.46780217448488,1.54270602908365,-342.806889536591,0.126574146267941
2.397,3.74187500000001,4.68006428106699,1.49686216528,-12.5141099433606,4.64933984478469,1.48703698493915,964.535649460794,0.0307244362822945,4.55621456669339,1.54346865812231,-144.955222704065,0.12384971437362
2.398,3.80187500000002,4.76575224138114,1.48707673552,-14.8529782262407,4.73422054368981,1.47585834963745,1189.27226173934,0.0315316976913307,4.64461847456198,1.5424098697511,22.1965705005969,0.121133766819158
2.399,3.861875,4.85036331871868,1.47386522824,-17.4053641896001,4.81840201863694,1.46262946438751,1463.19119084471,0.0319613000817379,4.73291771071566,1.53981492600438,228.428466697815,0.117445608003018
2.4,3.92187499999999,4.93413682040777,1.457988994,-20.1238194599994,4.90175392747663,1.44690102976194,1757.99949034262,0.0323828929311364,4.82101402817169,1.53532667097545,452.395520043804,0.113122792236068
2.401,3.98187499999999,5.01791032209688,1.44211275976,-22.8422747303995,4.98412766195484,1.42848473785466,2000.26169441937,0.0337826601420279,4.90879435796692,1.52878487585104,639.452112407645,0.109115964129942
2.402,4.04187500000001,5.09890753139622,1.41945218792,-25.9472919944004,5.06538318762531,1.40786817892233,2374.08124828716,0.0335243437709028,4.9961508602494,1.52053229985932,929.489483489153,0.102756671146808
2.403,4.10187499999999,5.17978403233074,1.39649664488,-29.0691163015996,5.1453598628427,1.38384443576075,2688.69413243651,0.0344241694880544,5.0829584487873,1.50962417154643,1176.61032740565,0.0968255835434249
2.404,4.16187499999999,5.25923265460162,1.37066181456,-32.3409162407997,5.22387822616858,1.35696349086691,3019.75194454222,0.0353544284330288,5.16907640066314,1.49645943906841,1439.7415376328,0.0901562539384633
2.405,4.22187500000001,5.33607749813288,1.33957651919999,-35.8862011560009,5.30077036463948,1.32707847956628,3425.65249183338,0.0353071334933918,5.25437130248347,1.48089430479163,1764.16632810353,0.0817061956494018
2.406,4.281875,5.4129223416641,1.30849122384,-39.4314860712,5.37584456572704,1.29350550499808,3755.88691412004,0.0370777759370683,5.33868957337216,1.46236858840065,2031.46936723899,0.0742327682919256
2.407,4.341875,5.48577197450829,1.27048154448,-42.4173245352001,5.44890963107042,1.25694641185543,4106.44918338798,0.0368623434378788,5.42187677097378,1.44141239891003,2395.84110088198,0.0638952035345112
2.408,4.401875,5.55728987045679,1.23016373712,-45.2166808488002,5.51978924365521,1.21721881242989,4415.86719736969,0.0375006268015904,5.50376816387879,1.4171364715636,2743.46704928074,0.0535217065779835
2.409,4.46187499999999,5.62785115849986,1.18878280616001,-47.7417610287998,5.58831284614315,1.17470614505482,4656.01392735017,0.0395383123567057,5.58417810605835,1.3897000131793,3051.87826827585,0.0436730524415117
2.41,4.52187500000001,5.69280945738271,1.14117500839999,-48.6603667120001,5.65433924674406,1.13005002239836,4813.52034013078,0.0384702106386494,5.66293598822094,1.35946869809073,3447.64797968674,0.0298734691617685
2.411,4.58187500000001,5.75776775626555,1.09356721063999,-49.5789723952002,5.71776751042562,1.08401405773444,4928.33170846399,0.0400002458399284,5.73985877672111,1.32564316019557,3769.19960805841,0.0179089795444538
2.412,4.641875,5.81878168901107,1.044663636944,-50,5.77852989206616,1.03699318422708,5003.87595517609,0.0402517969449177,5.81476025832153,1.28891177690313,4078.09286787577,0.00402143068954147
2.413,4.70187500000002,5.87645808117891,0.994663637455987,-50,5.83658035354543,0.989350186003912,5046.32624708284,0.0398777276334783,5.88747740562389,1.24939550926448,4367.23533519224,-0.0110193244449818
2.414,4.76187500000002,5.93413447334674,0.944663637967985,-50,5.89189199962998,0.941390491742443,5062.90851711801,0.0422424737167582,5.95785598569979,1.20728038114135,4595.12564746619,-0.0237215123530394
2.415,4.821875,5.98481673533192,0.894663638119998,-50,5.94445351682706,0.893352578122757,5110.00527580576,0.0403632185048524,6.02576335386618,1.16313394059389,4822.77130840567,-0.0409466185342728
2.416,4.88187499999999,6.03503272197159,0.844663638248011,-50,5.99425238455433,0.844955833089253,5133.84361830723,0.040780337417263,6.09108327917361,1.11696158694864,5000.43229387228,-0.0560505572020116
2.417,4.94187499999999,6.08276192143629,0.794663638248009,-50,6.04127418922165,0.796414790259539,5153.07779651445,0.0414877322146523,6.15371294930134,1.06922631938524,5150.27905348132,-0.0709510278650587
2.418,5.00187500000001,6.12551754655101,0.744663637991993,-50,6.08551188305798,0.747772031606703,5187.02215846706,0.0400056634930358,6.21357021601179,1.02018645129817,5294.69128211279,-0.088052669460784
2.419,5.06187499999999,6.1682731716657,0.694663637736005,-50,6.1269557656679,0.698892381099816,5196.02833460215,0.0413174059977939,6.27058182145894,0.969894002503215,5396.69256163222,-0.102308649793235
2.42,5.121875,6.20558891774948,0.644663637760004,-50,6.16559884738985,0.650005637230771,5224.70835791654,0.0399900703596289,6.3246872315292,0.918741095232319,5503.22362540849,-0.119098313779722
2.421,5.18187500000002,6.24088413733606,0.594663637887987,-50,6.2014355368684,0.600930811600232,5244.33082847567,0.039448600467659,6.37583598991886,0.86668738918095,5587.58228605446,-0.134951852582797
2.422,5.241875,6.2752468062316,0.544663638016,-50,6.23445745337795,0.551751525220275,5248.07954782034,0.04078935285365,6.42398236843044,0.813938266696019,5644.72026364595,-0.148735562198842
2.423,5.301875,6.30308162029003,0.494663638143998,-50,6.26466280009209,0.502613978516236,5280.36507344091,0.0384188201979315,6.46909372781589,0.760745235957097,5720.58807304705,-0.166012107525874
2.424,5.361875,6.33091643434846,0.444663638271996,-50,6.29204644548731,0.45325556817388,5287.77283133395,0.0388699888611454,6.51113971727173,0.706936670569331,5763.11222671062,-0.18022328292327
2.425,5.42187499999999,6.35486564344596,0.394663638200009,-50,6.31660230161558,0.403905511994938,5303.25475785465,0.0382633418303682,6.55009388466621,0.652820286244211,5806.41226386852,-0.195228241220263
2.426,5.48187500000001,6.37524009597941,0.344663637943992,-50,6.33832871873165,0.354489514679083,5323.21746069757,0.0369113772477759,6.58593840244953,0.598389421972942,5847.91106699791,-0.210698306470131
2.427,5.54187500000001,6.39561454851286,0.29466363768799,-50,6.3572207406587,0.304966455292913,5320.12133379471,0.0383938078541763,6.61865574094657,0.543661136552503,5860.95331149523,-0.223041192433711
2.428,5.601875,6.40915029597885,0.244663637784003,-50,6.37327831534464,0.255548641016297,5348.82747298108,0.0358719806341985,6.64823637241475,0.48889769132509,5901.16925425369,-0.239086076435889
2.429,5.66187499999998,6.42206434298416,0.194663637912016,-50,6.38649908639286,0.205943327871296,5357.76654290334,0.0355652565912925,6.67467112199094,0.433849142764402,5917.65832482148,-0.252606779006779
2.43,5.72187499999998,6.43264702701291,0.144663637992014,-50,6.39687752905564,0.156332663518385,5362.78335100223,0.0357694979572695,6.69794992058555,0.37873422000476,5926.8465483338,-0.265302893572647
2.431,5.781875,6.43810071249325,0.0946636379663975,-50,6.40441437072257,0.106752741060711,5385.4727872179,0.0336863417706691,6.71807089239993,0.323620193719081,5950.83369746729,-0.279970179906693
2.432,5.84187499999999,6.44355439797358,0.0446636379408104,-50,6.40910671360124,0.0570409246696617,5384.60994446467,0.0344476843723417,6.73503018834494,0.268370912402118,5948.83319670249,-0.291475790371362
2.433,5.90187499999999,6.44372362953815,-0.00533636213919147,-50,6.41095321403499,0.00741409974734878,5403.46631554476,0.0327704155031441,6.74882691420426,0.213225672078231,5964.49685632323,-0.305103284666114
2.434,5.96187500000001,6.44171690949034,-0.0553363622416082,-50,6.40995354069476,-0.0423092822102714,5415.67191211193,0.0317633687955921,6.75946237089137,0.158021801208336,5971.78444040043,-0.317745461401027
2.435,6.02187499999999,6.43893306615852,-0.105336362319995,-50,6.4061039184395,-0.0920678844142753,5411.73885167319,0.0328291477190186,6.76693540933025,0.102836450564779,5961.49375320537,-0.328002343171741
2.436,6.081875,6.42946596258415,-0.155336362191997,-50,6.39940658437557,-0.141713176628827,5438.47838573991,0.0300593782085888,6.7712517227688,0.0478313115369146,5980.68333801295,-0.341785760184643
2.437,6.141875,6.41999885900979,-0.205336362063999,-50,6.38985994156872,-0.191527522353859,5441.00454195278,0.0301389174410579,6.77241385873212,-0.00726511370568681,5974.68106658977,-0.352414999722336
2.438,6.20187499999998,6.40680155267136,-0.255336361935986,-50,6.37746069316503,-0.241287896480176,5451.02050453882,0.0293408595063127,6.77042323053923,-0.0622209185920689,5975.37483578263,-0.363621677867874
2.439,6.261875,6.38987404356885,-0.305336361808003,-50,6.362209955095,-0.291063288882389,5467.37423331885,0.0276640884738437,6.76528612408655,-0.117097924657451,5981.77195177465,-0.375412080517704
2.44,6.32187500000001,6.37294653446634,-0.355336361680005,-50,6.34410519715631,-0.340911983731155,5461.0897835609,0.0288413373100327,6.75700554753752,-0.171948724830559,5965.03373442607,-0.384059013071185
2.441,6.38187499999999,6.34933578483105,-0.405336361895992,-50,6.32314818921467,-0.390625596165132,5485.80996534813,0.0261875956163786,6.74558909877752,-0.226560514663792,5978.92104157649,-0.396253313946465
2.442,6.44187500000001,6.32494791420356,-0.455336362152009,-50,6.29933849332527,-0.440489578172279,5492.4341195169,0.0256094208782865,6.73104238979604,-0.281215419448567,5974.43454378032,-0.406094475592489
2.443,6.50187500000001,6.2983840919637,-0.50533636229601,-50,6.27267227002286,-0.490337213225667,5494.22888941645,0.0257118219408339,6.71336779481361,-0.3357443333512,5964.92767534883,-0.414983702849923
2.444,6.561875,6.26653581580809,-0.555336362167998,-50,6.2431517280284,-0.540124096327799,5515.27158687628,0.0233840877796914,6.69257385015333,-0.390101264247715,5974.55190077761,-0.426038034345239
2.445,6.62187499999998,6.23468753965247,-0.605336362039985,-50,6.21077527247956,-0.590027402577753,5512.93661290568,0.0239122671729001,6.66866535987651,-0.444462484775285,5960.74479259715,-0.433977820224035
2.446,6.68187499999998,6.19771024982234,-0.655336361911986,-50,6.1755423994238,-0.63983187694249,5529.30852809239,0.0221678503985357,6.6416482539719,-0.498612420015778,5965.64454660806,-0.443938004149552
2.447,6.741875,6.15840159014015,-0.705336361784003,-50,6.13745383672382,-0.689709775991679,5540.51302651289,0.020947753416335,6.61152969842119,-0.552723500593547,5965.42221536523,-0.453128108281042
2.448,6.80187499999999,6.11847123183077,-0.75533636168799,-50,6.09650674264282,-0.73961344568281,5534.5077530614,0.0219644891879392,6.57831326768706,-0.606748663548987,5948.07362342926,-0.459842035856284
2.449,6.86187499999999,6.07170218862202,-0.805336361943992,-50,6.05270417759368,-0.789384516170167,5560.60702358454,0.0189980110283378,6.54200839447884,-0.660530480456036,5962.945044376,-0.470306205856807
2.45,6.92187500000001,6.02493314541327,-0.855336362200009,-50,6.00604527157076,-0.839318554787081,5562.54253042667,0.0188878738425136,6.502620518767,-0.714365752619588,5953.79474015093,-0.477687373353721
2.451,6.981875,5.97458932455564,-0.905336361903996,-50,5.95652706304022,-0.889193002307086,5570.84643444292,0.0180622615154292,6.46015291134456,-0.768033397312416,5951.17677952323,-0.485563586788912
2.452,7.041875,5.92035987581876,-0.955336361007998,-50,5.90415128521582,-0.939066540350385,5586.87609482764,0.0162085906029412,6.41461344744644,-0.821593771918196,5956.46640068154,-0.494253571627676
2.453,7.101875,5.86613042708188,-1.005336360112,-50,5.84891595396149,-0.989010247285256,5580.27878120015,0.0172144731203841,6.36600618430576,-0.875119792457993,5939.3252743686,-0.499875757223872
2.454,7.16187499999998,5.80537315623525,-1.05533636223999,-50,5.7908230155902,-1.03881584618901,5603.53121389396,0.0145501406450449,6.314339000601,-0.928405149303874,5952.24152393273,-0.508965844365742
2.455,7.221875,5.7436833393729,-1.1053363648,-50,5.72987250976005,-1.08875816879524,5610.04624479579,0.0138108296128562,6.25961775272001,-0.981726743342634,5948.63682374497,-0.515934413347097
2.456,7.28187500000001,5.67997299899274,-1.15533636632001,-50,5.66606102017046,-1.13868301908573,5610.55166648614,0.0139119788222866,6.20184472030486,-1.03493252566891,5939.24557168168,-0.521871721312105
2.457,7.34187499999999,5.61082278760308,-1.20533636503999,-50,5.59939113103165,-1.18853513573782,5631.64153133586,0.011431656571428,6.14102805884236,-1.08796943951359,5950.66652425836,-0.530205271239295
2.458,7.40187500000001,5.54167257621337,-1.25533636376001,-50,5.52986158119656,-1.23850400836571,5629.32002291655,0.0118109950168189,6.07717195100849,-1.14102921890552,5938.90694282212,-0.535499374795119
2.459,7.46187500000001,5.46754877287244,-1.30533636248001,-50,5.45747185654026,-1.28837407136358,5644.51118194613,0.0100769163321744,6.01028119719435,-1.19389856749018,5944.89255830733,-0.542732424321902
2.46,7.521875,5.39093817355591,-1.3553363612,-50,5.38222299840106,-1.33830659442687,5655.85922062375,0.00871517515485846,5.94036202289104,-1.246741036247,5947.26809301266,-0.549423849335118
2.461,7.58187499999998,5.31386129999394,-1.40533636015999,-50,5.30411244374936,-1.38826612403525,5648.78727711119,0.00974885624457632,5.86741691848068,-1.29952345409653,5931.45619517746,-0.553555618486747
2.462,7.64187499999998,5.22979031275051,-1.45533636271999,-50,5.22314350120462,-1.43808315449241,5675.13029265111,0.00664681154589939,5.79145411545068,-1.35207858973832,5949.29047235834,-0.561663802700173
2.463,7.701875,5.14571932550705,-1.50533636528,-50,5.13931552217304,-1.48806532429534,5677.25280822809,0.0064038033340186,5.71247775821441,-1.40471634026992,5943.1334235697,-0.56675843270736
2.464,7.76187499999999,5.05822899480557,-1.55533636607999,-50,5.05262543576911,-1.53798954887838,5684.52921952532,0.0056035590364451,5.63048944012374,-1.45721585743934,5942.35681161424,-0.572260445318183
2.465,7.82187499999999,4.96669762183542,-1.60533636479999,-50,4.9630752010726,-1.58790333389725,5700.83792820943,0.00362242076282666,5.54549565715768,-1.50962685552716,5950.83591596393,-0.578798035322268
2.466,7.88187500000001,4.87516624886524,-1.65533636352001,-50,4.87066303520532,-1.63788979266924,5694.45969798601,0.00450321365991205,5.45749903771337,-1.56203462432796,5936.84797666809,-0.582332788848143
2.467,7.941875,4.77726245932828,-1.70533636224,-50,4.77539075687785,-1.68774009271207,5716.71403975664,0.00187170245043056,5.36650568809913,-1.6142324720456,5951.70865539481,-0.589243228770859
2.468,8.001875,4.67827069623109,-1.75533636096,-50,4.67725861494727,-1.73771786473413,5723.53507637579,0.00101208128381422,5.27252002322701,-1.66648613134356,5951.34796564589,-0.594249326995927
2.469,8.061875,4.57741383615219,-1.80533636064,-50,4.57626337907838,-1.78768092474645,5723.11857916744,0.00115045707381638,5.17554285956006,-1.71865547912392,5943.95736566188,-0.598129023407859
2.47,8.12187499999999,4.47096168512816,-1.85533636319999,-50,4.47240779908265,-1.83756271024143,5744.58134785442,-0.00144611395448317,5.07558087685587,-1.77067597089537,5958.64918684111,-0.604619191727712
2.471,8.18187500000001,4.36450953410407,-1.90533636576,-50,4.36569076152582,-1.88756463644082,5742.56233559953,-0.00118122742173373,4.97263677726983,-1.82275099565942,5950.05780040283,-0.608127243165757
2.472,8.24187500000001,4.25323921587724,-1.95533636584001,-50,4.25611157705928,-1.93747048474185,5756.82952053305,-0.00287236118204164,4.86671357524894,-1.87466626337985,5957.94652456201,-0.613474359371697
2.473,8.30187499999999,4.13932667692634,-2.00533636455999,-50,4.14367145387518,-1.98743023707941,5768.54962543283,-0.00434477694882489,4.75781607359606,-1.92657363869759,5963.47737466543,-0.618489396669713
2.474,8.36187500000001,4.02510328847842,-2.05533636328001,-50,4.02836797720319,-2.03742037676592,5760.61476152288,-0.00326468872477148,4.64594534560476,-1.97845144140453,5949.53773293172,-0.620842057126333
2.475,8.42187500000001,3.90373036160061,-2.10533636200001,-50,3.91020458760089,-2.08726003098794,5787.38337817771,-0.006474226000268,4.53110821600193,-2.03012058881332,5970.48132018254,-0.627377854401306
2.476,8.481875,3.78235743472284,-2.15533636072,-50,3.78918075409842,-2.13726870501914,5789.85566983333,-0.00682331937558351,4.41330743674607,-2.08190233004634,5967.30362137583,-0.630950002023217
2.477,8.54187499999998,3.65772058812706,-2.20533636111999,-50,3.6652932036329,-2.18722261068883,5796.25072579986,-0.00757261550584434,4.29254291910617,-2.13357457475143,5968.21905109507,-0.6348223309791
2.478,8.60187499999999,3.52888727332238,-2.25533636367999,-50,3.53854403788228,-2.23715792231962,5812.97000528675,-0.00965676455991486,4.16881985312171,-2.18517514943064,5979.6244416921,-0.639932579799339
2.479,8.66187500000001,3.40005395851766,-2.30533636624001,-50,3.40893160032248,-2.28716965158866,5806.929318891,-0.00887764180482798,4.04213957726,-2.23680067281259,5968.43103568004,-0.642085618742345
2.48,8.72187499999999,3.26500365377395,-2.35533636559999,-50,3.27645751456854,-2.3370482883625,5828.29235436736,-0.0114538607946003,3.91250661932556,-2.28824319729798,5984.79802049373,-0.6475029655516
2.481,8.78187499999999,3.12870995104239,-2.40533636431999,-50,3.14112217780786,-2.38704615317572,5835.51601912109,-0.0124122267654777,3.77992419242415,-2.33975656213071,5987.17787831747,-0.651214241381762
2.482,8.84187500000001,2.99070657607755,-2.45533636304001,-50,3.00292249065205,-2.43703297901421,5834.26523989017,-0.0122159145745082,3.64439192730383,-2.39121197593993,5981.2311916714,-0.653685351226288
2.483,8.901875,2.84695248541916,-2.50533636176,-50,2.86186131862702,-2.48693081810372,5856.18053234698,-0.0149088332078659,3.50591533628935,-2.4425329243406,5998.59421768917,-0.658962850870209
2.484,8.961875,2.70319839476072,-2.55533636048,-50,2.7179376506831,-2.53695293623326,5854.53664934323,-0.0147392559223758,3.36449597418875,-2.49393406511061,5992.53753997582,-0.661297579428031
2.485,9.021875,2.55478156164799,-2.6053363616,-50,2.57115058094441,-2.58688239635605,5867.94642125923,-0.0163690192964177,3.22013542238943,-2.54519981267747,6001.6699116613,-0.665353860741433
2.486,9.08187499999999,2.40356708306273,-2.65533636415999,-50,2.42150144665916,-2.63685783571729,5880.09970169081,-0.0179343635964286,3.07283742910371,-2.5964701161551,6009.67720300946,-0.669270346040989
2.487,9.14187500000001,2.2521971797289,-2.70533636664,-50,2.26898794661435,-2.68686762332748,5871.35810746278,-0.0167907668854501,2.92260203002627,-2.64773461774275,5996.91714268574,-0.67040485029738
2.488,9.20187500000001,2.09352231321671,-2.75533636536001,-50,2.1136136213909,-2.73671947309998,5898.60412768452,-0.0200913081741995,2.76943503077867,-2.69880226679796,6020.26842749823,-0.675912717561967
2.489,9.26187499999999,1.93484744670457,-2.80533636407999,-50,1.95537802823047,-2.78674471589137,5901.47408521945,-0.0205305815259086,2.61333818391183,-2.75000559281741,6019.36368406689,-0.678490737207251
2.49,9.32187500000001,1.77306408522281,-2.85533636280001,-50,1.79427766471364,-2.83671882316576,5907.0320837842,-0.021213579490815,2.45431011466598,-2.80112123004195,6021.2634157123,-0.681246029443157
2.491,9.38187500000002,1.60692883078375,-2.90533636152001,-50,1.63031474995739,-2.88666660416067,5924.20299623879,-0.0233859191736358,2.29235510419612,-2.85217511555994,6034.88899018813,-0.685426273412376
2.492,9.441875,1.44079357634474,-2.95533636024,-50,1.46348773047107,-2.93669493848962,5918.53813347583,-0.0226941541263363,2.12747359740237,-2.90327522284056,6025.78830772301,-0.686680021057623
2.493,9.50187499999998,1.26859675671515,-3.00533636207999,-50,1.29379801307579,-2.98659361216293,5939.04581235571,-0.0252012563606504,1.95966893777086,-2.9542123986762,6042.96636786677,-0.691072181055719
2.494,9.56187499999999,1.09500111434921,-3.05533636463999,-50,1.12124612297201,-3.03660361353775,5946.70580438102,-0.0262450086227995,1.78894352731007,-3.00522866004263,6047.39971687089,-0.693942412960851
2.495,9.62187500000001,0.919851224315114,-3.10533636640001,-47.999999999999,0.945829072639589,-3.08660657133708,5727.26106950392,-0.0259778483244849,1.61529619726816,-3.05620663301478,6042.21948439063,-0.695444972953033
2.496,9.68187499999999,0.738795193142295,-3.15533636511999,-38.4000000000015,0.767607121187754,-3.13451313299094,4740.25009979036,-0.0288119280454543,1.4387316734695,-3.10705793199,6061.58704903624,-0.699936480327199
2.497,9.74187499999999,0.557739161969422,-3.20533636383999,-28.8000000000011,0.586902590385438,-3.17326493855287,3888.60271076346,-0.0291634284160048,1.25925073834286,-3.15800859304655,6057.41017434217,-0.70151157637343
2.498,9.80187500000001,0.373302642920697,-3.24023219744001,-13.3999999999958,0.404203926104679,-3.20412152283714,2295.66380169273,-0.0309012831839923,1.07685390865864,-3.20884185333127,5804.64038660794,-0.703551265737942
2.499,9.861875,0.186651321470697,-3.26523219872,5.79999999999927,0.220158515849035,-3.22027524145232,377.046163545016,-0.0335071943783502,0.891613425066276,-3.2572708400154,5421.14617676185,-0.704962103595586
2.5,9.921875,2.06410793028507e-11,-3.2902322,25,0.0356939549752814,-3.21875263953268,-1247.39940494057,-0.0356939549546376,0.703701389341217,-3.30209661503959,5078.22126893569,-0.703701389320564
2.501,9.981875,-0.186651321445267,-3.26523219872,34.6000000000004,-0.148255295018997,-3.20228749841595,-2414.16839973281,-0.0383960264262784,0.513313397837432,-3.34369800096048,3929.96080308598,-0.699964719282688
2.502,-9.95812500000001,-0.373302642911119,-3.24023219744001,44.1999999999979,-0.330954378720384,-3.17511360351586,-3391.43987261055,-0.0423482641907334,0.320846305976942,-3.37467090844739,2944.87803181419,-0.694148948888055
2.503,-9.89812499999999,-0.557739161969422,-3.20533636383999,50,-0.511840149325081,-3.1389909306024,-3974.60850208451,-0.0458990126443484,0.126865601558502,-3.39653304643198,1918.62728409895,-0.684604763527921
2.504,-9.83812499999999,-0.738795193142295,-3.15533636511999,50,-0.690504146960968,-3.09755909644079,-4100.7847093912,-0.0482910461813309,-0.0680962610779994,-3.40891979122372,764.988120908699,-0.670698932064293
2.505,-9.77812500000001,-0.919851224315114,-3.10533636640001,50,-0.866762860035459,-3.0550306605149,-4190.47637139196,-0.0530883642796587,-0.263463228075513,-3.41067385625969,-212.847663189131,-0.656387996239594
2.506,-9.71812499999999,-1.09500111434921,-3.05533636463999,50,-1.04056312247754,-3.0117429803743,-4293.25537513796,-0.0544379918716608,-0.458672898736638,-3.40342911328114,-1082.44004955497,-0.636328215612571
2.507,-9.65812499999998,-1.26859675671515,-3.00533636207999,50,-1.21185801720429,-2.96757682930345,-4374.12508348821,-0.056738739510844,-0.653238607619941,-3.38819534969965,-1824.48429328497,-0.615358149095196
2.508,-9.598125,-1.44079357634474,-2.95533636024,50,-1.38060302497354,-2.92273513444994,-4434.99911842301,-0.0601905513711986,-0.846736588971914,-3.3661583914094,-2454.58201349639,-0.594056987372816
2.509,-9.53812500000002,-1.60692883078375,-2.90533636152001,50,-1.54676474004605,-2.87740290310205,-4513.70942113667,-0.0601640907376969,-1.03880685523047,-3.33835869137855,-3022.5043746219,-0.568121975553284
2.51,-9.47812500000001,-1.77306408522281,-2.85533636280001,50,-1.71031037759571,-2.83141680192778,-4561.80097644476,-0.0627537076270992,-1.22913586847961,-3.30537719516039,-3490.20947605081,-0.543928216743201
2.511,-9.41812499999999,-1.93484744670457,-2.80533636407999,50,-1.87121057257072,-2.7850595369015,-4616.44798288313,-0.0636368741338495,-1.41745337708085,-3.26814393332822,-3903.95285972025,-0.517394069623735
2.512,-9.35812500000001,-2.09352231321671,-2.75533636536001,50,-2.02944234757153,-2.73827137317678,-4667.1478483802,-0.0640799656451718,-1.60353018378733,-3.22716194392214,-4261.15111870351,-0.489992129429379
2.513,-9.29812500000001,-2.2521971797289,-2.70533636664,50,-2.18498207336585,-2.69108929234326,-4691.03158136137,-0.0672151063630422,-1.78716657185607,-3.18295725261698,-4545.84032152673,-0.465030607872815
2.514,-9.23812499999999,-2.40356708306273,-2.65533636415999,50,-2.33781426533304,-2.6437606133916,-4746.93045006265,-0.0657528177296846,-1.96819714770054,-3.13620193791738,-4822.87186987957,-0.435369935362183
2.515,-9.178125,-2.55478156164799,-2.6053363616,50,-2.48792209260129,-2.59599102430027,-4776.14608778802,-0.0668594690466969,-2.14647790287945,-3.08697040371072,-5038.79536321283,-0.408303658768528
2.516,-9.118125,-2.70319839476072,-2.55533636048,50,-2.63528734510672,-2.54802669420495,-4802.49918951801,-0.0679110496540106,-2.32188317609532,-3.03582868224341,-5222.00570667595,-0.38131521866541
2.517,-9.058125,-2.84695248541916,-2.50533636176,50,-2.7798996281107,-2.49989426028537,-4840.34809682156,-0.0670528573084566,-2.49431222839735,-2.98308069528451,-5390.84758443207,-0.352640257021804
2.518,-8.99812500000001,-2.99070657607755,-2.45533636304001,50,-2.92174628759683,-2.45148822169117,-4852.85271729369,-0.068960288480717,-2.66367688583832,-2.92886112243005,-5511.95433752316,-0.327029690239232
2.519,-8.93812499999999,-3.12870995104239,-2.40533636431999,50,-3.0608183390763,-2.40304216994845,-4887.00521015517,-0.0678916119661014,-2.82990547919928,-2.87361140778507,-5635.34406826314,-0.298804471843109
2.52,-8.87812499999999,-3.26500365377395,-2.35533636559999,50,-3.1971077862154,-2.3543570066516,-4909.08882490647,-0.0678958675585447,-2.99293842974306,-2.81731214467498,-5729.93557155301,-0.272065224030873
2.521,-8.81812500000001,-3.40005395851766,-2.30533636624001,50,-3.33060412042939,-2.30554413610215,-4917.40150767654,-0.0694498380882753,-3.1527232394543,-2.76022990359245,-5796.32176691531,-0.247330719063351
2.522,-8.75812500000002,-3.5288872733223,-2.25533636368002,50,-3.46130365977733,-2.25673044882057,-4951.35206859636,-0.0675836135449831,-3.30922251557474,-2.70262538698626,-5875.90934901243,-0.219664757747567
2.523,-8.69812499999998,-3.65772058812706,-2.20533636111999,50,-3.58919960036599,-2.20768007759381,-4960.29453394716,-0.0685209877610728,-3.46240287774715,-2.64437795162551,-5919.79108725833,-0.19531771037991
2.524,-8.638125,-3.78235743472284,-2.15533636072,50,-3.71428498286232,-2.15862346376122,-4979.52632821053,-0.0680724518605187,-3.61223692864175,-2.58581708779772,-5964.77712387714,-0.170120506081089
2.525,-8.57812500000001,-3.90373036160061,-2.10533636200001,50,-3.836556738007,-2.10946595517286,-5000.43825016789,-0.0671736235936094,-3.75870643299824,-2.52693312177196,-6003.57384921353,-0.145023928602384
2.526,-8.51812500000001,-4.02510328847842,-2.05533636328001,50,-3.95600864662107,-2.0601922510408,-4998.2468327151,-0.0690946418573599,-3.90179452402992,-2.46778349602045,-6012.54148043357,-0.1233087644485
2.527,-8.45812499999999,-4.13932667692634,-2.00533636455999,50,-4.07264014547951,-2.0110150821907,-5030.1477287082,-0.0666865314468418,-4.04149385412565,-2.40864304998163,-6049.86945416809,-0.0978328228006886
2.528,-8.39812500000001,-4.25323921587724,-1.95533636584001,50,-4.18644777596987,-1.96162064970919,-5039.54653635749,-0.0667914399073819,-4.17779747416814,-2.34925085427581,-6059.82645529732,-0.0754417417091009
2.529,-8.33812500000001,-4.36450953410407,-1.90533636576,50,-4.29742503011405,-1.91221630956765,-5047.3675474443,-0.0670845039900254,-4.31069818505228,-2.28985911206295,-6064.08592184174,-0.0538113490517826
2.53,-8.278125,-4.47096168512813,-1.8553363632,50,-4.40557175652986,-1.86281659285134,-5070.17371968156,-0.0653899285982635,-4.44019751438673,-2.23052023995831,-6079.8606386088,-0.0307641707414027
2.531,-8.218125,-4.57741383615219,-1.80533636064,50,-4.51088427041692,-1.81328362891135,-5069.48199785077,-0.0665295657352721,-4.5662954540918,-2.17112821571117,-6069.23081594912,-0.0111183820603834
2.532,-8.158125,-4.67827069623109,-1.75533636096,50,-4.61336113630713,-1.76383380490631,-5090.88604304445,-0.0649095599239727,-4.68899592033011,-2.11192604347009,-6078.27795011022,0.0107252240990239
2.533,-8.098125,-4.77726245932828,-1.70533636224,50,-4.71300129050281,-1.71426371091269,-5102.97999249471,-0.064261168825471,-4.80830459631984,-2.05273240096169,-6076.01829466365,0.0310421369915752
2.534,-8.03812500000001,-4.87516624886524,-1.65533636352001,50,-4.809800301156,-1.66465918622983,-5101.34599228513,-0.0653659477092312,-4.92422495042401,-1.9936512974293,-6058.39886596107,0.0490587015587746
2.535,-7.97812499999999,-4.96669762183542,-1.60533636479999,50,-4.90375981520885,-1.61514658136215,-5127.75508508168,-0.0629378066265605,-5.03676747388461,-1.93482386835144,-6067.50572243719,0.070069852049189
2.536,-7.91812499999999,-5.05822899480557,-1.55533636607999,50,-4.99487770414316,-1.56546775737828,-5130.05610194083,-0.0633512906624089,-5.14593964591765,-1.87600383870907,-6051.45930443764,0.087710651112084
2.537,-7.858125,-5.14571932550705,-1.50533636528,50,-5.08315080562455,-1.51584476621649,-5142.26820749667,-0.0625685198824995,-5.25174851956275,-1.81742260715825,-6044.51260398947,0.106029194055708
2.538,-7.79812500000002,-5.22979031275046,-1.45533636272002,50,-5.16857970398653,-1.46618633931989,-5158.19788273554,-0.061210608763939,-5.35420536801218,-1.75899608616045,-6040.67305355727,0.124415055261725
2.539,-7.73812499999998,-5.31386129999394,-1.40533636015999,50,-5.25116139067971,-1.41645832997277,-5151.60301146595,-0.0626999093142292,-5.45331822973559,-1.70069545013417,-6013.87089138814,0.139456929741656
2.54,-7.678125,-5.39093817355591,-1.3553363612,50,-5.33089781859577,-1.36686807185583,-5178.44158686083,-0.0600403549601329,-5.54910036386012,-1.64273175998569,-6020.21159968195,0.158162190304214
2.541,-7.61812500000001,-5.46754877287244,-1.30533636248001,50,-5.40778806244329,-1.31710776374533,-5184.57052496573,-0.0597607104291652,-5.64156232584633,-1.58479957904064,-6005.67797217571,0.174013552973888
2.542,-7.55812500000001,-5.54167257621337,-1.25533636376001,50,-5.48182784487041,-1.26736819788184,-5188.32084633376,-0.0598447313429675,-5.73071142129161,-1.52709090234911,-5988.70813313228,0.18903884507824
2.543,-7.49812499999999,-5.61082278760308,-1.20533636503999,50,-5.55301898030893,-1.21767122538886,-5208.724736743,-0.057803807294151,-5.81656108821121,-1.46962779662565,-5988.42507178267,0.20573830060812
2.544,-7.43812500000001,-5.67997299899274,-1.15533636632001,50,-5.62135951806347,-1.16786356741147,-5205.88733240162,-0.0586134809292642,-5.89912098790386,-1.41225636288048,-5965.01058395753,0.219147988911112
2.545,-7.378125,-5.7436833393729,-1.1053363648,50,-5.68684924672708,-1.11815921542389,-5224.20562101891,-0.0568340926458141,-5.97840246524872,-1.35518926814561,-5962.92605272766,0.234719125875814
2.546,-7.318125,-5.80537315623523,-1.05533636224,50,-5.74948850490292,-1.0683633769266,-5234.76049780759,-0.0558846513323137,-6.05441732233681,-1.29822980509489,-5953.30614241167,0.249044166101589
2.547,-7.258125,-5.86613042708188,-1.005336360112,50,-5.80927410099187,-1.01854761711254,-5230.57186480108,-0.0568563260900145,-6.12717370725902,-1.2414471323868,-5929.21532513574,0.261043280177134
2.548,-7.198125,-5.92035987581876,-0.955336361007998,50,-5.86620878027921,-0.968847607149844,-5255.90698936374,-0.0541510955395608,-6.1966855554663,-1.18497410834036,-5934.95748270744,0.276325679647545
2.549,-7.138125,-5.97458932455564,-0.905336361903996,50,-5.9202913883043,-0.918991549056615,-5257.22676758847,-0.0542979362513481,-6.26296273197407,-1.12853578963152,-5917.02325295332,0.288373407418431
2.55,-7.07812500000001,-6.02493314541327,-0.855336362200009,50,-5.97151932059579,-0.869200625893763,-5267.37429628135,-0.0534138248174757,-6.32601346387314,-1.07234994523042,-5908.27954470127,0.301080318459859
2.551,-7.01812499999999,-6.07170218862202,-0.805336361943992,50,-6.01989397957094,-0.819393521397839,-5282.66096755478,-0.0518082090510868,-6.38584978340562,-1.01633163100406,-5905.05645329151,0.314147594783589
2.552,-6.95812499999999,-6.11847123183077,-0.75533636168799,50,-6.06541308435075,-0.769522980538169,-5275.46390030886,-0.0530581474800073,-6.44247982688742,-0.960429797605723,-5879.74540649025,0.324008595056643
2.553,-6.898125,-6.15840159014015,-0.705336361784003,50,-6.10807892894345,-0.719795952035493,-5300.57150535437,-0.0503226611967068,-6.49591608452058,-0.904847473679724,-5887.14535117121,0.337514494380429
2.554,-6.83812500000002,-6.19771024982232,-0.655336361912016,50,-6.14789121539049,-0.669915010460578,-5306.35128118314,-0.049819034431839,-6.54616822733375,-0.849283222864745,-5875.63108963981,0.348457977511431
2.555,-6.77812499999998,-6.23468753965247,-0.605336362039985,50,-6.18484622601081,-0.620058210407479,-5308.59280742098,-0.0498413136416513,-6.59324227507666,-0.793911027844619,-5860.99674300371,0.358554735424174
2.556,-6.718125,-6.26653581580809,-0.555336362167998,50,-6.21894627548286,-0.570258066353075,-5328.84274713581,-0.0475895403252297,-6.63715004553914,-0.738759295715826,-5864.79116180291,0.370614229731045
2.557,-6.65812500000001,-6.2983840919637,-0.50533636229601,50,-6.25018986113249,-0.520348813076578,-5325.83390862477,-0.0481942308312045,-6.67789930342871,-0.683658140118879,-5845.74734241113,0.379515211465023
2.558,-6.59812500000001,-6.32494791420356,-0.455336362152009,50,-6.27857686640388,-0.470544600456961,-5342.8009801414,-0.0463710477996897,-6.71549896358082,-0.628817594451512,-5847.09846956265,0.390551049377263
2.559,-6.53812499999999,-6.34933578483105,-0.405336361895992,50,-6.30410804015656,-0.420661487308952,-5353.3418277347,-0.0452277446744928,-6.74995857096829,-0.574049621260136,-5842.43948117683,0.400622786137234
2.56,-6.47812500000001,-6.37294653446634,-0.355336361680005,50,-6.3267805589261,-0.370758717188464,-5347.94047936899,-0.046165975540239,-6.78128386449474,-0.519409401120356,-5822.2502838969,0.408337330028388
2.561,-6.418125,-6.38987404356885,-0.305336361808003,50,-6.3465974990583,-0.320982988766627,-5373.38354127721,-0.043276544510554,-6.80948625134903,-0.465039613936768,-5833.31236986629,0.419612207780184
2.562,-6.358125,-6.40680155267135,-0.255336361936001,50,-6.36355800449429,-0.271050336554288,-5374.76380236621,-0.0432435481770687,-6.83457297758331,-0.410652328732396,-5820.71259455284,0.427771424911968
2.563,-6.298125,-6.41999885900979,-0.205336362063999,50,-6.37765943313713,-0.22118238155086,-5383.76574043329,-0.0423394258726429,-6.85654927774584,-0.356465261752975,-5816.12883286307,0.436550418736049
2.564,-6.238125,-6.42946596258415,-0.155336362191997,50,-6.38890348021736,-0.17130890404747,-5399.22097425275,-0.0405624823667965,-6.87542450190011,-0.302404355334917,-5818.38556064186,0.445958539315965
2.565,-6.17812499999999,-6.43893306615852,-0.105336362319995,50,-6.39728812872984,-0.121370542283071,-5392.13928301703,-0.0416449374286814,-6.89120407002835,-0.248406481426243,-5798.48498568736,0.45227100386984
2.566,-6.11812500000001,-6.44171690949034,-0.0553363622416082,50,-6.40281560380657,-0.0715747365387754,-5416.15114898904,-0.0389013056837751,-6.9038974306201,-0.194675389511708,-5810.04968645793,0.462180521129753
2.567,-6.05812499999999,-6.44372362953815,-0.00533636213919147,50,-6.40548587193961,-0.0216352051264411,-5422.14486214667,-0.038237757598531,-6.91351156430493,-0.140921185542552,-5803.95979925966,0.46978793476677
2.568,-5.99812499999999,-6.44355439797358,0.0446636379408104,50,-6.40529545351171,0.0282820621732543,-5423.37752542485,-0.0382589444618756,-6.92004980093946,-0.0873063275517723,-5793.4640942824,0.476495402965875
2.569,-5.938125,-6.43810071249325,0.0946636379663975,50,-6.40224687799902,0.0781332982107944,-5443.91812987663,-0.0358538344942298,-6.92352127947252,-0.0338711330766689,-5802.62311133711,0.485420566979267
2.57,-5.87812500000002,-6.43264702701292,0.144663637991985,50,-6.39633883696984,0.128096238393433,-5441.13379670517,-0.0363081900430829,-6.92393110567742,0.0195654998039014,-5788.7954535862,0.491284078664489
2.571,-5.81812499999998,-6.42206434298416,0.194663637912016,50,-6.38757108274246,0.177956120153611,-5457.10261004627,-0.0344932602416893,-6.92128525558493,0.0727920914521984,-5794.05066430914,0.499220912600768
2.572,-5.758125,-6.40915029597885,0.244663637784003,50,-6.37594457296301,0.227885632179798,-5467.94478196706,-0.0332057230158266,-6.91559072485249,0.125984529822092,-5794.5004291882,0.50644042887364
2.573,-5.69812500000001,-6.39561454851286,0.29466363768799,50,-6.36145667238362,0.277837501444016,-5461.61316349654,-0.034157876129254,-6.90685073532837,0.179098657749399,-5778.08911881347,0.511236186815498
2.574,-5.63812500000001,-6.37524009597941,0.344663637943992,50,-6.34411062735593,0.327653694420946,-5487.41794562861,-0.031129468623496,-6.89507421430798,0.231979474722971,-5794.11851612261,0.519834118328566
2.575,-5.57812499999999,-6.35486564344596,0.394663638200009,50,-6.3239057356454,0.377630076294377,-5489.08691788956,-0.030959907800557,-6.88026596907236,0.284925796885479,-5786.30809703928,0.525400325626406
2.576,-5.518125,-6.33091643434846,0.444663638271996,50,-6.30083918746559,0.427544349320705,-5497.14882915527,-0.0300772468828702,-6.86242853259534,0.337718196393068,-5785.17840958207,0.531512098246893
2.577,-5.458125,-6.30308162029003,0.494663638143998,50,-6.27491285370667,0.477455424807486,-5512.958194643,-0.0281687665833512,-6.84156895638307,0.390418374556814,-5792.07589587808,0.538487336093044
2.578,-5.398125,-6.2752468062316,0.544663638016,50,-6.2461248755086,0.52743458428975,-5506.1599714411,-0.0291219307230023,-6.81769040458768,0.443100324318329,-5776.63757989358,0.542443598356081
2.579,-5.338125,-6.24088413733605,0.594663637888002,50,-6.21447731343833,0.577273732421359,-5529.22887726668,-0.0264068238977147,-6.7907998076474,0.495558584550656,-5791.3303959539,0.54991567031135
2.58,-5.278125,-6.20558891774948,0.644663637760004,50,-6.17997031154021,0.62724786380696,-5535.57564062057,-0.0256186062092689,-6.76090203071661,0.548070708387379,-5789.55744656483,0.555313112967126
2.581,-5.21812499999999,-6.1682731716657,0.694663637736005,50,-6.14260054913497,0.677202925511768,-5535.92637837201,-0.0256726225307405,-6.72799832975667,0.600485127297775,-5782.03738585613,0.559725158090969
2.582,-5.15812500000001,-6.12551754655101,0.744663637991993,50,-6.10237069830409,0.727083783658248,-5556.87372868075,-0.0231468482469066,-6.69209581322101,0.65274911930034,-5795.35555681351,0.56657826666999
2.583,-5.09812499999999,-6.08276192143629,0.794663638248009,50,-6.05927957884807,0.77708004209744,-5554.42044879686,-0.0234823425882326,-6.65319760112043,0.705054629288109,-5785.50759206289,0.570435679684134
2.584,-5.03812499999999,-6.03503272197159,0.844663638248011,50,-6.01332675142523,0.82697623616112,-5569.48930622889,-0.0217059705463604,-6.61130742217348,0.757188464459691,-5793.40930688386,0.576274700201876
2.585,-4.978125,-5.98481673533192,0.894663638119998,50,-5.96451332671392,0.876933724612376,-5580.72360326859,-0.0203034086179979,-6.56643042688354,0.80931418796311,-5797.6972246185,0.581613691551624
2.586,-4.91812500000002,-5.93413447334674,0.944663637967985,49.9425871448003,-5.91283680616513,0.926917134489298,-5567.30515091975,-0.0212976671816096,-6.51856803210925,0.861398565438257,-5783.78707839734,0.584433558762504
2.587,-4.85812500000002,-5.87645808117891,0.994663637455987,49.0239814616002,-5.85830220323467,0.976699620319302,-5494.67879677876,-0.0181558779442396,-6.46772740125999,0.913274238783083,-5803.50665130627,0.591269320081068
2.588,-4.798125,-5.81878168901107,1.044663636944,48.1053757783999,-5.80093662596982,1.02573678083817,-5413.35642515681,-0.0178450630412418,-6.41391161946576,0.965250924904987,-5799.21347135017,0.595129930454697
2.589,-4.73812500000001,-5.75776775626555,1.09356721063999,46.3247593896005,-5.74078503719715,1.07394976793931,-5237.89443671496,-0.0169827190684016,-6.35712123242138,1.01710754990781,-5781.21986302633,0.599353476155829
2.59,-4.67812500000001,-5.69280945738271,1.14117500839999,43.5254030760004,-5.67791943347085,1.12047377461679,-4967.5412166219,-0.0148900239118648,-6.29736672468395,1.06871825594529,-5752.91952957973,0.604557267301237
2.591,-4.61812499999999,-5.62785115849986,1.18878280616001,40.7260467623995,-5.61246152083159,1.16443841945905,-4720.79407093169,-0.0153896376682736,-6.23466489189896,1.11998860232071,-5708.239022728,0.606813733399098
2.592,-4.558125,-5.55728987045679,1.23016373712,37.2895431016002,-5.54455160463349,1.20606484536146,-4363.01720475193,-0.0127382658232912,-6.16903953729325,1.17076841899621,-5587.1694082327,0.611749666836476
2.593,-4.498125,-5.48577197450829,1.27048154448,33.7442581864001,-5.47435281418474,1.24433520313487,-4021.99158011803,-0.0114191603235553,-6.10053887752472,1.22035568650251,-5453.88644700408,0.614766903016422
2.594,-4.438125,-5.4129223416641,1.30849122384,30.3048384232,-5.40205287403425,1.2794088061071,-3701.64912176731,-0.0108694676298562,-6.02923440663021,1.26863989050087,-5292.65770180542,0.616312064966096
2.595,-4.37812500000001,-5.33607749813288,1.33957651919999,27.1830141160008,-5.32782935152339,1.31148089437789,-3365.38251927267,-0.00824814660949289,-5.95520809219482,1.3153659495272,-5050.71910650392,0.61913059406195
2.596,-4.31812499999999,-5.25923265460162,1.37066181456,24.0611898087997,-5.25185828447354,1.34040961816891,-3068.88067284879,-0.00737437012806666,-5.87857041209648,1.35979374808527,-4827.85193443847,0.619337757494858
2.597,-4.25812499999999,-5.17978403233074,1.39649664488,21.1998746711997,-5.17430915440175,1.36656568545096,-2766.71119850627,-0.00547487792898317,-5.79944791843226,1.40210230557257,-4553.20981744703,0.619663886101519
2.598,-4.19812500000001,-5.09890753139622,1.41945218792,18.4814194008004,-5.09534219346971,1.38990125166477,-2479.15654533215,-0.00356533792650493,-5.71797558650285,1.44181857731945,-4266.825610939,0.619068055106638
2.599,-4.13812499999999,-5.01791032209688,1.44211275976,15.7787802548795,-5.01511502735173,1.41055514494174,-2224.91910029068,-0.00279529474514055,-5.63430492298399,1.47883855414524,-4005.24943527124,0.616394600887111
2.6,-4.07812499999999,-4.93413682040777,1.457988994,13.4399119719994,-4.93377240440861,1.42883804018976,-1948.44590953341,-0.000364415999162709,-5.54858375604896,1.51339464919081,-3676.44663096425,0.614446935641185
2.601,-4.018125,-4.85036331871868,1.47386522824,11.1010436891201,-4.85145592800447,1.44454904359517,-1707.92801050403,0.00109260928579955,-5.46097086460783,1.54487219648943,-3385.23701136668,0.610607545889155
2.602,-3.95812500000002,-4.76575224138114,1.48707673552,8.91671889520055,-4.76830336608663,1.45802293027424,-1477.02708871986,0.00255112470548862,-5.3716325916712,1.57362182508945,-3088.43170733606,0.605880350290066
2.603,-3.89812500000001,-4.68006428106699,1.49686216528,6.93109287280048,-4.68444026200819,1.46935164394853,-1248.92661223935,0.00437598094120085,-5.28072658913811,1.59959628296805,-2776.99678713756,0.600662308071107
2.604,-3.83812499999999,-4.59437632075282,1.50664759504,4.94546685039982,-4.5999886917869,1.47856427373302,-1052.0051537301,0.00561237103407157,-5.18841559513921,1.62266527917112,-2503.894255778,0.594039274386381
2.605,-3.77812500000001,-4.50779311434218,1.51212394,3.23092879408028,-4.51506158657541,1.48595094652305,-845.931414211799,0.00726847223322348,-5.0948558484444,1.64318597514156,-2198.52401829654,0.587062734102223
2.606,-3.71812500000001,-4.4210308587122,1.516738468,1.57060833097621,-4.42976589710343,1.49143029156668,-661.914864495491,0.00873503839121346,-5.00020174724216,1.66086545784842,-1919.58241056328,0.579170888529949
2.607,-3.65812499999999,-4.33418473902055,1.52036213712,-0.021740902032281,-4.34420500710167,1.49520819136811,-495.878525831531,0.0100202680811193,-4.90460898935417,1.67595127456594,-1661.18904905792,0.570424250333609
2.608,-3.598125,-4.24705653112155,1.52065291728,-1.38545963380793,-4.25847158777527,1.49745270110914,-325.247451896878,0.0114150566537158,-4.80822065001754,1.68863648934169,-1383.26340577592,0.561164118895992
2.609,-3.538125,-4.15992832322253,1.52094369744,-2.74917836558398,-4.17265463880515,1.49812392597988,-180.452554742044,0.0127263155826146,-4.71117931493456,1.69874512611635,-1143.77831752828,0.551250991712036
2.61,-3.478125,-4.07293858776343,1.5190148808,-3.94550898120003,-4.08683742351596,1.49746199739823,-37.9014962357883,0.0138988357525398,-4.61362236532413,1.70663483169213,-899.376362736259,0.540683777560681
2.611,-3.41812500000001,-3.98603193576832,1.51575430608,-5.04140672711974,-4.0010956753889,1.49548962506764,94.1485755312256,0.0150637396205809,-4.51567813394126,1.71226381024018,-667.071912796699,0.52964619817295
2.612,-3.35812499999999,-3.89913985496078,1.51243427512,-6.13231424808009,-3.9155016514846,1.49230544925389,205.275099305085,0.0163617965238263,-4.41747286209198,1.71574686293204,-467.794786441743,0.518333007131203
2.613,-3.29812499999999,-3.8129326199717,1.50631980088,-6.98868119592012,-3.83011921459648,1.48810384489394,324.3469250209,0.0171865946247902,-4.31912070228205,1.71739116732976,-246.204843076071,0.506188082310348
2.614,-3.23812500000001,-3.72672538498263,1.50020532664,-7.8450481437599,-3.7450087079765,1.48281329222417,423.063155306048,0.0182833229938806,-4.22073280615924,1.7169942955767,-58.6794591884177,0.494007421176595
2.615,-3.17812499999999,-3.64096760925692,1.4931616364,-8.61300355720014,-3.66022711048036,1.4766227505924,513.565164505263,0.0192595012234291,-4.12241705579012,1.71487280544309,118.297118870787,0.481449446533186
2.616,-3.11812499999998,-3.55583907650001,1.48481704376,-9.25718282248016,-3.57582378276895,1.46960918581554,600.533479747685,0.0199847062689464,-4.02426940769938,1.71112641910104,293.282689559338,0.468430331199374
2.617,-3.058125,-3.47071054374311,1.47647245112,-9.90136208775999,-3.49184491270676,1.46180638356384,671.043376044136,0.0211343689636343,-3.92638236467859,1.70577597240749,439.333419589771,0.455671820935466
2.618,-2.99812500000002,-3.38669532266525,1.46676484592,-10.3942953375999,-3.40833134743412,1.45336698460971,742.191873151309,0.0216360247688668,-3.82884013530534,1.69909015219003,591.612795623428,0.442144812640095
2.619,-2.93812500000001,-3.30293701966714,1.45674269936,-10.8523256607999,-3.32531970129774,1.44428610055058,802.209865098684,0.0223826816306051,-3.73172081317598,1.6910137247344,724.547820064614,0.428783793508848
2.62,-2.87812499999999,-3.21950879307112,1.4464720552,-11.276671816,-3.24284376663966,1.43466712633582,852.153318645286,0.0233349735685525,-3.63509891405875,1.68172681351647,840.047132850797,0.41559012098763
2.621,-2.81812500000001,-3.13733485680317,1.43525712016,-11.5730181328,-3.16093169461007,1.42460358175846,901.767273055357,0.0235968378068994,-3.53903914444743,1.67139170333329,958.989937786217,0.401704287644246
2.622,-2.75812500000001,-3.0551609205352,1.42404218512,-11.8693644496,-3.07960885063065,1.41409918729462,939.546904992427,0.0244479300954324,-3.44360242274314,1.65997833876549,1055.12362668718,0.388441502207925
2.623,-2.69812499999999,-2.97403275595637,1.41236099504,-12.0817407792,-2.99889735490273,1.40326350202839,973.727651204503,0.0248645989463534,-3.34884446890833,1.64769823497488,1147.27371087302,0.37481171295196
2.624,-2.638125,-2.89358975213945,1.40037432752,-12.2391022896,-2.91881522575594,1.39213014920916,1002.47834602995,0.0252254736164969,-3.25481385503433,1.63458938457064,1230.30606234929,0.361224102894871
2.625,-2.578125,-2.81314674832251,1.38838766,-12.3964638,-2.83937807391955,1.38074954669441,1022.23295253372,0.0262313255970272,-3.16155562492955,1.62073695525094,1295.0385159059,0.348408876607046
2.626,-2.518125,-2.73452281748355,1.37599119536,-12.4356487728,-2.76059768376434,1.36920484173372,1041.99223590124,0.026074866280779,-3.06910752637773,1.60631045862396,1364.57503472009,0.334584708894178
2.627,-2.45812500000001,-2.65589888664462,1.36359473072,-12.4748337456,-2.68248345161368,1.35749624565875,1053.99866646593,0.0265845649690548,-2.97750369168397,1.59126658709367,1417.3953043583,0.321604805039342
2.628,-2.39812499999999,-2.57801012253624,1.35115787512,-12.4747020336,-2.60504271711283,1.34569533874649,1061.32077188462,0.0270325945765996,-2.88677506066611,1.57576008708358,1462.06325778164,0.308764938129874
2.629,-2.33812499999999,-2.50124345501668,1.33865937016,-12.4145606448,-2.5282795305807,1.33384535987009,1065.66576562656,0.0270360755640081,-2.79694597081165,1.55986667697701,1502.92949773148,0.295702515794964
2.63,-2.27812500000001,-2.42447678749715,1.3261608652,-12.354419256,-2.45219591680542,1.32197377451853,1064.55052316619,0.0277191293082613,-2.70803757127387,1.54362193224857,1530.98108539366,0.283560783776725
2.631,-2.21812499999999,-2.34917722938233,1.31378634664,-12.2290029264,-2.37679167368436,1.3101308503549,1060.64487174205,0.0276144443020431,-2.62006659900581,1.52714429226796,1557.00255496653,0.270889369623493
2.632,-2.15812499999998,-2.27426375268983,1.30144445608,-12.0864089808,-2.30206442488328,1.29834221471682,1053.05456305542,0.0278006721934399,-2.53304585252184,1.51045279510925,1574.64704484838,0.258782099832016
2.633,-2.098125,-2.19969036375978,1.28917219168,-11.93115282,-2.228010091179,1.2866416823039,1041.90249625181,0.0283197274192085,-2.44698536759784,1.49362484046423,1584.17388641842,0.247295003838065
2.634,-2.03812500000002,-2.12659068846689,1.27720164064,-11.7210270600001,-2.15462268980165,1.27506188473081,1027.79316698125,0.0280320013347415,-2.36189081712043,1.47673532220646,1591.39876789156,0.23530012865354
2.635,-1.97812500000001,-2.05349101317398,1.2652310896,-11.5109013,-2.08189452909778,1.26362984167325,1011.22474458369,0.028403515923799,-2.27776511898515,1.45980551379244,1590.67954840774,0.224274105811167
2.636,-1.91812499999999,-1.98140941512806,1.25357973856,-11.26897986,-2.00981650179815,1.25236794776849,991.452824202462,0.0284070866700993,-2.19460848610696,1.44290856340071,1585.5116481977,0.213199070978902
2.637,-1.85812500000001,-1.91005501511577,1.24215638752,-11.00434722,-1.93837802231396,1.24130541146678,969.387909175264,0.0283230071981887,-2.112417864822,1.42608534796402,1575.95790134174,0.20236284970624
2.638,-1.79812500000001,-1.83870061510345,1.23073303648,-10.73971458,-1.86756707280523,1.2304630193146,946.319325815136,0.0288664577017851,-2.03118787776636,1.40937610298233,1561.11635309332,0.192487262662928
2.639,-1.73812499999999,-1.76896481701208,1.2199844776,-10.4326920120799,-1.79737078518925,1.21984966383716,918.675113519144,0.0284059681771821,-1.95091060631874,1.39282929957425,1542.6512345475,0.181945789306673
2.64,-1.678125,-1.69926345725949,1.209250276,-10.1247675308,-1.72777484084594,1.20950708581384,891.001551153898,0.0285113835864346,-1.87157579544532,1.37647802280207,1520.42319159523,0.172312338185831
2.641,-1.618125,-1.63014027343492,1.1988167824,-9.80417607656,-1.65876372965814,1.19943513556021,861.395265029436,0.0286234562232149,-1.79317125921873,1.36035658850405,1494.36243994491,0.163030985783827
2.642,-1.558125,-1.56198071615707,1.1888844688,-9.46247300071998,-1.59032144842403,1.18965117466182,828.869356624029,0.0283407322669658,-1.71568282869029,1.34449990134438,1464.68129529766,0.153702112533213
2.643,-1.49812500000001,-1.49382115887925,1.1789521552,-9.12076992488007,-1.52243073985962,1.18018161726015,797.494904091771,0.028609580980366,-1.63909439252932,1.32894085858055,1433.25654565728,0.145273233650062
2.644,-1.43812499999999,-1.42675278587955,1.16970576832,-8.75914813879995,-1.45507390741069,1.17101538263576,761.699803347465,0.0283211215311321,-1.56338845063925,1.31369504002971,1397.12812092598,0.136635664759712
2.645,-1.37812499999999,-1.36000881901663,1.1606633056,-8.39160457399994,-1.38823242032246,1.16219267060187,726.177026913985,0.0282236013058411,-1.48854583079977,1.29880523400514,1359.51593760807,0.128537011783149
2.646,-1.31812500000001,-1.29347781900773,1.15178036672,-8.02083817912004,-1.32188668322815,1.15371044331483,691.226823605623,0.028408864220408,-1.41454575974384,1.28428453926644,1320.70713248736,0.121067940736106
2.647,-1.25812499999999,-1.22801165326881,1.14369504704,-7.63395763383991,-1.25601735381543,1.14556290535052,651.151818070451,0.0280057005466055,-1.34136678996036,1.27014339261169,1276.6943757108,0.113355136691541
2.648,-1.19812499999998,-1.16254548752991,1.13560972736,-7.24707708855989,-1.19060391996441,1.13779668612098,614.071363783396,0.0280584324345029,-1.26898582024301,1.25642908209661,1233.87597927569,0.106440332713106
2.649,-1.138125,-1.09771563675495,1.12809112904,-6.85225596639999,-1.12562533989879,1.13038364471069,574.046965611879,0.0279097031438485,-1.19737872842207,1.24312995801002,1187.47703932916,0.0996630916671071
2.65,-1.07812500000001,-1.03338069761859,1.121013314,-6.4512588400001,-1.06106061779512,1.12335031797776,532.931993649619,0.0276799201765353,-1.12652080081337,1.23027831781328,1139.28390199958,0.0931401031947691
2.651,-1.01812500000001,-0.969045758482204,1.11393549896,-6.05026171360008,-0.996887727033635,1.11670615064331,495.423936394516,0.0278419685514279,-1.05638594546908,1.21788997452227,1093.46035577207,0.0873401869868815
2.652,-0.958124999999992,-0.905648224226933,1.10785843416,-5.63966234847994,-0.933085338344124,1.11041735589499,450.268692831258,0.0274371141171988,-0.986948262535003,1.20594240978866,1040.01983630859,0.0813000383080718
2.653,-0.898125000000007,-0.842291446705661,1.10182488024,-5.22864549472005,-0.86963109066039,1.1045537370193,409.182284334387,0.027339643954729,-0.91818050929861,1.19450501655944,989.709733160769,0.075889062592959
2.654,-0.838125000000005,-0.779225226487196,1.09617041136,-4.81519168144004,-0.80650171446354,1.09907720171105,367.708166793578,0.027276487976338,-0.850054302793997,1.1835482042387,938.47435967334,0.0708290763067904
2.655,-0.778125000000003,-0.716688846056234,1.0912072152,-4.39729400080002,-0.743674946502165,1.09399071691389,322.388705836697,0.0269861004459258,-0.782541885238427,1.17307974041313,883.196179589681,0.0658530391822046
2.656,-0.718125000000001,-0.654152465625271,1.08624401904,-3.97939632016,-0.681127442367113,1.08932905520898,282.120282533756,0.0269749767418466,-0.715614232484458,1.16313606196327,832.359136636246,0.0614617668591854
2.657,-0.658124999999998,-0.592110605232298,1.0820970264,-3.55810106319999,-0.618836211606542,1.08504508857409,235.893702180969,0.0267256063742512,-0.649242470356307,1.15367549701017,775.459238312028,0.0571318651240031
2.658,-0.598124999999996,-0.530233584851988,1.0782221016,-3.13567328079997,-0.556778060322893,1.08119304662674,191.721015460898,0.0265444754709122,-0.583397342012151,1.14475307499734,720.321259447164,0.0531637571601605
2.659,-0.538125000000011,-0.468428912127508,1.07450760448,-2.71283792144008,-0.494928801559195,1.07775336406223,150.71742771744,0.0264998894316814,-0.518048502401087,1.13635175214418,668.07020455527,0.0496195902735881
2.66,-0.478124999999991,-0.407047989958454,1.0717327552,-2.28761532559994,-0.433265662423252,1.07469624601293,101.866455040778,0.026217672464805,-0.453166878758938,1.12844416104644,607.992849265472,0.0461188888004747
2.661,-0.418124999999989,-0.345667067789419,1.06895790592,-1.86239272975992,-0.371764672309062,1.07209329544524,59.4384570619195,0.0260976045196421,-0.388722141559365,1.12110153838358,554.141602121422,0.0430550737699543
2.662,-0.358125000000005,-0.284465662831635,1.06678287248,-1.43635748312003,-0.31040152234667,1.06988471703233,13.7791438377375,0.0259358595150369,-0.324683586539191,1.11426572825957,497.026045649288,0.0402179237075458
2.663,-0.29812500000002,-0.223416157052585,1.06511537552,-1.00963460888014,-0.2491527825405,1.06809962759762,-33.0874217462512,0.025736625487917,-0.261021337640277,1.10796597676079,438.707173114127,0.0376051805876895
2.664,-0.238124999999982,-0.162366651273481,1.06344787856,-0.582911734639875,-0.187993889379995,1.06674847745491,-73.3289808748529,0.0256272381065107,-0.19770438762241,1.10221252350416,386.987285437815,0.0353377363489232
2.665,-0.178124999999998,-0.101472676583875,1.062822182,-0.155747635399985,-0.126901745334479,1.0657696439389,-124.213348938261,0.0254290687506055,-0.134703199392224,1.0969438110667,324.695920750913,0.033230522808354
2.666,-0.118125000000013,-0.0405890706335642,1.0622659388,0.271445878839905,-0.0658522297400751,1.06526046380103,-168.611498748886,0.0252631591065052,-0.0719872346464943,1.09225634568864,268.95150756645,0.0313981640129399
2.667,-0.0581250000000111,0.0202945353167641,1.0620805244,0.698482513079921,-0.00482016380646124,1.06516053587063,-212.477187631797,0.0251146991232372,-0.00952494171006274,1.08808899448321,213.815528458454,0.0298194770268377
2.668,0.00187500000002672,0.0811781412671285,1.0626367676,1.12520538732019,0.0562177423823645,1.06546432716624,-261.949093534684,0.0249603988847547,0.0527132963095169,1.08443535367995,153.165059139632,0.0284648449576127
2.669,0.0618749999999935,0.142061747217421,1.0631930108,1.55192826155995,0.117286079885162,1.06622278911965,-303.545203239893,0.0247756673322527,0.114758343441536,1.08134536033766,100.546202882393,0.0273034037758904
2.67,0.121874999999996,0.203066321792872,1.0645595432,1.97755718279997,0.178408803472932,1.06736275966632,-352.733865788887,0.0246575183199496,0.176640352461669,1.07874424996262,40.3912350656228,0.0264259693311971
2.671,0.181874999999998,0.264115827571939,1.06622704016,2.40277977863999,0.239609756134996,1.0689534989541,-399.108921216061,0.0245060714369419,0.238389298814118,1.07670059701257,-16.7844819340038,0.0257265287578206
2.672,0.241875,0.325206760399753,1.06803295616,2.8276530228,0.300914003445777,1.07096842310591,-440.175413688975,0.024292756953972,0.300036312490039,1.07518612832099,-68.4627300361034,0.0251704479097134
2.673,0.301875000000003,0.386587682568788,1.07080780544,3.25008080520002,0.362344431444153,1.07335803585603,-492.199860277069,0.0242432511246465,0.361610241099883,1.07414944693843,-131.125121903954,0.0249774414689123
2.674,0.361875000000005,0.447968604737823,1.07358265472,3.67250858760003,0.423925379652486,1.076222569615,-535.107229577238,0.0240432250853415,0.423141333611549,1.07369086641719,-184.385129256901,0.0248272711262834
2.675,0.421874999999972,0.509607911391861,1.07693046,4.0925769419998,0.485681635049454,1.07947741114421,-581.453364657382,0.0239262763424182,0.484660208996432,1.07372298876341,-241.058154197462,0.0249477023954185
2.676,0.481875000000009,0.571484931772207,1.0808053848,4.51047462264007,0.54763644961481,1.08315359211178,-629.636438225117,0.0238484821574063,0.546195860205463,1.07427645314944,-299.485396997898,0.0252890715667511
2.677,0.541875000000012,0.633361952152517,1.0846803096,4.92837230328008,0.609814429755445,1.08726735927568,-668.785563714822,0.0235475223970774,0.607778597130103,1.07536659029944,-348.532659681849,0.0255833550224073
2.678,0.601874999999978,0.695843385912555,1.08955281648,5.33996255927985,0.672238246890258,1.09173492205498,-720.766921145,0.0236051390223036,0.66943667283111,1.07690627255355,-410.765979095523,0.0264067130814391
2.679,0.661874999999981,0.758379766343517,1.09451601264,5.75097941303987,0.734931538375365,1.09667378860033,-764.675052802555,0.0234482279681591,0.731199299708785,1.07901611483877,-464.562565250903,0.0271804666347418
2.68,0.721875000000018,0.821172520865244,1.0998136956,6.15886510200012,0.797919159215438,1.10200895471378,-806.918484123736,0.0232533616498162,0.793096896618679,1.08161761546108,-516.626060095405,0.0280756242465713
2.681,0.781874999999985,0.884529298386496,1.10584724952,6.5598622283999,0.861223359356377,1.10772449088791,-856.24851865272,0.0233059390301076,0.8551571549022,1.08469406790999,-576.088438541671,0.0293721434842956
2.682,0.841874999999987,0.947886075907786,1.11188080344,6.96085935479992,0.924867783256567,1.11388500429864,-895.542348049055,0.0230182926512314,0.917409216258712,1.08831280573931,-624.991048306623,0.0304768596490695
2.683,0.90187499999999,1.01193571790643,1.11865404232,7.35185723623993,0.988875261326668,1.12039747214403,-942.744517253813,0.0230604565797556,0.979881344133219,1.09237583853484,-682.408116108288,0.0320543737732167
2.684,0.961874999999992,1.07627065704282,1.12573185736,7.73873778151995,1.05326802776878,1.12733410562094,-986.73771786581,0.023002629274053,1.04260121909912,1.09696081065331,-736.450761940591,0.0336694379437055
2.685,1.02187499999999,1.14072343228363,1.1329146208,8.12360405799997,1.118069520891,1.1346647247616,-1023.46868172733,0.0226539113926314,1.10559783353583,1.10203586840665,-782.823619648138,0.0351255987477986
2.686,1.081875,1.20618959802252,1.14099994048,8.49114762279998,1.18330038287506,1.14232190631011,-1072.38513752982,0.0228892151474737,1.1688972240661,1.10752969011138,-842.663492193518,0.037292373956416
2.687,1.141875,1.27165576376142,1.14908526016,8.85869118759999,1.24898252148332,1.1504172506206,-1110.54710796954,0.0226732422780997,1.2325269148764,1.11356552321989,-890.909471294261,0.0391288488850165
2.688,1.201875,1.33776083006233,1.15764915136,9.21331450792001,1.31513818767803,1.15885113727546,-1150.90029683319,0.0226226423842981,1.29651488117165,1.1200358637948,-942.001303953749,0.0412459488906879
2.689,1.261875,1.40450479692526,1.16669161408,9.55501758376002,1.38178734099281,1.16764320074355,-1192.96475527616,0.0227174559324415,1.36088674915672,1.1269662202023,-995.317742176835,0.0436180477685505
2.69,1.32187500000001,1.47124876378818,1.1757340768,9.89672065960003,1.44895093856604,1.17680862953094,-1224.89086226242,0.0222978252221351,1.42566944168901,1.13437634578901,-1037.48326684403,0.0455793220991711
2.691,1.38187500000001,1.53926086373114,1.1855736976,10.20816374448,1.51664768400587,1.18625357208798,-1267.74702741035,0.0226131797252828,1.49088748727255,1.142162908508,-1092.97119210335,0.0483733764585955
2.692,1.44187500000001,1.60742042100898,1.1955060112,10.5160882257601,1.58489646059255,1.19607815170342,-1302.36001795226,0.0225239604164239,1.55656594871057,1.15044789096716,-1139.28759229945,0.0508544722984161
2.693,1.50187500000001,1.6760296706753,1.2056722088,10.8113859200001,1.65371683049387,1.20620594273344,-1333.52018406451,0.0223128401814372,1.62273094396615,1.15914614258532,-1182.31042233983,0.0532987267091478
2.694,1.56187500000001,1.74573103042791,1.2164064104,11.0760185600001,1.72312524295188,1.21660470921559,-1370.12373330227,0.0226057874760211,1.68940526521172,1.16822672194984,-1232.82722450878,0.0563257652161841
2.695,1.62187499999998,1.81543239018047,1.227140612,11.3406511999999,1.79313864634513,1.22732411026269,-1396.79675968207,0.0222937438353381,1.75661277635225,1.1777579809963,-1271.76465482625,0.058819613828233
2.696,1.68187500000002,1.88627021511167,1.23834860384,11.5678103600001,1.863772780149,1.23827228808086,-1427.38573390685,0.0224974349626835,1.82437622755332,1.18763269095015,-1317.24834785881,0.0618939875583616
2.697,1.74187500000002,1.95762461512399,1.24977195488,11.7779361200001,1.93504177423778,1.24948491478628,-1454.41042062777,0.0225828408862216,1.89271700718856,1.19791054507948,-1359.11784570245,0.06490760793543
2.698,1.80187499999999,2.02912445474298,1.26124090592,11.9824342288,2.00695982926825,1.26092878903813,-1473.92363985202,0.0221646254747348,1.96165724325705,1.20855766791507,-1392.13809660368,0.0674672114859254
2.699,1.86187499999999,2.1022241300359,1.27321145696,12.1250281744,2.07953820475371,1.27253444690176,-1499.47024859312,0.0226859252821893,2.03121574458736,1.21949207401856,-1436.12496135961,0.0710083854485331
2.7,1.92187500000003,2.17532380532885,1.28518200800001,12.2676221200001,2.1527877531921,1.28435714479612,-1516.33242749958,0.0225360521367475,2.10141184890885,1.23081421094834,-1468.80815278161,0.0739119564200078
2.701,1.981875,2.24929259379235,1.29733049256,12.3707075488,2.22671861155025,1.29631664955468,-1531.00048255753,0.0225739822420967,2.1722647751418,1.24241948392696,-1501.31402823833,0.077027818650547
2.702,2.041875,2.32420607048485,1.30967238312,12.4308489376,2.30133803392473,1.3083925631874,-1544.21673782466,0.0228680365601105,2.2437906864809,1.25430582278666,-1534.38324575857,0.0804153840039462
2.703,2.101875,2.39911954717734,1.32201427368,12.4909903264,2.37665230224648,1.32057134870245,-1550.49132337215,0.0224672449308601,2.31600582280915,1.26647797462232,-1557.47588171241,0.0831137243681878
2.704,2.161875,2.47565456584351,1.33449320184,12.4642211488,2.45266547652169,1.33278898328698,-1555.89043608758,0.0229890893218182,2.38892391787881,1.27884371187341,-1586.5067841646,0.0867306479647015
2.705,2.221875,2.55242123336307,1.3469917068,12.425036176,2.5293795501729,1.3450373523749,-1556.23294081288,0.0230416831901814,2.46255761981416,1.29145736653432,-1608.06729849946,0.0898636135489081
2.706,2.28187500000001,2.6296909096983,1.35946257584,12.3538450576,2.60679495007012,1.35726988753419,-1551.41062072196,0.0228959596281758,2.53691915332798,1.30424982676239,-1624.46928981058,0.092771756370314
2.707,2.34187499999997,2.7083148405372,1.37185904047999,12.1964835472001,2.68490940845491,1.36943909691916,-1541.94960022171,0.0234054320822994,2.61201739570157,1.31717335699717,-1642.04681175357,0.0962974448356427
2.708,2.40187500000001,2.7869387713762,1.38425550512,12.0391220368,2.763718077261,1.38150240264097,-1529.06328114064,0.0232206941152039,2.6878601606966,1.33023856896195,-1651.65730584966,0.0990786106796149
2.709,2.46187500000001,2.86677541753382,1.39637877168,11.7891039887999,2.84321399058433,1.39342845610337,-1507.76003675081,0.0235614269494755,2.76445345999244,1.34337194639388,-1658.99243605541,0.102321957541366
2.71,2.52187499999998,2.94721842135072,1.4083654392,11.4927576720001,2.92338707217452,1.40514003433452,-1482.19990690604,0.023831349176185,2.8418005964596,1.35655245028868,-1662.13120270623,0.105417824891119
2.711,2.58187499999998,3.02776960844585,1.42030387344,11.1863061048001,3.0042239210824,1.41659830642484,-1454.82380946688,0.0235456873634335,2.91990316215685,1.36974140105563,-1659.46224587834,0.107866446288998
2.712,2.64187499999998,3.10994354471382,1.43151880848,10.7282757816001,3.08570955656556,1.42778695809697,-1410.64226677039,0.0242339881482585,2.99876010999223,1.38288535454607,-1651.89366452011,0.111183434721587
2.713,2.70187499999999,3.19211748098179,1.44273374352,10.2702454584001,3.16782411323124,1.43855179716621,-1368.8723250339,0.0242933677505428,3.07836757246187,1.39593930396011,-1640.2100703089,0.113749908519906
2.714,2.76187499999999,3.27501758533441,1.45340198384,9.72689687008011,3.25054396282803,1.44891566727091,-1316.28411876122,0.0244736225063819,3.15871931215342,1.40886553068582,-1621.34354747311,0.116298273180982
2.715,2.82187499999999,3.35877588833252,1.4634241304,9.08271760480009,3.33384329806313,1.45877966187925,-1252.36702070081,0.0249325902693821,3.23980612363044,1.42159814975001,-1595.78966346452,0.118969764702072
2.716,2.88187499999999,3.44253419133063,1.47344627696,8.43853833952007,3.41769051452755,1.46804032999378,-1194.48874923348,0.0248436768030684,3.32161516006322,1.43407593752177,-1569.10533378183,0.12091903126741
2.717,2.941875,3.52746289891438,1.48203551288,7.61311542872006,3.50205266254645,1.47675416397524,-1106.92234131935,0.0254102363679248,3.40413153406886,1.4462888888894,-1526.24701141252,0.123331364845533
2.718,3.001875,3.6125914316713,1.49038010552,6.75674848088002,3.58689061049101,1.48464888056122,-1023.58528713181,0.0257008211802816,3.48733582057203,1.45808861361662,-1482.56359214551,0.125255611099266
2.719,3.061875,3.69798963998626,1.49816716856,5.84049883351999,3.67215857745479,1.49176465943796,-936.260747676725,0.0258310625314626,3.57120414431624,1.46946816131325,-1433.61217865674,0.126785495670035
2.72,3.121875,3.78419687497535,1.5042816428,4.74460108759995,3.7578109172387,1.49806602309446,-818.159677536619,0.0263859577366449,3.65571106115297,1.48037971770686,-1365.67769204965,0.128485813822375
2.721,3.18187500000001,3.87040410996444,1.51039611704,3.64870334167991,3.84379289197089,1.503271089792,-716.026050620238,0.0266112179935458,3.74082477474665,1.49064936391127,-1303.9891416348,0.129579335217799
2.722,3.24187500000001,3.95706305176993,1.51466744784,2.37983787572783,3.93004594553142,1.50752845926853,-581.384894290365,0.0270171062385255,3.82651018103872,1.50033555750025,-1220.2126939726,0.130552870731205
2.723,3.30187500000001,4.04396970376507,1.51792802256,1.01611914395178,4.01650725324754,1.51054053118413,-440.674509474126,0.0274624505175436,3.91272805506541,1.50923599417067,-1130.51607060919,0.131241648699662
2.724,3.36187500000001,4.13088558725621,1.52104062416,-0.35995799329633,4.10310392051184,1.51225339884796,-317.038563320015,0.0277816667443622,3.99943185083752,1.51729742622931,-1048.86740630883,0.131453736418697
2.725,3.42187500000001,4.21801379515523,1.520749844,-2.02027845640039,4.18976606624319,1.51282616086229,-125.53964810202,0.0282477289120543,4.08657565531195,1.52459519535669,-921.111032529142,0.131438139843268
2.726,3.48187500000002,4.30514200305425,1.52045906384,-3.68059891950446,4.27641053182129,1.51163624507549,36.1784248416285,0.0287314712329593,4.17410359556072,1.53070629430316,-810.433421798421,0.131038407493531
2.727,3.54187499999998,4.39211010683551,1.518276644,-5.48324056479944,4.3629442505741,1.50896036738708,220.559872852129,0.0291658562614041,4.26195223437276,1.53578968702753,-681.618416321011,0.13015787246274
2.728,3.60187499999999,4.47887236246549,1.513662116,-7.46886658719952,4.44927617596672,1.50459232798739,437.307237387301,0.0295961864987738,4.35005795385108,1.5396801024428,-528.489250439303,0.128814408614419
2.729,3.66187500000002,4.56563461809551,1.509047588,-9.45449260960077,4.53530089903405,1.49823698329505,618.324100593858,0.0303337190614734,4.43834604614969,1.54215569938805,-397.789529807386,0.127288571945822
2.73,3.72187499999999,4.65150162762891,1.5001239752,-11.7344871823996,4.62091406096684,1.49022613424548,879.598419588371,0.0305875666620782,4.52674142248314,1.54342502172823,-207.381536776337,0.124760205145762
2.731,3.78187499999999,4.73718958794306,1.49033854544,-14.0733554652797,4.70599972916179,1.47982397827718,1118.93268984442,0.0311898587812564,4.61515928522406,1.54294062308289,-30.4638464373572,0.12203030271899
2.732,3.84187500000003,4.82243881815568,1.47915730631999,-16.4992124328014,4.79042678054118,1.46723607036428,1352.78626093464,0.0320120376145014,4.70350278694626,1.54082933250434,145.29981365754,0.118936031209418
2.733,3.901875,4.90621231984474,1.46328107208,-19.2176677031999,4.87407152229643,1.45251622085462,1666.75521740045,0.0321407975483216,4.791679090006,1.5371042887533,382.703975034119,0.114533229838742
2.734,3.961875,4.98998582153386,1.44740483784,-21.9361229736,4.9567907825812,1.43493067271221,1925.5819851239,0.033195038952671,4.87957955880817,1.53120090053542,581.399617585177,0.110406262725695
2.735,4.021875,5.07194869775137,1.4271040356,-24.9066838920001,5.03843502951518,1.41499117590637,2252.15647005171,0.0335136682361884,4.96708968217609,1.52347866265781,834.575583891508,0.104859015575274
2.736,4.08187499999997,5.15282519868586,1.40414849256001,-28.0285081991983,5.11885164067202,1.39207810005924,2588.7503106732,0.0339735580138492,5.05409096959926,1.51343917535889,1097.75971689284,0.0987342290866014
2.737,4.14187500000001,5.23361770675788,1.38102357968,-31.1591546024004,5.19786773385482,1.36610387614595,2867.78938867618,0.0357499729030599,5.14044811760317,1.50099395524167,1319.12710925704,0.0931695891547087
2.738,4.20187500000001,5.31046255028913,1.34993828432,-34.7044395176005,5.27532322329381,1.3376027527621,3301.1920792475,0.035139326995308,5.22603441592006,1.48653144520588,1664.28352159557,0.0844281343690693
2.739,4.26187499999997,5.38730739382032,1.31885298896001,-38.2497244327985,5.35103275635494,1.30515850136625,3655.17663343128,0.0362746374653918,5.31070174602113,1.46891591306713,1949.51381402077,0.0766056477992007
2.74,4.32187500000001,5.4619326758588,1.28392081359999,-41.4842057640006,5.42479151502714,1.26950788066156,3988.16749021708,0.0371411608316587,5.39428538721794,1.44870356631288,2264.28928341067,0.0676472886408633
2.741,4.38187500000002,5.5334505718073,1.24360300623999,-44.2835620776007,5.49642146336901,1.23084900253654,4321.18893630759,0.0370291084382948,5.47662888135827,1.42562661437772,2635.47277054004,0.0568216904490297
2.742,4.44187499999998,5.60496846775576,1.20328519888001,-47.0829183911992,5.56575036644388,1.18918624836858,4586.42728144123,0.0392181013118719,5.55755335892565,1.39917054363647,2939.17681409851,0.0474151088301127
2.743,4.50187499999998,5.67115669108841,1.15704427432001,-48.3541648175998,5.63262411317091,1.14514787869435,4766.79465925443,0.0385325779174921,5.63688314564286,1.36996140260412,3324.2135177055,0.0342735454455341
2.744,4.56187499999999,5.73611498997125,1.10943647656001,-49.2727705007998,5.69692906493708,1.09951838861723,4895.01811607496,0.0391859250341584,5.71443918836597,1.3372551980672,3669.34175811146,0.0216758016052785
2.745,4.62187499999999,5.79955622495512,1.06133030344001,-50,5.75858787099344,1.05277996844698,4983.70213698527,0.0409683539616743,5.79003179369782,1.30142450833557,3966.95101702246,0.00952443125731253
2.746,4.68187499999999,5.85723261712295,1.01133030395201,-50,5.81754746460396,1.00529809983563,5035.68114618586,0.0396851525189949,5.86349460469456,1.26291135099104,4278.55829871509,-0.00626198757161617
2.747,4.74187499999999,5.91490900929078,0.961330304464006,-50,5.87377495631731,0.95741162123597,5060.36377230164,0.0411340529734645,5.9346703570691,1.22159110204883,4525.79729405967,-0.0197613477783321
2.748,4.801875,5.96807807311869,0.911330304744004,-50,5.92725437590593,0.909372286517879,5095.66983479638,0.0408236972127706,6.00341530591019,1.1780603007353,4751.4287984014,-0.0353372327914962
2.749,4.861875,6.01829405975837,0.861330304872002,-50,5.9779741722277,0.86108259699365,5128.21584200248,0.0403198875306663,6.06960858893741,1.13252116232387,4946.29067220618,-0.0513145291790358
2.75,4.921875,6.06851004639806,0.811330305,-50,6.02592073956744,0.812568333221887,5136.18521295969,0.0425893068306094,6.13314333575174,1.08525988033797,5092.24699276192,-0.0646332893536799
2.751,4.981875,6.11126567151277,0.761330304743998,-50,6.07108769817329,0.764055948346164,5179.29197443452,0.0401779733394854,6.19393384084135,1.03672905519004,5252.22063840806,-0.0826681693285687
2.752,5.041875,6.15402129662748,0.711330304487996,-50,6.11346589478339,0.715222175461429,5196.07719414156,0.0405554018440808,6.25190372669981,0.986801695281138,5367.54984373351,-0.0978824300723299
2.753,5.10187500000001,6.19382384455396,0.661330304383994,-50,6.1530438668132,0.666309670903362,5212.68454351752,0.040779977740751,6.30698480630629,0.935890694091104,5466.81623403037,-0.113160961752327
2.754,5.16187500000001,6.22911906414053,0.611330304511992,-50,6.18981715364575,0.6173201931131,5240.7670719367,0.039301910494775,6.35912499836958,0.884145354162183,5563.79739402242,-0.130005934229045
2.755,5.22187500000001,6.2644142837271,0.561330304639991,-50,6.22377832405272,0.568148289751957,5244.69024789945,0.0406359596743766,6.40827713814607,0.831587992838225,5624.70987575876,-0.143862854418963
2.756,5.28187500000001,6.29380334893722,0.511330304767989,-50,6.25492330137239,0.519016509622167,5272.46309546356,0.0388800475648354,6.4544042425761,0.778551700592345,5699.17521526718,-0.160600893638867
2.757,5.34187500000002,6.32163816299565,0.461330304895987,-50,6.2832480968815,0.469705373553988,5287.72465966563,0.0383900661141574,6.49747532020659,0.724912533475969,5752.23683875137,-0.175837157210941
2.758,5.40187500000002,6.34807415926815,0.411330304951985,-50,6.30874573968709,0.420330263356055,5291.19762711037,0.0393284195810502,6.53746149679802,0.670868340132569,5785.8402492462,-0.189387337529859
2.759,5.46187499999998,6.36844861180159,0.361330304696013,-50,6.33141567419172,0.370999733278438,5319.67429654553,0.037032937609879,6.57434471245987,0.616598763912298,5837.84218146041,-0.20589610065829
2.76,5.52187499999999,6.38882306433504,0.311330304440011,-50,6.35125386267824,0.321483680163637,5323.79229163124,0.0375692016567881,6.60810721458732,0.561934887758798,5859.80654722092,-0.219284150252283
2.761,5.58187500000003,6.40484561364375,0.261330304407979,-50,6.36825610368411,0.272006491376376,5339.93369277235,0.0365895099596505,6.63873434568552,0.507153668448339,5888.92122389157,-0.233888732041774
2.762,5.64187499999999,6.41775966064905,0.211330304536007,-50,6.38242145334958,0.222457491341237,5356.90431609384,0.0353382072994816,6.66621750315723,0.452189505002442,5914.69274156493,-0.248457842508163
2.763,5.70187499999999,6.43067370765437,0.161330304664005,-50,6.39374558183168,0.172829162521595,5351.23138838283,0.0369281258226801,6.69054709432403,0.397073438047291,5914.2574039093,-0.259873386669667
2.764,5.761875,6.43628281733314,0.111330304641603,-50,6.40222991539595,0.123329948546564,5381.21887182461,0.0340529019371827,6.71172132959526,0.342046806102352,5946.44834615124,-0.275438512262132
2.765,5.821875,6.44173650281347,0.0613303046160012,-50,6.40787244736598,0.0736315735055308,5387.70855818821,0.0338640554474846,6.7297367302468,0.286809308768302,5952.56686775925,-0.288000227433336
2.766,5.881875,6.44439253622075,0.0113303045615993,-50,6.41066796858999,0.0239505258312656,5394.1194998734,0.0337245676307602,6.74458809560759,0.231601139156326,5956.43079742976,-0.300195559386837
2.767,5.941875,6.44238581617294,-0.0386696955408026,-50,6.41061749183756,-0.0257124968826081,5414.45934072427,0.0317683243353759,6.75627769895161,0.17644299405428,5972.39361927328,-0.313891882778674
2.768,6.00187499999997,6.44037909612514,-0.0886696956431749,-50,6.40771837795363,-0.0754856684471034,5411.58161720431,0.0326607181715189,6.76480521545975,0.121223486116181,5963.60857568159,-0.324426119334615
2.769,6.06187500000001,6.43262166377561,-0.138669695568006,-50,6.40197043999989,-0.12515521653929,5432.21108299531,0.0306512237757129,6.77017365458716,0.0661703908164305,5977.05992638703,-0.337551990811549
2.77,6.12187500000001,6.42315456020124,-0.188669695440008,-50,6.39337341499404,-0.174937567917211,5442.39754504149,0.0297811452072035,6.77238668304916,0.0110788753879043,5979.02196210724,-0.349232122847927
2.771,6.18187499999998,6.41244405570553,-0.238669695311981,-50,6.38192359715704,-0.224736472101321,5440.23510311398,0.0305204585484749,6.77144512937111,-0.0439452989203336,5967.78276116994,-0.359001073665587
2.772,6.24187499999998,6.39551654660302,-0.288669695183982,-50,6.36762329350232,-0.274438293518213,5464.95458141284,0.027893253100692,6.76735632825043,-0.0987807851097705,5982.74056172095,-0.371839781647416
2.773,6.30187500000002,6.37858903750051,-0.338669695056014,-50,6.35047097713719,-0.324290496312258,5465.75446730669,0.0281180603633012,6.76012417784437,-0.153668888060683,5973.23813798184,-0.381535140343874
2.774,6.36187499999998,6.35746507504021,-0.388669695143986,-50,6.33046434278277,-0.374072787142195,5477.79633006872,0.0270007322574437,6.74975211252201,-0.208384492153622,5974.5612174705,-0.392287037481805
2.775,6.42187499999999,6.33307720441273,-0.438669695399988,-50,6.30760443005315,-0.423888700558757,5492.3523990415,0.0254727743595796,6.73624715490423,-0.263027459391513,5978.0886745069,-0.403169950491502
2.776,6.48187499999999,6.30868933378525,-0.48866969565599,-50,6.28188865136334,-0.473761315144073,5484.53567722928,0.0268006824219156,6.71961288256384,-0.317618182634919,5959.02492479371,-0.41092354877859
2.777,6.54187499999999,6.27715190785996,-0.538669695543992,-50,6.25331965707929,-0.523484713336109,5511.45144073868,0.0238322507806665,6.69985824069306,-0.371948903759937,5974.55341406675,-0.422706332833101
2.778,6.60187499999999,6.24530363170434,-0.588669695415994,-50,6.22189683593056,-0.573378665285234,5516.42609163254,0.0234067957737695,6.67698899761998,-0.426338274368524,5968.0672055463,-0.431685365915635
2.779,6.66187499999999,6.21081313638306,-0.638669695287996,-50,6.18761620629249,-0.623241048397061,5520.31480421962,0.0231969300905877,6.65100759778764,-0.480583668334278,5960.4781386431,-0.440194461404571
2.78,6.721875,6.17150447670088,-0.688669695159998,-50,6.15047986173496,-0.673061920970866,5539.62015150691,0.0210246149659238,6.62192257472686,-0.534675162523877,5968.33677395299,-0.450418098025989
2.781,6.781875,6.1321958170187,-0.738669695032,-50,6.11048611557609,-0.722983180387225,5535.80639762305,0.0217097014425962,6.58973866800603,-0.588755114342332,5953.14783505593,-0.457542850987325
2.782,6.841875,6.0872918696916,-0.788669695192001,-50,6.06763531381494,-0.772791975315757,5554.42112061819,0.019656555876648,6.55446261287395,-0.642611503997616,5960.49283308504,-0.467170743182352
2.783,6.901875,6.04052282648285,-0.838669695448003,-50,6.02192798393559,-0.822694822063705,5564.01812323684,0.0185948425472669,6.51610126951428,-0.696451990230803,5958.95385047719,-0.475578443031437
2.784,6.96187500000001,5.99266580746793,-0.888669695536005,-50,5.97336111805771,-0.872608611823285,5560.14430900146,0.0193046894102084,6.47465788988697,-0.750194865070335,5944.10117767186,-0.481992082419046
2.785,7.02187500000001,5.93843635873105,-0.938669694640007,-50,5.92193764005521,-0.922409396117773,5584.53996359026,0.0164987186758394,6.43014157134252,-0.803717793864057,5957.69425707113,-0.491705212611474
2.786,7.08187500000001,5.88420690999417,-0.988669693744009,-50,5.86765656892862,-0.972357429218821,5585.02686234717,0.0165503410655556,6.38255740891544,-0.857282818448622,5947.57036760568,-0.498350498921282
2.787,7.14187500000001,5.82593642852266,-1.03866969472001,-50,5.81051577588694,-1.02223252233713,5595.60050834202,0.0154206526357303,6.33190924342201,-0.910671677461999,5947.73736524531,-0.50597281489935
2.788,7.20187499999998,5.76424661166037,-1.08866969727998,-50,5.75051677837549,-1.07212758660425,5610.04676435897,0.0137298332848807,6.27820444831123,-0.96397932012219,5951.99075235698,-0.513957836650854
2.789,7.26187500000002,5.702556794798,-1.13866969984001,-50,5.68765741235117,-1.12207821907712,5602.10551675539,0.0148993824468223,6.22144659631981,-1.01724346709768,5934.07772216585,-0.518889801521817
2.79,7.32187500000002,5.63387285806627,-1.18866969880002,-50,5.62194039692134,-1.1718783685917,5627.71897982181,0.011932461144939,6.16164401982944,-1.07026025476761,5949.945794206,-0.527771161763172
2.791,7.38187499999999,5.56472264667663,-1.23866969751999,-50,5.55336550374312,-1.22183697173474,5632.7301566161,0.0113571429335129,6.09880197713347,-1.12334085267941,5945.44156306622,-0.534079330456847
2.792,7.44187499999999,5.49308563931132,-1.28866969623999,-50,5.48192909107902,-1.27176424186942,5635.45791746979,0.0111565482323024,6.03292218434396,-1.17629773673797,5938.88602715292,-0.539836545032628
2.793,7.50187500000003,5.41647503999472,-1.33866969496002,-50,5.40763355460527,-1.32163922013524,5654.92379964746,0.00884148538945918,5.96401226489222,-1.22911222669583,5949.30160577364,-0.547537224897503
2.794,7.56187499999999,5.33986444067821,-1.38866969367999,-50,5.33047747659425,-1.37161597830079,5651.2235998208,0.009386964083948,5.89207589811947,-1.28194067751757,5936.78392040635,-0.552211457441273
2.795,7.62187499999999,5.25781397516497,-1.4386696952,-50,5.25046113567284,-1.42148123065278,5668.74607397373,0.00735283949212835,5.81711832905154,-1.33457208153516,5945.72065844952,-0.559304353886566
2.796,7.681875,5.17374298792154,-1.48866969776,-50,5.16758532224185,-1.47143039862582,5678.56494981437,0.00615766567968253,5.73914518434857,-1.38720412486652,5947.18372772281,-0.565402196427039
2.797,7.741875,5.08873945246226,-1.53866969984,-50,5.08184726238145,-1.52139247904624,5673.69383792042,0.00689219008081254,5.65815839717348,-1.43976804876802,5934.18429074641,-0.569418944711205
2.798,7.801875,4.99720807949211,-1.58866969856,-50,4.99325008853803,-1.57123230401259,5698.39453859336,0.00395799095407155,5.57416567920393,-1.4921309037673,5950.98117821181,-0.576957599711821
2.799,7.861875,4.90567670652197,-1.63866969728,-50,4.90179300604024,-1.62122212369643,5699.12293066847,0.00388370048170945,5.48717068877437,-1.54456712770601,5944.02687001523,-0.581493982252422
2.8,7.92187499999997,4.81025971369404,-1.68866969599998,-50,4.80747374563991,-1.67114116036685,5708.7177372312,0.00278596805412553,5.39717548529117,-1.5968580958622,5946.15634066511,-0.586915771597125
2.801,7.98187500000001,4.7112679505968,-1.73866969472001,-50,4.71029402292452,-1.72107109475081,5723.48657452625,0.0009739276722873,5.30418599072157,-1.64908760414774,5953.67317696613,-0.592918040124758
2.802,8.04187500000001,4.61227618749962,-1.78866969344001,-50,4.61025185031439,-1.77105951103959,5715.80328935586,0.00202433718522024,5.20820430383044,-1.7013053115894,5938.94697468911,-0.595928116330817
2.803,8.10187499999998,4.50644573546953,-1.83866969567998,-50,4.5073497971346,-1.82089975905955,5740.45343123205,-0.000904061665064362,5.10923696262059,-1.75330660052357,5956.75886172537,-0.602791227151074
2.804,8.16187499999998,4.39999358444547,-1.88866969823998,-50,4.40158782440535,-1.87088953600034,5745.80178327786,-0.00159423995986651,5.00728778159134,-1.80539115682063,5955.46907279221,-0.607294197145868
2.805,8.22187500000002,4.2912100621942,-1.93866969960002,-50,4.2929624585813,-1.9208510336257,5747.63559386395,-0.00175239638709137,4.90235702802056,-1.85738311599725,5950.86021861827,-0.611146965826359
2.806,8.28187499999999,4.17729752324333,-1.98866969831999,-50,4.18147624498675,-1.97075196198713,5767.49946749503,-0.00417872174343359,4.79445087799552,-1.90925208617874,5964.47220893355,-0.617153354752175
2.807,8.34187499999999,4.0633849842924,-2.03866969703999,-50,4.06712789928141,-2.020758291547,5764.12441953206,-0.00374291498900609,4.68357157050888,-1.96116588976735,5955.03133457003,-0.620186586216491
2.808,8.40187499999999,3.94418800389326,-2.08866969575999,-50,3.94991751196547,-2.0706560608548,5780.74342370583,-0.00572950807221853,4.56972261461295,-2.01291237091626,5965.76583824278,-0.625534610719689
2.809,8.46187499999999,3.82281507701545,-2.13866969447999,-50,3.82984602861858,-2.12062938345857,5790.95298002445,-0.00703095160311768,4.45290827231306,-2.06467740245317,5970.26750216507,-0.630093195297607
2.81,8.52187499999999,3.70066502639526,-2.1886696936,-50,3.70691081298848,-2.17061917533043,5785.23590570271,-0.00624578659321858,4.33312912430489,-2.11640361349929,5959.01445558613,-0.632464097909619
2.811,8.581875,3.57183171159058,-2.23866969616,-50,3.58111511981901,-2.22047888594113,5810.37786622485,-0.00928340822843128,4.21039154543564,-2.16794612088976,5978.78771978665,-0.638559833845067
2.812,8.641875,3.4429983967859,-2.28866969872,-50,3.45245826321598,-2.27049262003719,5811.47034339367,-0.0094598664300887,4.08469787567961,-2.21959065142442,5974.67418773319,-0.641699478893713
2.813,8.701875,3.31043488801778,-2.33866969936,-50,3.32093776361893,-2.32043888363536,5820.19679932338,-0.0105028756011565,3.9560485696895,-2.27111728844185,5978.35279767015,-0.645613681671712
2.814,8.761875,3.17414118528622,-2.38866969808,-50,3.18655547179076,-2.3703880139195,5835.3880433565,-0.0124142865045465,3.82444832332979,-2.32259790238333,5988.64990789489,-0.650307138043582
2.815,8.82187500000001,3.03784748255466,-2.4386696968,-50,3.04930951974641,-2.4203994824968,5828.05322302724,-0.0114620371917568,3.68989802710907,-2.37409345478727,5976.57029407998,-0.65205054455442
2.816,8.88187500000001,2.89487051563861,-2.48866969552001,-50,2.90920227551558,-2.47026595295078,5851.82217142588,-0.0143317598769802,3.55240272340231,-2.42539805663789,5995.73950170262,-0.657532207763701
2.817,8.94187500000001,2.75111642498017,-2.53866969424001,-50,2.76623384271275,-2.52027380470083,5857.58254005296,-0.0151174177325798,3.41196510843361,-2.47679949306576,5997.0409828483,-0.660848683453446
2.818,9.00187500000001,2.60518638784306,-2.58866969408001,-50,2.62040087341609,-2.57025713967203,5858.59085475106,-0.0152144855730242,3.26858434751871,-2.52813323089372,5993.7271551338,-0.663397959675641
2.819,9.06187500000001,2.45397190925776,-2.63866969664001,-50,2.47170602369904,-2.62017227696925,5878.91557770377,-0.0177341144412891,3.12226553290907,-2.57935691421306,6009.86246587617,-0.668293623651307
2.82,9.12187499999998,2.30275743067254,-2.68866969919998,-50,2.32014810692835,-2.67019703325482,5875.92342373604,-0.0173906762558304,2.97300983935034,-2.63064964568209,6002.80970985836,-0.670252408677805
2.821,9.18187500000002,2.14641393538741,-2.73866969912002,-50,2.16572699267593,-2.72011672335165,5891.69214819057,-0.0193130572885121,2.82081942520144,-2.68179798806198,6014.64281807018,-0.674405489814044
2.822,9.24187500000002,1.98773906887522,-2.78866969784002,-50,2.00844375149745,-2.7701041101938,5902.34151014344,-0.0207046826222319,2.66569757936687,-2.73297591510673,6021.47782127607,-0.677958510491647
2.823,9.30187499999999,1.82844250336923,-2.83866969655999,-50,1.84829585692333,-2.82011199071632,5895.82394564283,-0.0198533535540997,2.50764392538735,-2.78413739839406,6011.26352317418,-0.679201422018111
2.824,9.36187499999999,1.66230724893017,-2.88866969527999,-50,1.68528666018739,-2.86998239743063,5921.4492061753,-0.0229794112572182,2.34666389821446,-2.83512560983975,6033.3061384129,-0.684356649284291
2.825,9.42187500000003,1.49617199449101,-2.93866969400002,-50,1.5194155602724,-2.92001125741142,5922.94492632448,-0.0232435657813892,2.18275891624845,-2.88623758161789,6031.32985949338,-0.686586921757437
2.826,9.481875,1.32646197083709,-2.98866969456,-50,1.35067984510674,-2.96997633328462,5930.8397013382,-0.0242178742696562,2.01592822447389,-2.93725214807373,6035.85993332259,-0.689466253636802
2.827,9.541875,1.15286632847116,-3.03866969712,-50,1.17908147987965,-3.01993659522034,5946.48777482465,-0.0262151514084926,1.84617568466131,-2.98822931863078,6048.24734768068,-0.693309356190154
2.828,9.601875,0.979270686105222,-3.08866969968,-50,1.00461869673178,-3.06996338102614,5939.53369973881,-0.0253480106265644,1.67350136689208,-3.03924143878556,6038.13349080268,-0.694230680786856
2.829,9.661875,0.799147203533217,-3.13866969888,-41.5999999999997,0.827293644115594,-3.11984864782314,5049.40832593234,-0.0281464405823888,1.49790920070187,-3.09008144267083,6057.98961564127,-0.698761997168642
2.83,9.721875,0.618091172360344,-3.1886696976,-31.9999999999993,0.647347193333792,-3.16146743901759,4155.22386059978,-0.0292560209734506,1.31940114107789,-3.14102532089859,6061.22342247619,-0.701309968717536
2.831,9.78187500000001,0.435519750070734,-3.23189886368,-19.7999999999979,0.465253681299912,-3.19479522400463,2999.26247477265,-0.0297339312291712,1.13797562205906,-3.19191998713798,5940.88401739884,-0.702455871988321
2.832,9.84187499999997,0.248868428620789,-3.25689886495999,-0.600000000008549,0.281556773600321,-3.21743650617534,974.137796849934,-0.0326883449795412,0.953668030127489,-3.24162864411798,5542.86246755635,-0.704799601506706
2.833,9.90187500000001,0.0622171071706228,-3.28189886624,18.6000000000035,0.0970973644046157,-3.22141154732178,-742.739490273336,-0.0348802572339822,0.766619452013119,-3.28759845442112,5187.17084334037,-0.70440234484249
2.834,9.96187500000001,-0.124434214290001,-3.27356553247999,31.4000000000021,-0.0871371201800614,-3.20958515611292,-2057.16426548594,-0.0372970941099379,0.577032785330181,-3.3302246485755,4308.01640993399,-0.701466999620172
2.835,-9.97812500000002,-0.311085535755798,-3.24856553120001,40.9999999999968,-0.270348097039692,-3.18568438787847,-3093.32894234056,-0.0407374387161057,0.385237420866225,-3.3646965513416,3269.11851292696,-0.696322956622015
2.836,-9.91812500000002,-0.497387151578393,-3.22200303008001,50,-0.451917629878382,-3.15228795080773,-3921.15225025935,-0.0454695217000175,0.191742305098536,-3.38955716200595,2350.23031550984,-0.68912945667694
2.837,-9.85812499999998,-0.678443182751373,-3.17200303135998,50,-0.631356989169247,-3.11132730378159,-4061.069059975,-0.0470861935821211,-0.00293393210852732,-3.40592546730753,1131.76350350863,-0.675509250642834
2.838,-9.79812500000001,-0.859499213924139,-3.12200303264001,50,-0.808414418529018,-3.06914291110896,-4162.53792468735,-0.0510847953951332,-0.198226137478473,-3.41105850706548,97.6540789513196,-0.661273076445655
2.839,-9.73812500000001,-1.03713590022717,-3.07200303216001,50,-0.983029990199342,-3.02609039068962,-4256.736092368,-0.0541059100278315,-0.393539665948273,-3.40666978390588,-802.104432011696,-0.643596234278901
2.84,-9.67812500000001,-1.2107315425931,-3.02200302960001,50,-1.15515591894197,-2.98223797853426,-4349.11566838102,-0.0555756236511316,-0.588364793101253,-3.39401008496632,-1589.39008752886,-0.622366749491837
2.841,-9.61812500000001,-1.38432718495904,-2.97200302704001,50,-1.32474688916401,-2.93760364551843,-4409.33107345313,-0.0595802957950353,-0.782257637610733,-3.37412698052936,-2248.18591584607,-0.602069547348297
2.842,-9.558125,-1.55155041263743,-2.92200302776,50,-1.49176661202859,-2.89248451399211,-4489.90097709295,-0.0597838006088461,-0.974838514431875,-3.34821377328375,-2843.50885829935,-0.576711898205549
2.843,-9.498125,-1.71768566707649,-2.87200302904,50,-1.65618196751066,-2.84669407400616,-4547.80646318323,-0.0615036995658371,-1.16577892083676,-3.31686376043881,-3343.24097637962,-0.551906746239725
2.844,-9.438125,-1.88195582453383,-2.82200303032,50,-1.81796049572485,-2.80044187873017,-4592.15722587519,-0.0639953288089914,-1.35479278620133,-3.28096480462744,-3765.99904155169,-0.527163038332499
2.845,-9.378125,-2.04063069104602,-2.7720030316,50,-1.9770793330366,-2.75385334734008,-4652.86790017501,-0.0635513580094095,-1.54163996461116,-3.24123211799799,-4149.988383247,-0.498990726434868
2.846,-9.31812499999999,-2.1993055575582,-2.72200303288,50,-2.13351491191292,-2.7067784899701,-4685.27405578359,-0.0657906456452877,-1.7261111876119,-3.19802831508922,-4457.77381498213,-0.473194369946299
2.847,-9.25812499999999,-2.35316225686761,-2.67200303167999,50,-2.28724684947816,-2.65947846199743,-4729.75188878529,-0.0659154073894639,-1.90802781336994,-3.152059852103,-4736.03454595884,-0.445134443497683
2.848,-9.19812499999999,-2.50437673545292,-2.62200302911999,50,-2.43825907278727,-2.61184255300451,-4767.99902217475,-0.0661176626656525,-2.08723934284108,-3.10360264150941,-4971.96299651947,-0.417137392611845
2.849,-9.13812499999999,-2.65528036454127,-2.57200302671999,50,-2.58653399435676,-2.56392860604335,-4783.37109239572,-0.0687463701845039,-2.26361444892268,-3.0530499978471,-5153.70438308611,-0.391665915618585
2.85,-9.07812499999999,-2.79903445519971,-2.52200302799999,50,-2.73206172509561,-2.51594750265394,-4830.6312636496,-0.0669727301040949,-2.43704744676408,-3.00090369002604,-5340.19612446129,-0.361987008435643
2.851,-9.01812499999998,-2.94278854585814,-2.47200302927999,50,-2.87483001575935,-2.46760597639925,-4851.13324210412,-0.067958530098787,-2.60744584489414,-2.94712248496146,-5476.42930878189,-0.335342700964007
2.852,-8.95812500000002,-3.08327871679848,-2.42200303056001,50,-3.01482528404823,-2.41915076130847,-4873.4047185775,-0.0684534327502502,-2.77472928937197,-2.89217129546897,-5594.10060481803,-0.308549427426519
2.853,-8.89812499999998,-3.21957241953012,-2.37200303183998,50,-3.15204055475011,-2.37056575421753,-4904.11666415348,-0.0675318647800232,-2.93883568916215,-2.83622270439667,-5702.64131211286,-0.280736730367964
2.854,-8.83812499999998,-3.35586612226168,-2.32200303311998,50,-3.28646617251948,-2.32177350398828,-4910.42030263547,-0.0693999497422131,-3.09971034811585,-2.77936225913342,-5771.60648236879,-0.256155774145835
2.855,-8.77812500000001,-3.4859428350541,-2.27200303120001,50,-3.41809670546938,-2.27299888827286,-4942.68499462285,-0.0678461295847313,-3.2573114918783,-2.72195546799397,-5853.45831437358,-0.228631343175787
2.856,-8.71812500000001,-3.61477614985878,-2.22200302864001,50,-3.5469263208895,-2.2240030380455,-4959.54709136714,-0.0678498289692781,-3.41160444498059,-2.66388462052634,-5908.65472506691,-0.2031717048782
2.857,-8.65812499999997,-3.7418997924303,-2.17200302695997,50,-3.6729464123168,-2.17492800009595,-4966.82831588197,-0.0689533801134875,-3.56255821460312,-2.60539597589391,-5944.6023912675,-0.179341577827174
2.858,-8.598125,-3.86327271930803,-2.12200302824,50,-3.79615497128558,-2.12586204118969,-4996.30615921065,-0.067117748022463,-3.71015395449399,-2.54666727013161,-5994.45739324824,-0.153118764814045
2.859,-8.538125,-3.98464564618584,-2.07200302952,50,-3.9165466674297,-2.07660093836111,-5001.37512928176,-0.0680989787561445,-3.85437425539779,-2.48757092784502,-6012.81285906655,-0.130271390788057
2.86,-8.478125,-4.10135583060935,-2.0220030308,50,-4.03411676170815,-2.02736955571726,-5020.7526004132,-0.06723906890119,-3.99520637165411,-2.42839731460345,-6039.42784775907,-0.106149458955244
2.861,-8.41812500000003,-4.21526836956022,-1.97200303208003,50,-4.14886318448548,-1.97803620898209,-5038.21983956326,-0.0664051850747511,-4.13264370250982,-2.36907056256643,-6058.9884752175,-0.0826246670503943
2.862,-8.35812499999999,-4.32902548376274,-1.92200303328,50,-4.26078060163907,-1.92861863033419,-5034.2183655583,-0.0682448821236845,-4.26667933980985,-2.30965580922245,-6052.72181229169,-0.0623461439528824
2.863,-8.29812499999999,-4.4354776347868,-1.87200303071999,50,-4.3698698490827,-1.87931446249404,-5065.70060480399,-0.0656077857041062,-4.39731505241413,-2.25039080204507,-6078.26184445696,-0.0381625823726732
2.864,-8.23812500000003,-4.5419297858108,-1.82200302816002,50,-4.47612806763283,-1.82979707951297,-5072.36376697015,-0.0658017181779571,-4.52455103050546,-2.1909826873329,-6075.89670091788,-0.0173787553053399
2.865,-8.17812499999999,-4.64527344186538,-1.77200302719999,50,-4.57954959175991,-1.7802951473836,-5081.32529749285,-0.0657238501054793,-4.6483864356851,-2.13168841451909,-6073.25575820135,0.00311299381971796
2.866,-8.11812499999998,-4.74426520496257,-1.72200302847999,50,-4.68013470028713,-1.73078749716822,-5101.55673605247,-0.0641305046754465,-4.7688278582481,-2.07251034450113,-6079.75366403627,0.0245626532855213
2.867,-8.05812500000002,-4.84325696805969,-1.67200302976002,50,-4.77788009554265,-1.68117045457593,-5098.65026333579,-0.0653768725170435,-4.88587954232405,-2.01336421975802,-6061.36575290775,0.0426225742643471
2.868,-7.99812500000002,-4.93618716417866,-1.62200303104001,50,-4.87278561290389,-1.63165705794865,-5121.64987686351,-0.0634015512747637,-4.99954987574437,-1.95447894029065,-6067.46695909214,0.0633627115657107
2.869,-7.93812500000001,-5.02771853714881,-1.57200303232001,50,-4.96485035842163,-1.58200881064168,-5131.56664513163,-0.0628681787271873,-5.10984733789373,-1.89562880190955,-6059.35382045714,0.0821288007449066
2.87,-7.87812500000001,-5.11769566309257,-1.52200303280001,50,-5.05407005983135,-1.53234628384998,-5131.56223055572,-0.0636256032612304,-5.21677768698869,-1.83694452211838,-6040.43388922861,0.0990820238961205
2.871,-7.81812500000001,-5.201766650336,-1.47200303024001,50,-5.14044651444567,-1.4827607745889,-5155.82507966507,-0.0613201358903178,-5.32035326690621,-1.7785252663282,-6045.10705788776,0.118586616570218
2.872,-7.75812500000001,-5.28583763757943,-1.42200302768001,50,-5.22397773572992,-1.43302890465537,-5156.28681016985,-0.0618599018495047,-5.42058303242361,-1.72015356723282,-6025.48642558684,0.134745394844186
2.873,-7.698125,-5.36540130711705,-1.37200302744,50,-5.30466161737107,-1.38336987119959,-5170.42349458819,-0.0607396897459706,-5.51747610911548,-1.66205285408821,-6019.20348834386,0.152074801998438
2.874,-7.638125,-5.4420119064336,-1.32200302872,50,-5.38249872517878,-1.33365775174902,-5184.46447298267,-0.0595131812548286,-5.61104449600946,-1.60410000007161,-6012.62035851583,0.169032589575863
2.875,-7.578125,-5.51862250575016,-1.27200303,50,-5.45748604513118,-1.28389350908237,-5176.25524771832,-0.0611364606189816,-5.70129673736292,-1.54629753777315,-5983.69563012346,0.182674231612752
2.876,-7.518125,-5.58777271713984,-1.22200303128,50,-5.52962645737916,-1.23428192586428,-5205.21498920001,-0.0581462597606779,-5.78824733167335,-1.48885077679247,-5991.94447455315,0.200474614533498
2.877,-7.458125,-5.65692292852953,-1.17200303256,50,-5.59891890561146,-1.18448081097855,-5209.62699571717,-0.0580040229180766,-5.87190684584175,-1.43141716892255,-5975.73135825469,0.214983917312219
2.878,-7.39812499999999,-5.72312006708546,-1.12200303231999,50,-5.66535900869486,-1.13471629736093,-5215.41012167411,-0.0577610583906054,-5.95228248011051,-1.37422174381478,-5961.04343904012,0.229162413025055
2.879,-7.33812499999999,-5.7848098839478,-1.07200302975999,50,-5.72894850072925,-1.08497571398062,-5234.02117089464,-0.0558613832185621,-6.02938746878849,-1.3172501004727,-5959.39467461041,0.244577584840692
2.88,-7.27812499999999,-5.84649970081013,-1.02200302719999,50,-5.78968537081865,-1.03514100685172,-5229.65431174529,-0.056814329991473,-6.10323118708227,-1.26038193181055,-5935.02673229005,0.256731486272139
2.881,-7.21812500000002,-5.90228339290645,-0.972003027376018,50,-5.84757028632001,-0.985423718623045,-5250.16875696065,-0.0547131065864499,-6.17382554693942,-1.20382609387917,-5935.83797099034,0.271542154032965
2.882,-7.15812499999998,-5.95651284164336,-0.922003028271987,50,-5.90260341189569,-0.935594759295142,-5259.07324548137,-0.0539094297476768,-6.2411817934841,-1.14735045410055,-5925.36905726339,0.28466895184075
2.883,-7.09812499999998,-6.00934346434371,-0.872003028951985,50,-5.95478141414866,-0.885761113559806,-5256.97664058443,-0.0545620501950509,-6.30530749117446,-1.09105866556987,-5904.25455115956,0.295964026830754
2.884,-7.03812500000002,-6.05611250755243,-0.822003028696012,50,-6.0041069242303,-0.836023998740411,-5280.57194895843,-0.0520055833221367,-6.36621597150584,-1.03504838276757,-5909.20778523807,0.310103463953421
2.885,-6.97812500000001,-6.10288155076117,-0.772003028440011,50,-6.05057869729256,-0.786146899611946,-5280.40961124534,-0.0523028534686082,-6.42391648063946,-0.979079346150088,-5890.79490357487,0.321034929878287
2.886,-6.91812499999997,-6.14529870357944,-0.722003028407979,50,-6.09419498062038,-0.73634860349409,-5292.79578451224,-0.0511037229590678,-6.47841753836329,-0.923366460050666,-5885.33379547473,0.333118834783845
2.887,-6.85812500000001,-6.1846073632616,-0.672003028536007,50,-6.13495697850156,-0.686513541941162,-5306.47012547709,-0.0496503847600326,-6.52973039606975,-0.86779017111922,-5881.5724451378,0.345123032808141
2.888,-6.79812500000001,-6.22391602294378,-0.622003028664005,50,-6.17286224655416,-0.636629920796764,-5297.90213794926,-0.0510537763896189,-6.57786242614539,-0.812334629858718,-5855.98577159154,0.353946403201623
2.889,-6.738125,-6.25591972375621,-0.572003028792003,50,-6.20791386687592,-0.586902444750395,-5325.3454729845,-0.0480058568802813,-6.62282629385543,-0.757200442083795,-5866.83035684843,0.366906570099218
2.89,-6.678125,-6.28776799991183,-0.522003028920001,50,-6.24011128782316,-0.536999567609575,-5329.59767333689,-0.0476567120886786,-6.66463079528494,-0.702051942115559,-5854.90456213719,0.376862795373101
2.891,-6.618125,-6.3168186239944,-0.472003028903999,50,-6.26945057971105,-0.487134919685081,-5334.0393123875,-0.047368044283343,-6.70328111241586,-0.647098639633618,-5843.58798958591,0.386462488421453
2.892,-6.558125,-6.34120649462189,-0.422003028647997,50,-6.29593388128622,-0.437306698885604,-5352.6444354314,-0.0452726133356752,-6.73878826000579,-0.592334627237995,-5846.85220353672,0.397581765383897
2.893,-6.49812500000003,-6.36559436524936,-0.372003028392025,50,-6.31955954511554,-0.387384544696362,-5348.23723328913,-0.0460348201338245,-6.77115923225186,-0.537625468293239,-5827.51764693657,0.405564867002506
2.894,-6.43812499999999,-6.38423154053468,-0.322003028431994,50,-6.34032825852517,-0.337580316105823,-5367.51670517606,-0.0439032820095147,-6.80040312573478,-0.483178986465568,-5832.27851453245,0.416171585200102
2.895,-6.37812499999999,-6.40115904963719,-0.272003028559992,50,-6.35824053004413,-0.287675912928239,-5376.51038812151,-0.0429185195930547,-6.82652862847663,-0.428773096702847,-5827.1566643352,0.425369578839459
2.896,-6.31812500000002,-6.41684315781833,-0.222003028688019,50,-6.3732933354681,-0.237766119692482,-5373.29287484336,-0.0435498223502344,-6.84954066912387,-0.374498657091074,-5810.22029290372,0.432697511305539
2.897,-6.25812500000002,-6.42631026139269,-0.172003028816018,50,-6.38548958459887,-0.1879632877584,-5397.07790999992,-0.0408206767938267,-6.86944988722053,-0.320464157477869,-5820.67616755079,0.44313962582784
2.898,-6.19812499999998,-6.43577736496707,-0.122003028943986,50,-6.39482828431058,-0.138018827890375,-5397.04906019143,-0.0409490806564845,-6.88626280014512,-0.266417217292311,-5807.7004136162,0.450485435178053
2.899,-6.13812500000002,-6.44104800280774,-0.0720030289424137,50,-6.4013076026107,-0.0881520473533839,-5408.35494991601,-0.0397404001970458,-6.8999848713115,-0.212573426800238,-5806.4338514312,0.45893686850375
2.9,-6.07812500000001,-6.44305472285554,-0.0220030288400118,50,-6.40492899935718,-0.0382585461407588,-5422.2563830844,-0.038125723498369,-6.91062464523757,-0.158824746555531,-5808.12920468907,0.467569922382029
2.901,-6.01812500000001,-6.44506144290335,0.0279969712623901,50,-6.40569026067164,0.0116855133301359,-5413.85632806022,-0.0393711822317165,-6.91818678647164,-0.10514377951523,-5787.88116002928,0.473125343568287
2.902,-5.95812500000001,-6.43991860765336,0.0779969712911919,50,-6.40359436981754,0.0614748790026283,-5440.25136884252,-0.0363242378358147,-6.9226809551026,-0.0517322999847124,-5802.77788205758,0.482762347449239
2.903,-5.89812500000001,-6.43446492217303,0.127996971316794,50,-6.39864101261177,0.111429905533525,-5444.76029952294,-0.0358239095612574,-6.92411331688569,0.00173344159519372,-5796.1296623327,0.489648394712665
2.904,-5.83812500000001,-6.42636902531927,0.177996971287996,50,-6.39082647305835,0.16134898393556,-5448.2315881894,-0.0355425522609081,-6.92248644364145,0.0550551476541821,-5788.77642971435,0.496117418322184
2.905,-5.778125,-6.41345497831395,0.227996971159998,50,-6.38015308271863,0.211222623621802,-5467.1619561749,-0.0333018955953168,-6.91780876741513,0.10822655532869,-5797.206369034,0.504353789101169
2.906,-5.718125,-6.40054093130864,0.277996971032,50,-6.36661936861758,0.261193118551997,-5463.01070819332,-0.033921562691069,-6.91008473317393,0.161393102763044,-5782.87028455853,0.509543801865282
2.907,-5.658125,-6.38203158015722,0.327996971192001,50,-6.35022586906351,0.31104796773362,-5481.32109569679,-0.0318057110937195,-6.89932061939982,0.214345350071699,-5791.30299138843,0.517289039242586
2.908,-5.598125,-6.36165712762377,0.377996971448003,50,-6.33097328493275,0.360993997464044,-5490.64292533627,-0.0306838426910178,-6.88552269411377,0.267293102299862,-5791.04594738188,0.523865566490002
2.909,-5.53812499999999,-6.34019470570126,0.427996971648005,50,-6.30885876504308,0.410948371681068,-5486.51960079552,-0.0313359406581913,-6.86869350494113,0.32015642070721,-5777.6343144811,0.528498799239863
2.91,-5.47812499999999,-6.31235989164283,0.477996971520007,50,-6.28388537527386,0.460787382032281,-5510.68820928978,-0.0284745163689757,-6.84884135286542,0.37281441394834,-5792.79706127574,0.536481461222586
2.911,-5.41812499999999,-6.2845250775844,0.527996971392009,50,-6.25605226372664,0.510771493115597,-5510.96822759863,-0.0284728138577735,-6.82597046195453,0.425530284570457,-5784.34568213258,0.541445384370141
2.912,-5.35812499999999,-6.25264921053156,0.577996971264011,50,-6.22535741927576,0.560680704995176,-5521.35298523231,-0.0272917912557972,-6.80008374240168,0.478086692904993,-5786.26567089934,0.547434531870112
2.913,-5.29812500000002,-6.21735399094501,0.627996971135983,50,-6.19180246679263,0.610608097366571,-5535.62629689453,-0.0255515241523979,-6.77118759015832,0.530579302703264,-5792.3331617007,0.553833599213303
2.914,-5.23812499999998,-6.18205877135842,0.677996971008015,50,-6.15538534054951,0.660589416747082,-5527.52617045801,-0.026673430808903,-6.73928456466034,0.583046369871721,-5776.27864334387,0.557225793301923
2.915,-5.17812499999998,-6.13976942158922,0.727996971240017,50,-6.11610884990742,0.710418743919338,-5552.99342173238,-0.0236605716817965,-6.70438195874811,0.635284411517183,-5794.03557889037,0.564612537158876
2.916,-5.11812500000001,-6.09701379647454,0.777996971495989,50,-6.07397284959158,0.760405134346201,-5557.86954293262,-0.0230409468829688,-6.6664839730812,0.687604848005123,-5791.43827752669,0.569470176606666
2.917,-5.05812500000001,-6.05177138418484,0.827996971623991,50,-6.02897377452496,0.810358906182944,-5560.47213898786,-0.0227976096598812,-6.62559125501617,0.739820292643961,-5786.79733307877,0.573819870831319
2.918,-4.99812499999997,-6.00155539754512,0.877996971496022,50,-5.98111409137833,0.860259193557049,-5579.82164740798,-0.020441306166796,-6.58171035410454,0.791912106654687,-5799.1263450678,0.580154956559416
2.919,-4.93812500000001,-5.95133941090547,0.927996971367995,50,-5.93039244838469,0.910260150963189,-5576.01310443432,-0.0209469625207791,-6.53484387575814,0.844036605263996,-5788.51368517764,0.583504464852674
2.92,-4.878125,-5.89568354523484,0.977996970959996,49.3301833560001,-5.87680918559585,0.960148568289992,-5520.62834261053,-0.0188743596390063,-6.48499599525922,0.895982674429471,-5799.34085136778,0.589312450024382
2.921,-4.818125,-5.83800715306702,1.027996970448,48.4115776728,-5.82038433954458,1.00945011876116,-5441.91444324355,-0.0176228135224397,-6.43217127724573,0.947947837116689,-5802.6745025419,0.594164124178718
2.922,-4.758125,-5.77942052255981,1.07769794472,47.2578781608,-5.76115765780663,1.05795108395492,-5331.89607236636,-0.0182628647531976,-6.37637060358248,0.999863123392544,-5786.32453137403,0.59695008102266
2.923,-4.698125,-5.71446222367698,1.12530574248,44.4585218471999,-5.69918322561501,1.10536470364056,-5053.26337370669,-0.0152789980619817,-6.31760201758965,1.05154752123993,-5764.17914322476,0.603139793912664
2.924,-4.638125,-5.64950392479414,1.17291354024,41.6591655335998,-5.63456773508647,1.15014141138802,-4799.1755200951,-0.0149361897076703,-6.25588026539081,1.10294807069967,-5724.65925317732,0.606376340596679
2.925,-4.57812500000003,-5.58112916910632,1.21672446799998,38.4713047400017,-5.56745568400222,1.19251110698524,-4486.38075804339,-0.0136734851040968,-6.19122617693042,1.15390536631932,-5632.36245736803,0.610097007824103
2.926,-4.51812499999999,-5.50961127315777,1.25704227536001,34.9260198247994,-5.49800034994539,1.23193741774342,-4131.48794860313,-0.0116109232123854,-6.12367903901262,1.20393454760931,-5498.79794769938,0.614067765854858
2.927,-4.45812499999999,-5.43809337720927,1.29736008272001,31.3807349095993,-5.42638134113201,1.26803760387306,-3816.31293229283,-0.0117120360772612,-6.05330286400204,1.25265739017935,-5365.98819545287,0.615209486792773
2.928,-4.39812500000002,-5.36169244597663,1.32921475407999,28.2236222184011,-5.35277861472662,1.30118222456415,-3472.43817855255,-0.0089138312500027,-5.98017224266268,1.30008286262274,-5128.61473981615,0.618479796686052
2.929,-4.33812500000002,-5.28484760244539,1.36030004943999,25.101797911201,-5.27736894503493,1.33111182335876,-3163.31211095691,-0.00747865741047648,-5.90438901008946,1.34525098979198,-4899.70362160965,0.619541407644064
2.93,-4.27812499999998,-5.20674286597557,1.38884479720001,22.1060264279992,-5.20032723809799,1.35815107145336,-2870.98003237623,-0.00641562787757116,-5.8260801720652,1.38824312407661,-4655.16781271661,0.619337306089622
2.931,-4.21812500000001,-5.12586636504108,1.41180034023999,19.3875711576007,-5.12181454423487,1.38245895359047,-2570.47804149964,-0.00405182080621776,-5.74537442522778,1.42891889111129,-4358.39430578235,0.619508060186706
2.932,-4.15812500000001,-5.04498986410653,1.43475588328,16.6691158872006,-5.04198939116989,1.4039645401942,-2307.26717960133,-0.00300047293665437,-5.66241815258622,1.46680129444326,-4091.72616784304,0.617428288479689
2.933,-4.09812500000001,-4.96206132097084,1.45269691592,14.2195347329604,-4.96100238570449,1.42301525320923,-2036.90512314367,-0.00105893526633764,-5.57736334346549,1.50217163318103,-3782.61818302322,0.615302022494649
2.934,-4.03812500000001,-4.87828781928172,1.46857315016,11.8806664500803,-4.87899595750082,1.43954910669968,-1784.87225613606,0.00070813821909556,-5.49036500248929,1.53464335443341,-3479.29570374756,0.612077183207564
2.935,-3.97812500000001,-4.79431489481917,1.4838149256,9.57859423600019,-4.79610936937613,1.45373863034075,-1560.49344462079,0.00179447455697118,-5.40158755466388,1.56427417770852,-3201.23785527311,0.607272659844708
2.936,-3.918125,-4.70862693450503,1.49360035536,7.59296821360011,-4.71246954891937,1.46584187515423,-1321.03998798593,0.00384261441433821,-5.31118698654459,1.59130094100159,-2875.89393069461,0.602560052039558
2.937,-3.858125,-4.62293897419088,1.50338578512,5.60734219120004,-4.62819991154492,1.47572338813721,-1114.23241568015,0.00526093735405323,-5.21932484689263,1.61529264870542,-2590.63781244863,0.596385872701757
2.938,-3.798125,-4.53671386621882,1.510585764,3.78436894844797,-4.54341905028721,1.48368695510985,-914.071490486259,0.00670518406839224,-5.12616433124883,1.63662281297446,-2300.95233649962,0.589450465030022
2.939,-3.738125,-4.44995161058885,1.515200292,2.12404848534391,-4.45823501839884,1.48979669804191,-720.289083386469,0.00828340780998739,-5.03185898403933,1.65525480911014,-2008.60511790456,0.581907373450475
2.94,-3.67812499999999,-4.36318935495887,1.51981482,0.463728022239843,-4.37275226872971,1.4941141727271,-554.412236221839,0.00956291377083873,-4.93656398063095,1.67116833124074,-1754.56018202049,0.573374625672074
2.941,-3.61812499999999,-4.27609926708787,1.52055599056,-0.930886723216181,-4.2870660562961,1.49689888833261,-378.980355566071,0.0109667892082104,-4.84042486242709,1.68471997400191,-1471.22005093036,0.564325595339221
2.942,-3.55812499999999,-4.18897105918885,1.52084677072,-2.29460545499223,-4.20126665199352,1.4980653143269,-225.987761026045,0.012295592804672,-4.74358457132872,1.69564388251077,-1219.52992780055,0.554613512139874
2.943,-3.49812499999999,-4.1019074717618,1.52010173904,-3.58020973256023,-4.11544079101644,1.49782240049114,-87.0855275958168,0.0135333192546389,-4.64618520704102,1.70423530982864,-984.972062693581,0.544277735279214
2.944,-3.43812499999999,-4.01500081976666,1.51684116432,-4.67610747848027,-4.02966544634453,1.49630196262426,52.8180569067434,0.0146646265778661,-4.54835579193205,1.71065548807519,-740.2207591934,0.53335497216539
2.945,-3.37812500000002,-3.92809416777157,1.5135805896,-5.77200522439966,-3.94401402190222,1.49349676845865,170.182635166335,0.0159198541306514,-4.4502233195858,1.71481400305325,-531.237693842358,0.522129151814225
2.946,-3.31812499999998,-3.84166836496804,1.50835795896,-6.70322554664028,-3.85855413136083,1.48961616822401,286.730816984196,0.0168857663927889,-4.35190784623705,1.71704342813187,-316.721244410323,0.510239481269013
2.947,-3.25812499999998,-3.75546112997895,1.50224348472,-7.55959249448031,-3.77334712802686,1.48466933964701,391.952214649693,0.017885998047914,-4.25352127331751,1.71729584626684,-118.284728668801,0.498060143338549
2.948,-3.19812500000001,-3.6693437868426,1.49594316728,-8.39827713543987,-3.68845106964542,1.47876214179578,480.566189240008,0.0191072828028153,-4.15517254915693,1.71572225720888,52.9545534166846,0.485828762314341
2.949,-3.13812500000001,-3.58421525408568,1.48759857464,-9.0424564007199,-3.60391656161609,1.47204885153498,573.568978013285,0.0197013075304144,-4.05695904705954,1.71257570581877,238.523254947555,0.47274379297386
2.95,-3.07812499999997,-3.49908672132871,1.479253982,-9.6866356660003,-3.51979091055636,1.46449034121738,649.288726358615,0.020704189227644,-3.95897459795231,1.70772679952923,393.740443032609,0.459887876623599
2.951,-3.018125,-3.41461475699794,1.47010556144,-10.2416185632,-3.43611795134864,1.456246924906,718.842564293108,0.0215031943507075,-3.86130866453179,1.70145741091406,541.120909317668,0.44669390753385
2.952,-2.958125,-3.33085645399983,1.46008341488,-10.6996488864,-3.35293527071204,1.44737639058089,783.681402455023,0.0220788167122167,-3.7640405059137,1.69384183956142,682.923811372304,0.433184051913872
2.953,-2.898125,-3.24709815100172,1.45006126832,-11.1576792096,-3.27027752932724,1.43792308827291,834.781023605672,0.023179378325528,-3.66724572288505,1.68493348564548,799.431780128852,0.420147571883345
2.954,-2.838125,-3.16472616889248,1.43899543184,-11.4742360272,-3.18817447034662,1.42801432206891,886.634364161074,0.0234483014541371,-3.5709916622781,1.67496706636554,922.039966826833,0.406265493385621
2.955,-2.778125,-3.08255223262451,1.4277804968,-11.770582344,-3.10665236835535,1.41764386371942,928.161242381136,0.0241001357308347,-3.47534050756708,1.66388809971787,1025.40648248366,0.392788274942574
2.956,-2.71812499999999,-3.00084709056203,1.41635655088,-12.0292869424,-3.02573493421527,1.40690743230075,961.937469184415,0.0248878436532327,-3.38035088227279,1.65187533352446,1115.1365331358,0.379503791710766
2.957,-2.65812500000003,-2.92040408674513,1.40436988336001,-12.1866484527999,-2.94544107762167,1.39587690106419,994.005584992314,0.0250369908765328,-3.28607265366874,1.63905567065264,1204.89013652952,0.365668566923616
2.958,-2.59812499999999,-2.83996108292814,1.39238321584,-12.3440099632,-2.86578718600286,1.38456844048561,1016.59917348554,0.0258261030747367,-3.19255202390706,1.62543014510706,1275.40711656665,0.352590940978925
2.959,-2.53812499999999,-2.76073079442985,1.38012335024,-12.4225871152,-2.78678667408394,1.37306964700679,1036.21807036947,0.0260558796540966,-3.0998300597184,1.61117698290973,1343.06782486973,0.339099265288543
2.96,-2.47812500000002,-2.68210686359095,1.3677268856,-12.461772088,-2.70844965467374,1.36140818280653,1050.68816994377,0.0263427910827884,-3.0079419413636,1.59632343459742,1401.22146669713,0.325835077772652
2.961,-2.41812500000002,-2.60359901170946,1.35532404344,-12.4947491632,-2.63078408387476,1.3496316689597,1058.49034443845,0.0271850721652968,-2.91691953608542,1.58095789578018,1445.24842058841,0.313320524375968
2.962,-2.35812499999998,-2.52683234418985,1.34282553848,-12.4346077744,-2.55379479103523,1.33780162870398,1064.86650961097,0.0269624468453846,-2.82678843280627,1.56521112557231,1490.84625303585,0.299956088616422
2.963,-2.29812500000001,-2.45006567667034,1.33032703352,-12.3744663856,-2.47748446477583,1.32593126429107,1065.47215351306,0.0274187881054892,-2.73757087156923,1.54906926279974,1522.94703686348,0.287505194898884
2.964,-2.23812500000001,-2.37414838827986,1.31790031016,-12.2765342416,-2.40185389282806,1.31407372701909,1062.25068365728,0.0277055045482153,-2.64928591467695,1.53265709270326,1548.66969347072,0.275137526397108
2.965,-2.17812500000001,-2.29923491158736,1.3055584196,-12.133940296,-2.32690133214411,1.30226420645257,1055.99893609858,0.0276664205567364,-2.56194735657254,1.51603371302964,1569.84351577778,0.262712444985167
2.966,-2.11812500000001,-2.22432143489487,1.29321652904,-11.9913463504,-2.25262323503979,1.29053050672046,1045.96399866125,0.0283018001449119,-2.47556609040131,1.49924130042928,1580.99448712912,0.251244655506435
2.967,-2.058125,-2.15095724689785,1.28119182432,-11.79106898,-2.1790142635683,1.27890731564736,1032.78406193408,0.0280570166704573,-2.39014915190234,1.48237232713203,1589.90986628685,0.239191905004487
2.968,-1.998125,-2.07785757160494,1.26922127328,-11.58094322,-2.1060672620591,1.26742339593831,1016.98438661476,0.0282096904541635,-2.30570033506681,1.46544747925514,1591.69748261507,0.227842763461875
2.969,-1.938125,-2.00519421513218,1.25738752224,-11.35719074,-2.03377356657521,1.25610263331775,998.519462005114,0.0285793514430256,-2.22222096019391,1.44853241882223,1587.35030879583,0.217026745061735
2.97,-1.878125,-1.93383981511986,1.2459641712,-11.0925581,-1.96212313369427,1.24496929518566,976.853316783491,0.0282833185744102,-2.13970885005013,1.43168357073214,1579.7765964294,0.205869034930265
2.971,-1.81812499999999,-1.86248541510754,1.23454082016,-10.82792546,-1.89110438939096,1.23405254226372,954.092452232727,0.0286189742834171,-2.05815936349939,1.41493051651035,1566.59443219717,0.195673948391843
2.972,-1.75812499999999,-1.79219860359628,1.2235625448,-10.53533350584,-1.82070464533928,1.22336211026267,927.977501564612,0.028506041742993,-1.97756553804413,1.39832470543355,1549.24218349816,0.185366934447841
2.973,-1.69812499999999,-1.72249724384368,1.2128283432,-10.22740902456,-1.75091006035033,1.21292850597737,900.26268804795,0.0284128165066584,-1.89791784474189,1.38190427405194,1528.1975872617,0.175420600898197
2.974,-1.63812499999999,-1.65286012586085,1.2021275536,-9.91807710183993,-1.68170550902341,1.20276605006306,872.450163159251,0.0288453831625533,-1.81920469719289,1.36570290462435,1503.74831825728,0.166344571332031
2.975,-1.57812499999999,-1.58470056858301,1.19219524,-9.57637402599992,-1.61307544198849,1.1928752211844,839.535134251587,0.0283748734054864,-1.74141265646144,1.34975158059422,1474.75246673393,0.156712087878437
2.976,-1.51812499999998,-1.51654101130516,1.1822629264,-9.23467095015991,-1.54500296340528,1.18330254135645,807.789442896316,0.0284619521001067,-1.66452620880471,1.33409174295034,1443.86744203041,0.147985197499533
2.977,-1.45812500000002,-1.44900077483389,1.17271992256,-8.8816626604001,-1.47747016699436,1.1740367595427,774.026050431969,0.0284693921604842,-1.5885281683146,1.31874032028209,1409.60361158653,0.139527393480723
2.978,-1.39812499999998,-1.38225680797092,1.16367745984,-8.51411909559987,-1.41045895063586,1.16509596290143,737.790065327955,0.0282021426649385,-1.5133999872896,1.30372791955906,1372.07110257329,0.131143179318688
2.979,-1.33812499999998,-1.315512841108,1.15463499712,-8.14657553079986,-1.34395005680375,1.15650239555792,703.62704356647,0.0284372156957542,-1.43912139476225,1.28908408714007,1334.36597418143,0.123608553654252
2.98,-1.27812500000001,-1.24983370851513,1.1463901536,-7.76291781560006,-1.27792415249463,1.14823644804399,664.170946703794,0.0280904439794832,-1.36567124419459,1.27480983984253,1291.23426173878,0.115837535679446
2.981,-1.21812500000001,-1.18436754277624,1.13830483392,-7.37603727032005,-1.2123610859767,1.14034630883985,626.128407764595,0.0279935432004468,-1.29302694609646,1.26095452938278,1248.01921669044,0.108659403320219
2.982,-1.15812499999997,-1.11916061646705,1.13045040072,-6.9859216751998,-1.14723971426554,1.13281839070971,588.574860250293,0.0280790977985046,-1.22116449379455,1.24751827306868,1204.04958894633,0.102003877327512
2.983,-1.098125,-1.0548256773307,1.12337258568,-6.58492454880002,-1.08253942858538,1.12564763348981,546.165038233511,0.0277137512546881,-1.15005969698444,1.23450736352712,1155.02906737263,0.0952340196537448
2.984,-1.038125,-0.990490738194319,1.11629477064,-6.18392742240001,-1.01823850106035,1.11887816130615,507.509632836547,0.0277477628660353,-1.0796868727619,1.22196760969383,1108.44356927906,0.0891961345675852
2.985,-0.978124999999999,-0.926767150067369,1.1098696188,-5.77666796639999,-0.954314947086494,1.11247481153403,465.108761067464,0.0275477970191348,-1.01001968859088,1.20987587906143,1057.7088558637,0.0832525385235077
2.986,-0.918124999999996,-0.863410372546079,1.10383606488,-5.36565111263998,-0.890746818494916,1.10647147497433,422.526411221078,0.0273364459488274,-0.941031400957339,1.19826964997494,1006.21294793995,0.0776210284112618
2.987,-0.858124999999994,-0.800070686630837,1.09782481008,-4.95449090831996,-0.827511166148605,1.10086920120489,383.93389082878,0.0274404795177797,-0.872694013609203,1.18715517289643,957.859654204207,0.07262332697836
2.988,-0.798124999999992,-0.737534306199875,1.09286161392,-4.53659322767994,-0.764586080213031,1.0956306621474,336.794264857147,0.0270517740131631,-0.804980201336953,1.17650277355976,900.998145011542,0.0674458951370853
2.989,-0.738125000000025,-0.67499792576895,1.08789841776,-4.11869554704017,-0.701948483695544,1.09083392738438,294.929608185851,0.0269505579265911,-0.737861267124132,1.16639001132664,848.751729285938,0.0628633413551878
2.99,-0.678124999999987,-0.612736278692389,1.083388668,-3.69891032399991,-0.639574472966676,1.08642978240163,251.919782583012,0.0268381942742991,-0.671307532361144,1.15677359089965,795.048310192399,0.0585712536687464
2.991,-0.618124999999985,-0.550859258312079,1.0795137432,-3.27648254159989,-0.577441269900192,1.08242815423914,205.793946261972,0.0265820115881036,-0.605290196788316,1.14766614737999,738.089828767952,0.0544309384762267
2.992,-0.558125000000018,-0.488982237931806,1.0756388184,-2.85405475920013,-0.515525008596946,1.07885708629446,165.283063318939,0.0265427706651306,-0.539779262871582,1.13909683842689,686.384743716973,0.0507970249397656
2.993,-0.498125000000016,-0.427508297348157,1.07265770496,-2.42935619088011,-0.453802518772727,1.07566425362817,117.423184549629,0.0262942214245689,-0.474745306255143,1.13101649868513,627.315980315233,0.0472370089069911
2.994,-0.438124999999978,-0.366127375179086,1.06988285568,-2.00413359503984,-0.392250209032022,1.07291668073719,72.9475377728932,0.0261228338529238,-0.410158392003799,1.12349211609327,571.473863157135,0.0440310168247096
2.995,-0.378125000000011,-0.30481549809133,1.0673387048,-1.57859844120008,-0.330843479590502,1.07058254253454,30.9375253271074,0.0260279814991635,-0.345987541222894,1.11649314377227,517.986151733084,0.0411720431315536
2.996,-0.318125000000009,-0.243765992312262,1.06567120784,-1.15187556696006,-0.269559310587699,1.0686385143606,-18.3366698536717,0.0257933182754396,-0.282203293980386,1.10999710680348,457.280748690088,0.0384373016681313
2.997,-0.258125000000007,-0.182716486533194,1.06400371088,-0.725152692720049,-0.208373453135699,1.06715082202599,-60.672635685171,0.0256569666024974,-0.218774954236652,1.10406962839999,403.469184202753,0.0360584677034494
2.998,-0.198125000000005,-0.121767211900657,1.0630075964,-0.298145473480032,-0.147261610023902,1.06605492650016,-107.545512768074,0.0254943981232531,-0.155671788176026,1.0986464039813,345.159442909493,0.0339045762753799
2.999,-0.138125000000002,-0.0608836059503283,1.0624513532,0.129048040759984,-0.0862001545951868,1.06539196008155,-154.44079871895,0.0253165486448695,-0.0928637410222738,1.09376803518037,286.894654870101,0.0319801350719391
3,-0.078125,0,1.06189511,0.556241555,-0.0251642951566691,1.06516145789163,-194.254007008354,0.0251642951566811,-0.0303196308898525,1.08943326390103,235.793641866269,0.0303196308898522
